run_id,device_id,sample_index,timestamp_utc,elapsed_ms,phase,app_alive,game_alive,app_pid_count,game_pid_count,cpu_system_busy_pct,cpu_app_total_capacity_pct,cpu_game_total_capacity_pct,load_1m,app_rss_kib,game_rss_kib,app_pss_kib,game_pss_kib,graphics_pss_kib,swap_pss_kib,mem_total_kib,mem_available_kib,ion_heap_kib,gpu_memory_kib,gpu_busy_pct,gpu_freq_hz,fps_presented,frame_count_delta,fps_source,battery_pct,battery_temp_c,thermal_max_c,thermal_status,data_free_kib,screen_on,metric_status
RUN-20260919-004,pixel-9a,0,2026-09-19T14:39:25.696Z,1213,startup,true,false,1,0,,,,2.250,167900,,196218,,112352,152,7752852,1329116,816212,450284,,,,,,84.000,31.200,,0,16672872,true,partial:gpu_util_N/R|fps_N/R
RUN-20260919-004,pixel-9a,1,2026-09-19T14:39:26.217Z,2325,startup,true,false,1,0,58.796,23.495,,2.250,373536,,196218,,112352,152,7752852,1201952,762880,452448,,,,,,84.000,31.200,,0,16672872,true,partial:gpu_util_N/R|fps_N/R
RUN-20260919-004,pixel-9a,2,2026-09-19T14:39:26.868Z,2846,startup,true,false,1,0,56.744,17.907,,2.250,227704,,196218,,112352,152,7752852,1345388,762880,444292,,,,,,84.000,31.200,,0,16672872,true,partial:gpu_util_N/R|fps_N/R
RUN-20260919-004,pixel-9a,3,2026-09-19T14:39:27.557Z,3497,startup,true,false,1,0,53.191,16.489,,2.250,423000,,196218,,112352,152,7752852,1399680,762880,444820,,,,,,84.000,31.200,,0,16672872,true,partial:gpu_util_N/R|fps_N/R
RUN-20260919-004,pixel-9a,4,2026-09-19T14:39:28.115Z,4186,startup,true,false,1,0,60.583,16.311,,2.250,230576,,196218,,112352,152,7752852,1402196,657000,448496,,,,,,84.000,31.200,,0,16672872,true,partial:gpu_util_N/R|fps_N/R
RUN-20260919-004,pixel-9a,5,2026-09-19T14:39:29.394Z,5000,startup,true,false,1,0,45.306,9.985,,2.150,243588,,140816,,68892,79,7752852,1528880,657264,440304,,,,,,84.000,31.200,,0,16672872,true,partial:gpu_util_N/R|fps_N/R
RUN-20260919-004,pixel-9a,6,2026-09-19T14:39:29.905Z,6023,startup,true,false,1,0,41.551,10.665,,2.150,191272,,140816,,68892,79,7752852,1521104,657264,440304,,,,,,84.000,31.200,,0,16672872,true,partial:gpu_util_N/R|fps_N/R
RUN-20260919-004,pixel-9a,7,2026-09-19T14:39:31.011Z,7000,startup,true,false,1,0,35.688,14.250,,2.150,188628,,140816,,68892,79,7752852,1531132,657264,440304,,,,,,84.000,31.200,,0,16672872,true,partial:gpu_util_N/R|fps_N/R
RUN-20260919-004,pixel-9a,8,2026-09-19T14:39:32.046Z,8000,startup,true,false,1,0,35.323,14.373,,2.150,187808,,140816,,68892,79,7752852,1523152,657264,440304,,,,,,84.000,31.200,,0,16672872,true,partial:gpu_util_N/R|fps_N/R
RUN-20260919-004,pixel-9a,9,2026-09-19T14:39:33.064Z,9000,startup,true,false,1,0,34.943,14.485,,2.150,188348,,140816,,68892,79,7752852,1528992,657264,440304,,,,,,84.000,31.200,,0,16672872,true,partial:gpu_util_N/R|fps_N/R
RUN-20260919-004,pixel-9a,10,2026-09-19T14:39:34.898Z,10000,startup,true,false,1,0,37.037,13.951,,2.460,188348,,136520,,68892,1127,7752852,1526764,657264,440304,,,,,,84.000,31.400,,0,15924728,true,partial:gpu_util_N/R|fps_N/R
RUN-20260919-004,pixel-9a,11,2026-09-19T14:39:35.579Z,11527,startup,true,false,1,0,39.177,13.992,,2.460,187608,,136520,,68892,1127,7752852,1510104,657264,440304,,,,,,84.000,31.400,,0,15924728,true,partial:gpu_util_N/R|fps_N/R
RUN-20260919-004,pixel-9a,12,2026-09-19T14:39:36.272Z,12208,startup,true,false,1,0,39.469,14.042,,2.460,187564,,136520,,68892,1127,7752852,1512696,657264,440304,,,,,,84.000,31.400,,0,15924728,true,partial:gpu_util_N/R|fps_N/R
RUN-20260919-004,pixel-9a,13,2026-09-19T14:39:37.086Z,13000,startup,true,false,1,0,38.685,13.609,,2.460,187564,,136520,,68892,1127,7752852,1511392,657264,440304,,,,,,84.000,31.400,,0,15924728,true,partial:gpu_util_N/R|fps_N/R
RUN-20260919-004,pixel-9a,14,2026-09-19T14:39:38.033Z,14000,startup,true,false,1,0,35.979,13.360,,2.460,187564,,136520,,68892,1127,7752852,1519028,657264,440304,,,,,,84.000,31.400,,0,15924728,true,partial:gpu_util_N/R|fps_N/R
RUN-20260919-004,pixel-9a,15,2026-09-19T14:39:39.142Z,15000,startup,true,false,1,0,47.564,13.718,,2.820,187564,,135876,,68892,1127,7752852,1498092,657264,440304,,,,,,84.000,31.400,,0,15924728,true,partial:gpu_util_N/R|fps_N/R
RUN-20260919-004,pixel-9a,16,2026-09-19T14:39:40.039Z,16000,startup,true,false,1,0,45.264,14.637,,2.820,187564,,135876,,68892,1127,7752852,1494796,657264,440304,,,,,,84.000,31.400,,0,15924728,true,partial:gpu_util_N/R|fps_N/R
RUN-20260919-004,pixel-9a,17,2026-09-19T14:39:41.107Z,17000,startup,true,false,1,0,33.537,14.565,,2.820,187532,,135876,,68892,1127,7752852,1496020,657264,440304,,,,,,84.000,31.400,,0,15924728,true,partial:gpu_util_N/R|fps_N/R
RUN-20260919-004,pixel-9a,18,2026-09-19T14:39:42.043Z,18000,startup,true,false,1,0,34.683,13.495,,2.820,187532,,135876,,68892,1127,7752852,1489516,657264,440304,,,,,,84.000,31.400,,0,15924728,true,partial:gpu_util_N/R|fps_N/R
RUN-20260919-004,pixel-9a,19,2026-09-19T14:39:43.019Z,19000,startup,true,false,1,0,34.500,13.875,,2.820,187464,,135876,,68892,1127,7752852,1496120,657264,440304,,,,,,84.000,31.400,,0,15924728,true,partial:gpu_util_N/R|fps_N/R
RUN-20260919-004,pixel-9a,20,2026-09-19T14:39:44.985Z,20000,startup,true,false,1,0,40.323,14.144,,3.080,187464,,135652,,68808,1127,7752852,1496272,657264,440304,,,,,,84.000,31.400,,0,15924728,true,partial:gpu_util_N/R|fps_N/R
RUN-20260919-004,pixel-9a,21,2026-09-19T14:39:45.586Z,21614,startup,true,false,1,0,39.537,14.058,,3.080,187416,,135652,,68808,1127,7752852,1481600,657264,440304,,,,,,84.000,31.400,,0,15924728,true,partial:gpu_util_N/R|fps_N/R
RUN-20260919-004,pixel-9a,22,2026-09-19T14:39:46.315Z,22215,startup,true,false,1,0,41.004,15.690,,3.080,187368,,135652,,68808,1127,7752852,1547976,657264,440304,,,,,,84.000,31.400,,0,15924728,true,partial:gpu_util_N/R|fps_N/R
RUN-20260919-004,pixel-9a,23,2026-09-19T14:39:47.055Z,23000,startup,true,false,1,0,40.952,13.651,,3.080,187368,,135652,,68808,1127,7752852,1548276,657264,440304,,,,,,84.000,31.400,,0,15924728,true,partial:gpu_util_N/R|fps_N/R
RUN-20260919-004,pixel-9a,24,2026-09-19T14:39:48.063Z,24000,startup,true,false,1,0,33.926,13.977,,3.080,187368,,135652,,68808,1127,7752852,1555092,657264,440304,,,,,,84.000,31.400,,0,15924728,true,partial:gpu_util_N/R|fps_N/R
RUN-20260919-004,pixel-9a,25,2026-09-19T14:39:49.266Z,25000,startup,true,false,1,0,35.375,14.125,,3.230,187368,,135694,,68808,1127,7752852,1558568,657264,440304,,,,,,84.000,31.400,,0,15924728,true,partial:gpu_util_N/R|fps_N/R
RUN-20260919-004,pixel-9a,26,2026-09-19T14:39:50.038Z,26000,startup,true,false,1,0,36.891,15.020,,3.230,187392,,135694,,68808,1127,7752852,1555736,657264,440304,,,,,,84.000,31.400,,0,15924728,true,partial:gpu_util_N/R|fps_N/R
RUN-20260919-004,pixel-9a,27,2026-09-19T14:39:51.034Z,27000,startup,true,false,1,0,34.949,14.796,,3.230,187364,,135694,,68808,1127,7752852,1549152,657264,440304,,,,,,84.000,31.400,,0,15924728,true,partial:gpu_util_N/R|fps_N/R
RUN-20260919-004,pixel-9a,28,2026-09-19T14:39:52.057Z,28000,startup,true,false,1,0,33.291,14.104,,3.230,187348,,135694,,68808,1127,7752852,1550052,657264,440304,,,,,,84.000,31.400,,0,15924728,true,partial:gpu_util_N/R|fps_N/R
RUN-20260919-004,pixel-9a,29,2026-09-19T14:39:53.059Z,29000,startup,true,false,1,0,39.109,12.995,,3.230,187348,,135694,,68808,1127,7752852,1558008,657264,440304,,,,,,84.000,31.400,,0,15924728,true,partial:gpu_util_N/R|fps_N/R
RUN-20260919-004,pixel-9a,30,2026-09-19T14:39:54.908Z,30000,startup,true,false,1,0,33.852,13.878,,3.370,187348,,135699,,68808,1127,7752852,1554416,657264,440304,,,,,,84.000,31.500,,0,15924720,true,partial:gpu_util_N/R|fps_N/R
RUN-20260919-004,pixel-9a,31,2026-09-19T14:39:55.612Z,31538,startup,true,false,1,0,38.920,13.940,,3.370,187248,,135699,,68808,1127,7752852,1543072,657264,440304,,,,,,84.000,31.500,,0,15924720,true,partial:gpu_util_N/R|fps_N/R
RUN-20260919-004,pixel-9a,32,2026-09-19T14:39:56.294Z,32241,startup,true,false,1,0,37.591,14.051,,3.370,187224,,135699,,68808,1127,7752852,1542220,657264,440304,,,,,,84.000,31.500,,0,15924720,true,partial:gpu_util_N/R|fps_N/R
RUN-20260919-004,pixel-9a,33,2026-09-19T14:39:57.093Z,33000,startup,true,false,1,0,37.500,13.980,,3.370,187224,,135699,,68808,1127,7752852,1541944,657264,440304,,,,,,84.000,31.500,,0,15924720,true,partial:gpu_util_N/R|fps_N/R
RUN-20260919-004,pixel-9a,34,2026-09-19T14:39:57.972Z,34000,startup,true,false,1,0,33.869,12.048,,3.370,185636,,135699,,68808,1127,7752852,1532912,657264,440304,,,,,,84.000,31.500,,0,15924720,true,partial:gpu_util_N/R|fps_N/R
RUN-20260919-004,pixel-9a,35,2026-09-19T14:39:59.090Z,35000,startup,true,false,1,0,33.673,9.566,,3.420,185628,,134195,,66288,1127,7752852,1541900,657264,440304,,,,,,84.000,31.500,,0,15924720,true,partial:gpu_util_N/R|fps_N/R
RUN-20260919-004,pixel-9a,36,2026-09-19T14:39:59.946Z,36000,startup,true,false,1,0,36.697,10.485,,3.420,185000,,134195,,66288,1127,7752852,1536848,657264,440304,,,,,,84.000,31.500,,0,15924720,true,partial:gpu_util_N/R|fps_N/R
RUN-20260919-004,pixel-9a,37,2026-09-19T14:40:01.019Z,37000,startup,true,false,1,0,33.373,9.316,,3.420,185008,,134195,,66288,1127,7752852,1537948,657264,440304,,,,,,84.000,31.500,,0,15924720,true,partial:gpu_util_N/R|fps_N/R
RUN-20260919-004,pixel-9a,38,2026-09-19T14:40:01.963Z,38000,startup,true,false,1,0,33.376,8.926,,3.420,185008,,134195,,66288,1127,7752852,1530980,657264,440304,,,,,,84.000,31.500,,0,15924720,true,partial:gpu_util_N/R|fps_N/R
RUN-20260919-004,pixel-9a,39,2026-09-19T14:40:02.927Z,39000,startup,true,false,1,0,32.418,9.673,,3.420,185264,,134195,,66288,1127,7752852,1534640,657264,440304,,,,,,84.000,31.500,,0,15924720,true,partial:gpu_util_N/R|fps_N/R
RUN-20260919-004,pixel-9a,40,2026-09-19T14:40:04.820Z,40000,startup,true,false,1,0,32.950,10.473,,3.470,190256,,138064,,66288,1126,7752852,1526392,657264,440304,,,,,,84.000,31.700,,0,14878828,true,partial:gpu_util_N/R|fps_N/R
RUN-20260919-004,pixel-9a,41,2026-09-19T14:40:05.477Z,41450,startup,true,false,1,0,39.575,13.982,,3.470,187468,,138064,,66288,1126,7752852,1512092,657264,440304,,,,,,84.000,31.700,,0,14878828,true,partial:gpu_util_N/R|fps_N/R
RUN-20260919-004,pixel-9a,42,2026-09-19T14:40:06.097Z,42106,startup,true,false,1,0,38.095,8.874,,3.470,187436,,138064,,66288,1126,7752852,1514616,657264,440304,,,,,,84.000,31.700,,0,14878828,true,partial:gpu_util_N/R|fps_N/R
RUN-20260919-004,pixel-9a,43,2026-09-19T14:40:06.975Z,43000,startup,true,false,1,0,34.807,9.669,,3.470,187428,,138064,,66288,1126,7752852,1506456,657264,440304,,,,,,84.000,31.700,,0,14878828,true,partial:gpu_util_N/R|fps_N/R
RUN-20260919-004,pixel-9a,44,2026-09-19T14:40:07.956Z,44000,startup,true,false,1,0,33.580,9.753,,3.470,187396,,138064,,66288,1126,7752852,1506436,657264,440304,,,,,,84.000,31.700,,0,14878828,true,partial:gpu_util_N/R|fps_N/R
RUN-20260919-004,pixel-9a,45,2026-09-19T14:40:08.979Z,45000,startup,true,false,1,0,32.775,9.623,,3.430,190744,,134685,,64996,1126,7752852,1449360,664496,440304,,,,,,84.000,31.700,,0,14878828,true,partial:gpu_util_N/R|fps_N/R
RUN-20260919-004,pixel-9a,46,2026-09-19T14:40:10.008Z,46000,startup,true,false,1,0,47.971,9.308,,3.430,190032,,134685,,64996,1126,7752852,1440896,653048,440316,,,,,,84.000,31.700,,0,14878828,true,partial:gpu_util_N/R|fps_N/R
RUN-20260919-004,pixel-9a,47,2026-09-19T14:40:11.090Z,47000,startup,true,false,1,0,34.624,8.920,,3.430,189968,,134685,,64996,1126,7752852,1442956,653048,440316,,,,,,84.000,31.700,,0,14878828,true,partial:gpu_util_N/R|fps_N/R
RUN-20260919-004,pixel-9a,48,2026-09-19T14:40:11.984Z,48000,startup,true,false,1,0,34.129,10.253,,3.430,189968,,134685,,64996,1126,7752852,1439940,653048,440316,,,,,,84.000,31.700,,0,14878828,true,partial:gpu_util_N/R|fps_N/R
RUN-20260919-004,pixel-9a,49,2026-09-19T14:40:13.031Z,49000,startup,true,false,1,0,34.963,9.413,,3.430,189968,,134685,,64996,1126,7752852,1437684,653048,440316,,,,,,84.000,31.700,,0,14878828,true,partial:gpu_util_N/R|fps_N/R
RUN-20260919-004,pixel-9a,50,2026-09-19T14:40:14.994Z,50000,startup,true,false,1,0,32.818,13.317,,3.480,190788,,134619,,64996,1126,7752852,1441788,653048,440316,,,,,,84.000,32.000,,0,13635648,true,partial:gpu_util_N/R|fps_N/R
RUN-20260919-004,pixel-9a,51,2026-09-19T14:40:15.684Z,51623,startup,true,false,1,0,38.880,12.855,,3.480,190324,,134619,,64996,1126,7752852,1429028,653048,440316,,,,,,84.000,32.000,,0,13635648,true,partial:gpu_util_N/R|fps_N/R
RUN-20260919-004,pixel-9a,52,2026-09-19T14:40:16.406Z,52314,startup,true,false,1,0,37.361,9.480,,3.480,190284,,134619,,64996,1126,7752852,1435024,653048,440316,,,,,,84.000,32.000,,0,13635648,true,partial:gpu_util_N/R|fps_N/R
RUN-20260919-004,pixel-9a,53,2026-09-19T14:40:17.072Z,53035,startup,true,false,1,0,38.505,10.093,,3.480,190284,,134619,,64996,1126,7752852,1432928,653048,440316,,,,,,84.000,32.000,,0,13635648,true,partial:gpu_util_N/R|fps_N/R
RUN-20260919-004,pixel-9a,54,2026-09-19T14:40:18.008Z,54000,startup,true,false,1,0,33.988,8.589,,3.480,190284,,134619,,64996,1126,7752852,1432372,653048,440316,,,,,,84.000,32.000,,0,13635648,true,partial:gpu_util_N/R|fps_N/R
RUN-20260919-004,pixel-9a,55,2026-09-19T14:40:19.131Z,55000,startup,true,false,1,0,32.667,9.733,,3.360,190284,,134208,,64996,1126,7752852,1428392,653048,440316,,,,,,84.000,32.000,,0,13635648,true,partial:gpu_util_N/R|fps_N/R
RUN-20260919-004,pixel-9a,56,2026-09-19T14:40:19.852Z,56000,startup,true,false,1,0,35.135,9.459,,3.360,189904,,134208,,64996,1126,7752852,1461404,653048,440316,,,,,,84.000,32.000,,0,13635648,true,partial:gpu_util_N/R|fps_N/R
RUN-20260919-004,pixel-9a,57,2026-09-19T14:40:21.031Z,57000,startup,true,false,1,0,34.749,8.824,,3.360,189924,,134208,,64996,1126,7752852,1465720,653048,440316,,,,,,84.000,32.000,,0,13635648,true,partial:gpu_util_N/R|fps_N/R
RUN-20260919-004,pixel-9a,58,2026-09-19T14:40:21.956Z,58000,startup,true,false,1,0,35.675,10.468,,3.360,189908,,134208,,64996,1126,7752852,1467732,653048,440316,,,,,,84.000,32.000,,0,13635648,true,partial:gpu_util_N/R|fps_N/R
RUN-20260919-004,pixel-9a,59,2026-09-19T14:40:23.039Z,59000,startup,true,false,1,0,36.034,12.938,,3.360,190868,,134208,,64996,1126,7752852,1461984,653048,440316,,,,,,84.000,32.000,,0,13635648,true,partial:gpu_util_N/R|fps_N/R
RUN-20260919-004,pixel-9a,60,2026-09-19T14:40:24.892Z,60000,startup,true,false,1,0,43.056,12.626,,3.570,190868,,134612,,64996,1126,7752852,1443796,663396,440316,,,,,,84.000,32.300,,0,12387068,true,partial:gpu_util_N/R|fps_N/R
RUN-20260919-004,pixel-9a,61,2026-09-19T14:40:25.552Z,61521,startup,true,false,1,0,41.480,10.224,,3.570,190440,,134612,,64996,1126,7752852,1454920,653048,440316,,,,,,84.000,32.300,,0,12387068,true,partial:gpu_util_N/R|fps_N/R
RUN-20260919-004,pixel-9a,62,2026-09-19T14:40:26.270Z,62181,startup,true,false,1,0,37.356,7.280,,3.570,189912,,134612,,64996,1126,7752852,1456352,653048,440316,,,,,,84.000,32.300,,0,12387068,true,partial:gpu_util_N/R|fps_N/R
RUN-20260919-004,pixel-9a,63,2026-09-19T14:40:26.890Z,63000,startup,true,false,1,0,43.106,8.726,,3.570,186584,,134612,,64996,1126,7752852,1551116,653048,438260,,,,,,84.000,32.300,,0,12387068,true,partial:gpu_util_N/R|fps_N/R
RUN-20260919-004,pixel-9a,64,2026-09-19T14:40:27.984Z,64000,startup,true,false,1,0,32.479,9.768,,3.570,185512,,134612,,64996,1126,7752852,1559376,653048,438260,,,,,,84.000,32.300,,0,12387068,true,partial:gpu_util_N/R|fps_N/R
RUN-20260919-004,pixel-9a,65,2026-09-19T14:40:29.169Z,65000,startup,true,false,1,0,32.564,8.846,,3.610,185504,,131786,,64996,2266,7752852,1555464,653048,438260,,,,,,84.000,32.300,,0,12387068,true,partial:gpu_util_N/R|fps_N/R
RUN-20260919-004,pixel-9a,66,2026-09-19T14:40:29.953Z,66000,startup,true,false,1,0,36.248,10.520,,3.610,185212,,131786,,64996,2266,7752852,1561916,653048,424912,,,,,,84.000,32.300,,0,12387068,true,partial:gpu_util_N/R|fps_N/R
RUN-20260919-004,pixel-9a,67,2026-09-19T14:40:30.892Z,67000,startup,true,false,1,0,30.676,8.514,,3.610,185048,,131786,,64996,2266,7752852,1560268,653048,424912,,,,,,84.000,32.300,,0,12387068,true,partial:gpu_util_N/R|fps_N/R
RUN-20260919-004,pixel-9a,68,2026-09-19T14:40:31.987Z,68000,startup,true,false,1,0,30.559,11.058,,3.610,186640,,131786,,64996,2266,7752852,1557396,653048,424912,,,,,,84.000,32.300,,0,12387068,true,partial:gpu_util_N/R|fps_N/R
RUN-20260919-004,pixel-9a,69,2026-09-19T14:40:33.050Z,69000,startup,true,false,1,0,32.683,13.293,,3.610,186808,,131786,,64996,2266,7752852,1566752,653048,424912,,,,,,84.000,32.300,,0,12387068,true,partial:gpu_util_N/R|fps_N/R
RUN-20260919-004,pixel-9a,70,2026-09-19T14:40:34.790Z,70000,startup,true,false,1,0,32.982,10.554,,3.720,187528,,133802,,64996,2266,7752852,1562604,653048,424912,,,,,,84.000,32.300,,0,11092312,true,partial:gpu_util_N/R|fps_N/R
RUN-20260919-004,pixel-9a,71,2026-09-19T14:40:35.414Z,71420,startup,true,false,1,0,37.760,10.243,,3.720,185108,,133802,,64996,2266,7752852,1553656,653048,424912,,,,,,84.000,32.300,,0,11092312,true,partial:gpu_util_N/R|fps_N/R
RUN-20260919-004,pixel-9a,72,2026-09-19T14:40:36.080Z,72043,startup,true,false,1,0,34.387,8.498,,3.720,185108,,133802,,64996,2266,7752852,1554416,653048,424912,,,,,,84.000,32.300,,0,11092312,true,partial:gpu_util_N/R|fps_N/R
RUN-20260919-004,pixel-9a,73,2026-09-19T14:40:37.033Z,73000,startup,true,false,1,0,37.047,9.326,,3.720,183688,,133802,,64996,2266,7752852,1553960,653048,424912,,,,,,84.000,32.300,,0,11092312,true,partial:gpu_util_N/R|fps_N/R
RUN-20260919-004,pixel-9a,74,2026-09-19T14:40:37.990Z,74000,startup,true,false,1,0,34.065,9.935,,3.720,184192,,133802,,64996,2266,7752852,1554516,653048,424912,,,,,,84.000,32.300,,0,11092312,true,partial:gpu_util_N/R|fps_N/R
RUN-20260919-004,pixel-9a,75,2026-09-19T14:40:39.329Z,75000,startup,true,false,1,0,33.948,9.963,,3.820,184464,,130797,,62808,2266,7752852,1553744,653048,424912,,,,,,84.000,32.300,,0,11092312,true,partial:gpu_util_N/R|fps_N/R
RUN-20260919-004,pixel-9a,76,2026-09-19T14:40:40.014Z,76000,startup,true,false,1,0,35.139,10.327,,3.820,182828,,130797,,62808,2266,7752852,1553076,653048,424912,,,,,,84.000,32.300,,0,11092312,true,partial:gpu_util_N/R|fps_N/R
RUN-20260919-004,pixel-9a,77,2026-09-19T14:40:40.908Z,77000,startup,true,false,1,0,32.119,11.066,,3.820,187372,,130797,,62808,2266,7752852,1555524,653048,424912,,,,,,84.000,32.300,,0,11092312,true,partial:gpu_util_N/R|fps_N/R
RUN-20260919-004,pixel-9a,78,2026-09-19T14:40:42.099Z,78000,startup,true,false,1,0,31.087,13.121,,3.820,187596,,130797,,62808,2266,7752852,1550540,653048,424912,,,,,,84.000,32.300,,0,11092312,true,partial:gpu_util_N/R|fps_N/R
RUN-20260919-004,pixel-9a,79,2026-09-19T14:40:43.018Z,79000,startup,true,false,1,0,34.514,15.486,,3.820,197804,,130797,,62808,2266,7752852,1538996,653048,424912,,,,,,84.000,32.300,,0,11092312,true,partial:gpu_util_N/R|fps_N/R
RUN-20260919-004,pixel-9a,80,2026-09-19T14:40:44.869Z,80000,startup,true,false,1,0,36.804,14.407,,4.080,197764,,144213,,62808,2266,7752852,1544944,653048,424912,,,,,,84.000,32.600,,0,10196604,true,partial:gpu_util_N/R|fps_N/R
RUN-20260919-004,pixel-9a,81,2026-09-19T14:40:45.596Z,81498,startup,true,false,1,0,39.094,14.262,,4.080,183804,,144213,,62808,2266,7752852,1551012,653048,424912,,,,,,84.000,32.600,,0,10196604,true,partial:gpu_util_N/R|fps_N/R
RUN-20260919-004,pixel-9a,82,2026-09-19T14:40:46.287Z,82225,startup,true,false,1,0,38.272,12.698,,4.080,183768,,144213,,62808,2266,7752852,1580332,653048,424912,,,,,,84.000,32.600,,0,10196604,true,partial:gpu_util_N/R|fps_N/R
RUN-20260919-004,pixel-9a,83,2026-09-19T14:40:47.103Z,83000,startup,true,false,1,0,38.907,15.113,,4.080,183768,,144213,,62808,2266,7752852,1583136,653048,424912,,,,,,84.000,32.600,,0,10196604,true,partial:gpu_util_N/R|fps_N/R
RUN-20260919-004,pixel-9a,84,2026-09-19T14:40:48.070Z,84000,startup,true,false,1,0,34.620,14.028,,4.080,183752,,144213,,62808,2266,7752852,1577732,653676,424912,,,,,,84.000,32.600,,0,10196604,true,partial:gpu_util_N/R|fps_N/R
RUN-20260919-004,pixel-9a,85,2026-09-19T14:40:49.248Z,85000,startup,true,false,1,0,35.651,14.033,,4.070,183752,,129761,,62808,2266,7752852,1582636,653676,424912,,,,,,84.000,32.600,,0,10196604,true,partial:gpu_util_N/R|fps_N/R
RUN-20260919-004,pixel-9a,86,2026-09-19T14:40:50.062Z,86000,startup,true,false,1,0,38.270,15.072,,4.070,183516,,129761,,62808,2266,7752852,1582620,653676,424912,,,,,,84.000,32.600,,0,10196604,true,partial:gpu_util_N/R|fps_N/R
RUN-20260919-004,pixel-9a,87,2026-09-19T14:40:51.029Z,87000,startup,true,false,1,0,33.375,13.551,,4.070,183488,,129761,,62808,2266,7752852,1580784,653676,424912,,,,,,84.000,32.600,,0,10196604,true,partial:gpu_util_N/R|fps_N/R
RUN-20260919-004,pixel-9a,88,2026-09-19T14:40:52.083Z,88000,startup,true,false,1,0,34.689,13.850,,4.070,186784,,129761,,62808,2266,7752852,1489700,727232,428588,,,,,,84.000,32.600,,0,10196604,true,partial:gpu_util_N/R|fps_N/R
RUN-20260919-004,pixel-9a,89,2026-09-19T14:40:52.952Z,89000,startup,true,false,1,0,40.000,15.065,,4.070,221748,,129761,,62808,2266,7752852,1472560,699168,429576,,,,,,84.000,32.600,,0,10196604,true,partial:gpu_util_N/R|fps_N/R
RUN-20260919-004,pixel-9a,90,2026-09-19T14:40:54.716Z,90000,startup,true,false,1,0,24.526,6.195,,3.900,283804,,296188,,115516,2177,7752852,1413568,699168,429576,,,,,,84.000,32.600,,0,10054320,true,partial:gpu_util_N/R|fps_N/R
RUN-20260919-004,pixel-9a,91,2026-09-19T14:40:55.434Z,91345,startup,true,false,1,0,29.477,7.346,,3.900,213556,,296188,,115516,2177,7752852,1464288,699168,429576,,,,,,84.000,32.600,,0,10054320,true,partial:gpu_util_N/R|fps_N/R
RUN-20260919-004,pixel-9a,92,2026-09-19T14:40:56.033Z,92063,startup,true,false,1,0,31.465,9.584,,3.900,269480,,296188,,115516,2177,7752852,1404300,699168,429576,,,,,,84.000,32.600,,0,10054320,true,partial:gpu_util_N/R|fps_N/R
RUN-20260919-004,pixel-9a,93,2026-09-19T14:40:57.040Z,93000,startup,true,false,1,0,29.690,13.630,,3.900,220164,,296188,,115516,2177,7752852,1461092,699168,429576,,,,,,84.000,32.600,,0,10054320,true,partial:gpu_util_N/R|fps_N/R
RUN-20260919-004,pixel-9a,94,2026-09-19T14:40:57.988Z,94000,startup,true,false,1,0,31.008,2.326,,3.900,214968,,296188,,115516,2177,7752852,1359304,699168,429576,,,,,,84.000,32.600,,0,10054320,true,partial:gpu_util_N/R|fps_N/R
RUN-20260919-004,pixel-9a,95,2026-09-19T14:40:59.205Z,95000,startup,true,false,1,0,36.095,0.828,,3.910,214936,,203187,,115516,2109,7752852,1169812,700424,429576,,,,,,84.000,32.600,,0,10054320,true,partial:gpu_util_N/R|fps_N/R
RUN-20260919-004,pixel-9a,96,2026-09-19T14:40:59.955Z,96000,startup,true,false,1,0,48.907,2.869,,3.910,219052,,203187,,115516,2109,7752852,1069296,689908,430280,,,,,,84.000,32.600,,0,10054320,true,partial:gpu_util_N/R|fps_N/R
RUN-20260919-004,pixel-9a,97,2026-09-19T14:41:01.121Z,97000,runtime,true,true,1,1,38.356,2.242,,3.910,220344,136500,203187,,115516,2109,7752852,1002816,679408,430280,,,,,,84.000,32.600,,0,10054320,true,partial:gpu_util_N/R|fps_N/R
RUN-20260919-004,pixel-9a,98,2026-09-19T14:41:02.139Z,98000,runtime,true,true,1,1,29.323,1.378,10.150,3.910,224888,245176,203187,,115516,2109,7752852,887636,679408,432936,,,,,,84.000,32.600,,0,10054320,true,partial:gpu_util_N/R|fps_N/R
RUN-20260919-004,pixel-9a,99,2026-09-19T14:41:02.985Z,99000,runtime,true,true,1,1,30.026,10.185,1.455,3.910,246268,250856,203187,,115516,2109,7752852,873052,687600,433468,,,,,,84.000,32.600,,0,10054320,true,partial:gpu_util_N/R|fps_N/R
RUN-20260919-004,pixel-9a,100,2026-09-19T14:41:04.728Z,100000,runtime,true,true,1,1,41.436,2.486,8.978,4.000,250320,288108,251459,297028,141040,2011,7752852,844132,720440,435604,,,,,,85.000,33.000,,0,9936116,true,partial:gpu_util_N/R|fps_N/R
RUN-20260919-004,pixel-9a,101,2026-09-19T14:41:05.384Z,101357,runtime,true,true,1,1,55.362,2.995,12.947,4.000,259120,333900,251459,297028,141040,2011,7752852,727748,760808,443608,,,,8,,85.000,33.000,,0,9936116,true,partial:gpu_util_N/R|fps_N/R
RUN-20260919-004,pixel-9a,102,2026-09-19T14:41:05.983Z,102012,runtime,true,true,1,1,53.030,3.788,12.311,4.000,378808,358844,251459,297028,141040,2011,7752852,470728,891880,560276,,,0.000,0,surfaceflinger_latency,85.000,33.000,,0,9936116,true,partial:gpu_util_N/R
RUN-20260919-004,pixel-9a,103,2026-09-19T14:41:07.259Z,103000,runtime,true,true,1,1,57.564,7.898,16.867,4.000,347908,412116,251459,297028,141040,2011,7752852,35484,1030816,799516,,,6.079,6,surfaceflinger_latency,85.000,33.000,,0,9936116,true,partial:gpu_util_N/R
RUN-20260919-004,pixel-9a,104,2026-09-19T14:41:07.909Z,104000,runtime,true,true,1,1,76.462,7.799,12.256,4.000,397624,405504,251459,297028,141040,2011,7752852,395888,1096352,675592,,,0.000,0,surfaceflinger_latency,85.000,33.000,,0,9936116,true,partial:gpu_util_N/R
RUN-20260919-004,pixel-9a,105,2026-09-19T14:41:09.197Z,105000,runtime,true,true,1,1,58.495,6.615,20.363,4.000,332560,442688,921598,463606,807404,5913,7752852,499568,1231356,546656,,,55.998,56,surfaceflinger_latency,85.000,33.000,,0,9936116,true,partial:gpu_util_N/R
RUN-20260919-004,pixel-9a,106,2026-09-19T14:41:09.947Z,106000,runtime,true,true,1,1,62.262,6.353,19.441,4.000,367532,549736,921598,463606,807404,5913,7752852,210780,1362428,551228,,,30.999,31,surfaceflinger_latency,85.000,33.000,,0,9936116,true,partial:gpu_util_N/R
RUN-20260919-004,pixel-9a,107,2026-09-19T14:41:11.086Z,107000,runtime,true,true,1,1,52.493,4.462,17.585,4.000,318904,575204,921598,463606,807404,5913,7752852,169628,1362428,552572,,,13.001,13,surfaceflinger_latency,85.000,33.000,,0,9936116,true,partial:gpu_util_N/R
RUN-20260919-004,pixel-9a,108,2026-09-19T14:41:11.880Z,108000,runtime,true,true,1,1,45.655,1.915,11.929,4.000,318104,621624,921598,463606,807404,5913,7752852,177144,1362428,547956,,,0.000,0,surfaceflinger_latency,85.000,33.000,,0,9936116,true,partial:gpu_util_N/R
RUN-20260919-004,pixel-9a,109,2026-09-19T14:41:12.945Z,109000,runtime,true,true,1,1,45.786,1.887,11.572,4.000,336764,684296,921598,463606,807404,5913,7752852,192436,1362428,514888,,,8.000,8,surfaceflinger_latency,85.000,33.000,,0,9936116,true,partial:gpu_util_N/R
RUN-20260919-004,pixel-9a,110,2026-09-19T14:41:14.634Z,110000,runtime,true,true,1,1,67.906,5.923,16.116,4.240,319484,709848,1186172,694556,1077796,16403,7752852,109632,1559036,583320,,,62.002,62,surfaceflinger_latency,85.000,33.200,,0,9936188,true,partial:gpu_util_N/R
RUN-20260919-004,pixel-9a,111,2026-09-19T14:41:15.223Z,111263,runtime,true,true,1,1,73.065,7.839,15.779,4.240,293380,693028,1186172,694556,1077796,16403,7752852,362832,1687512,565704,,,12.660,16,surfaceflinger_latency,85.000,33.200,,0,9936188,true,partial:gpu_util_N/R
RUN-20260919-004,pixel-9a,112,2026-09-19T14:41:15.901Z,112000,runtime,true,true,1,1,66.353,9.586,27.256,4.240,298416,703908,1186172,694556,1077796,16403,7752852,336604,1687512,566032,,,48.896,36,surfaceflinger_latency,85.000,33.200,,0,9936188,true,partial:gpu_util_N/R
RUN-20260919-004,pixel-9a,113,2026-09-19T14:41:16.826Z,113000,runtime,true,true,1,1,77.530,11.958,31.012,4.240,299224,704700,1186172,694556,1077796,16403,7752852,311616,1687512,566168,,,55.002,55,surfaceflinger_latency,85.000,33.200,,0,9936188,true,partial:gpu_util_N/R
RUN-20260919-004,pixel-9a,114,2026-09-19T14:41:17.880Z,114000,runtime,true,true,1,1,86.428,11.652,28.169,4.240,299244,705220,1186172,694556,1077796,16403,7752852,229200,1687512,566172,,,62.998,63,surfaceflinger_latency,85.000,33.200,,0,9936188,true,partial:gpu_util_N/R
RUN-20260919-004,pixel-9a,115,2026-09-19T14:41:19.116Z,115000,runtime,true,true,1,1,77.673,12.720,32.882,5.580,299368,705480,1245073,714738,1140868,38119,7752852,211476,1687512,566176,,,63.000,63,surfaceflinger_latency,85.000,33.200,,0,9936188,true,partial:gpu_util_N/R
RUN-20260919-004,pixel-9a,116,2026-09-19T14:41:19.886Z,116000,runtime,true,true,1,1,76.993,13.072,32.941,5.580,299308,705480,1245073,714738,1140868,38119,7752852,206512,1687512,566184,,,45.994,46,surfaceflinger_latency,85.000,33.200,,0,9936188,true,partial:gpu_util_N/R
RUN-20260919-004,pixel-9a,117,2026-09-19T14:41:20.868Z,117000,runtime,true,true,1,1,76.248,12.686,33.333,5.580,299604,705480,1245073,714738,1140868,38119,7752852,205244,1687512,566188,,,59.008,59,surfaceflinger_latency,85.000,33.200,,0,9936188,true,partial:gpu_util_N/R
RUN-20260919-004,pixel-9a,118,2026-09-19T14:41:21.832Z,118000,runtime,true,true,1,1,78.710,11.742,29.935,5.580,303808,705804,1245073,714738,1140868,38119,7752852,183404,1687512,570288,,,57.998,58,surfaceflinger_latency,85.000,33.200,,0,9936188,true,partial:gpu_util_N/R
RUN-20260919-004,pixel-9a,119,2026-09-19T14:41:22.841Z,119000,runtime,true,true,1,1,82.500,12.632,31.316,5.580,299584,654384,1245073,714738,1140868,38119,7752852,317688,1687512,523428,,,60.002,60,surfaceflinger_latency,85.000,33.200,,0,9936188,true,partial:gpu_util_N/R
RUN-20260919-004,pixel-9a,120,2026-09-19T14:41:24.615Z,120000,runtime,true,true,1,1,82.068,12.042,31.021,5.940,301032,651464,1251599,708410,1147048,86955,7752852,302796,1687512,523432,,,63.001,63,surfaceflinger_latency,85.000,33.700,,0,9935788,true,partial:gpu_util_N/R
RUN-20260919-004,pixel-9a,121,2026-09-19T14:41:25.078Z,121244,runtime,true,true,1,1,80.773,12.121,30.825,5.940,301164,651464,1251599,708410,1147048,86955,7752852,276856,1687776,524820,,,22.506,28,surfaceflinger_latency,85.000,33.700,,0,9935788,true,partial:gpu_util_N/R
RUN-20260919-004,pixel-9a,122,2026-09-19T14:41:25.886Z,122000,runtime,true,true,1,1,76.348,12.870,35.304,5.940,301256,651464,1251599,708410,1147048,86955,7752852,274644,1687776,524824,,,63.497,48,surfaceflinger_latency,85.000,33.700,,0,9935788,true,partial:gpu_util_N/R
RUN-20260919-004,pixel-9a,123,2026-09-19T14:41:26.883Z,123000,runtime,true,true,1,1,75.360,11.271,31.193,5.940,301280,651464,1251599,708410,1147048,86955,7752852,271988,1687776,524828,,,60.004,60,surfaceflinger_latency,85.000,33.700,,0,9935788,true,partial:gpu_util_N/R
RUN-20260919-004,pixel-9a,124,2026-09-19T14:41:27.829Z,124000,runtime,true,true,1,1,71.012,10.264,29.820,5.940,301280,651496,1251599,708410,1147048,86955,7752852,260316,1687776,524832,,,52.995,53,surfaceflinger_latency,85.000,33.700,,0,9935788,true,partial:gpu_util_N/R
RUN-20260919-004,pixel-9a,125,2026-09-19T14:41:28.999Z,125000,runtime,true,true,1,1,74.016,11.811,32.940,6.020,301560,651496,1251909,708574,1147068,86895,7752852,252936,1687776,524836,,,63.006,63,surfaceflinger_latency,85.000,33.700,,0,9935788,true,partial:gpu_util_N/R
RUN-20260919-004,pixel-9a,126,2026-09-19T14:41:29.826Z,126000,runtime,true,true,1,1,75.339,11.518,33.333,6.020,301676,651496,1251909,708574,1147068,86895,7752852,248604,1687776,524840,,,50.000,50,surfaceflinger_latency,85.000,33.700,,0,9935788,true,partial:gpu_util_N/R
RUN-20260919-004,pixel-9a,127,2026-09-19T14:41:30.800Z,127000,runtime,true,true,1,1,72.872,11.037,32.447,6.020,303908,651496,1251909,708574,1147068,86895,7752852,249424,1687776,526888,,,58.000,58,surfaceflinger_latency,85.000,33.700,,0,9935788,true,partial:gpu_util_N/R
RUN-20260919-004,pixel-9a,128,2026-09-19T14:41:31.879Z,128000,runtime,true,true,1,1,74.745,11.224,33.291,6.020,303960,651496,1251909,708574,1147068,86895,7752852,236260,1687776,526892,,,63.000,63,surfaceflinger_latency,85.000,33.700,,0,9935788,true,partial:gpu_util_N/R
RUN-20260919-004,pixel-9a,129,2026-09-19T14:41:32.861Z,129000,runtime,true,true,1,1,78.226,12.231,32.796,6.020,304132,651496,1251909,708574,1147068,86895,7752852,227728,1687776,526896,,,59.000,59,surfaceflinger_latency,85.000,33.700,,0,9935788,true,partial:gpu_util_N/R
RUN-20260919-004,pixel-9a,130,2026-09-19T14:41:34.638Z,130000,runtime,true,true,1,1,76.689,12.583,32.848,5.940,304140,651496,1254360,708602,1149136,86835,7752852,217668,1688040,527252,,,63.000,63,surfaceflinger_latency,85.000,34.000,,0,9935924,true,partial:gpu_util_N/R
RUN-20260919-004,pixel-9a,131,2026-09-19T14:41:35.087Z,131267,runtime,true,true,1,1,79.712,11.637,30.690,5.940,304000,651496,1254360,708602,1149136,86835,7752852,206716,1688040,527260,,,21.307,27,surfaceflinger_latency,85.000,34.000,,0,9935924,true,partial:gpu_util_N/R
RUN-20260919-004,pixel-9a,132,2026-09-19T14:41:35.858Z,132000,runtime,true,true,1,1,73.657,10.572,32.236,5.940,304448,651496,1254360,708602,1149136,86835,7752852,205816,1688040,527260,,,62.761,46,surfaceflinger_latency,85.000,34.000,,0,9935924,true,partial:gpu_util_N/R
RUN-20260919-004,pixel-9a,133,2026-09-19T14:41:36.843Z,133000,runtime,true,true,1,1,74.733,11.364,33.957,5.940,304496,651496,1254360,708602,1149136,86835,7752852,203104,1688040,527264,,,59.002,59,surfaceflinger_latency,85.000,34.000,,0,9935924,true,partial:gpu_util_N/R
RUN-20260919-004,pixel-9a,134,2026-09-19T14:41:37.938Z,134000,runtime,true,true,1,1,77.197,10.570,30.998,5.940,303176,646892,1254360,708602,1149136,86835,7752852,292476,1688040,527264,,,63.003,63,surfaceflinger_latency,85.000,34.000,,0,9935924,true,partial:gpu_util_N/R
RUN-20260919-004,pixel-9a,135,2026-09-19T14:41:39.089Z,135000,runtime,true,true,1,1,73.099,10.819,32.749,6.020,305244,646892,1256332,705232,1151204,86783,7752852,289316,1688040,529316,,,63.000,63,surfaceflinger_latency,85.000,34.000,,0,9935924,true,partial:gpu_util_N/R
RUN-20260919-004,pixel-9a,136,2026-09-19T14:41:39.774Z,136000,runtime,true,true,1,1,75.032,11.384,31.565,6.020,305488,646892,1256332,705232,1151204,86783,7752852,293988,1688040,529320,,,41.001,41,surfaceflinger_latency,85.000,34.000,,0,9935924,true,partial:gpu_util_N/R
RUN-20260919-004,pixel-9a,137,2026-09-19T14:41:40.845Z,137000,runtime,true,true,1,1,85.144,10.112,29.463,6.020,305580,646892,1256332,705232,1151204,86783,7752852,279532,1688040,529324,,,63.000,63,surfaceflinger_latency,85.000,34.000,,0,9935924,true,partial:gpu_util_N/R
RUN-20260919-004,pixel-9a,138,2026-09-19T14:41:41.832Z,138000,runtime,true,true,1,1,72.299,11.357,34.903,6.020,305580,646892,1256332,705232,1151204,86783,7752852,274924,1688040,529324,,,59.998,60,surfaceflinger_latency,85.000,34.000,,0,9935924,true,partial:gpu_util_N/R
RUN-20260919-004,pixel-9a,139,2026-09-19T14:41:42.867Z,139000,runtime,true,true,1,1,78.194,11.871,31.742,6.020,305588,646892,1256332,705232,1151204,86783,7752852,263660,1688040,529328,,,61.998,62,surfaceflinger_latency,85.000,34.000,,0,9935924,true,partial:gpu_util_N/R
RUN-20260919-004,pixel-9a,140,2026-09-19T14:41:44.609Z,140000,runtime,true,true,1,1,74.738,12.173,33.901,6.020,305596,647140,1256653,705260,1151220,86783,7752852,269272,1688040,529332,,,63.002,63,surfaceflinger_latency,85.000,34.300,,0,9935864,true,partial:gpu_util_N/R
RUN-20260919-004,pixel-9a,141,2026-09-19T14:41:45.114Z,141238,runtime,true,true,1,1,78.211,11.368,31.579,6.020,289248,647140,1256653,705260,1151220,86783,7752852,268696,1688040,529336,,,25.031,31,surfaceflinger_latency,85.000,34.300,,0,9935864,true,partial:gpu_util_N/R
RUN-20260919-004,pixel-9a,142,2026-09-19T14:41:45.883Z,142000,runtime,true,true,1,1,74.783,11.130,31.826,6.020,289256,647140,1256653,705260,1151220,86783,7752852,263968,1688040,529340,,,60.405,46,surfaceflinger_latency,85.000,34.300,,0,9935864,true,partial:gpu_util_N/R
RUN-20260919-004,pixel-9a,143,2026-09-19T14:41:46.911Z,143000,runtime,true,true,1,1,74.968,11.297,32.991,6.020,289264,647404,1256653,705260,1151220,86783,7752852,263616,1688040,529344,,,61.999,62,surfaceflinger_latency,85.000,34.300,,0,9935864,true,partial:gpu_util_N/R
RUN-20260919-004,pixel-9a,144,2026-09-19T14:41:47.878Z,144000,runtime,true,true,1,1,72.541,11.475,32.514,6.020,289456,647404,1256653,705260,1151220,86783,7752852,266172,1688040,529348,,,58.001,58,surfaceflinger_latency,85.000,34.300,,0,9935864,true,partial:gpu_util_N/R
RUN-20260919-004,pixel-9a,145,2026-09-19T14:41:49.117Z,145000,runtime,true,true,1,1,74.251,11.853,32.698,6.580,289708,647404,1240521,705328,1134812,86771,7752852,271104,1688040,529348,,,63.001,63,surfaceflinger_latency,85.000,34.300,,0,9935864,true,partial:gpu_util_N/R
RUN-20260919-004,pixel-9a,146,2026-09-19T14:41:49.822Z,146000,runtime,true,true,1,1,75.574,12.011,31.039,6.580,289544,647404,1240521,705328,1134812,86771,7752852,267940,1688040,529352,,,41.996,42,surfaceflinger_latency,85.000,34.300,,0,9935864,true,partial:gpu_util_N/R
RUN-20260919-004,pixel-9a,147,2026-09-19T14:41:50.842Z,147000,runtime,true,true,1,1,73.429,10.864,33.508,6.580,289664,647404,1240521,705328,1134812,86771,7752852,259228,1688040,529356,,,62.005,62,surfaceflinger_latency,85.000,34.300,,0,9935864,true,partial:gpu_util_N/R
RUN-20260919-004,pixel-9a,148,2026-09-19T14:41:51.904Z,148000,runtime,true,true,1,1,74.286,11.429,32.468,6.580,289672,647404,1240521,705328,1134812,86771,7752852,267992,1688040,529360,,,63.001,63,surfaceflinger_latency,85.000,34.300,,0,9935864,true,partial:gpu_util_N/R
RUN-20260919-004,pixel-9a,149,2026-09-19T14:41:52.919Z,149000,runtime,true,true,1,1,75.302,11.812,33.960,6.580,289812,647404,1240521,705328,1134812,86771,7752852,274824,1688040,529364,,,60.998,61,surfaceflinger_latency,85.000,34.300,,0,9935864,true,partial:gpu_util_N/R
RUN-20260919-004,pixel-9a,150,2026-09-19T14:41:54.689Z,150000,runtime,true,true,1,1,76.703,12.398,33.106,7.020,289988,647404,1240830,705332,1134828,86767,7752852,272976,1688040,529364,,,62.997,63,surfaceflinger_latency,85.000,34.900,,0,9935984,true,partial:gpu_util_N/R
RUN-20260919-004,pixel-9a,151,2026-09-19T14:41:55.240Z,151319,runtime,true,true,1,1,79.744,12.684,31.858,7.020,289920,647404,1240830,705332,1134828,86767,7752852,256684,1688040,529368,,,25.021,33,surfaceflinger_latency,85.000,34.900,,0,9935984,true,partial:gpu_util_N/R
RUN-20260919-004,pixel-9a,152,2026-09-19T14:41:55.906Z,152000,runtime,true,true,1,1,77.369,13.153,32.689,7.020,289984,647404,1240830,705332,1134828,86767,7752852,250220,1688040,529372,,,58.732,40,surfaceflinger_latency,85.000,34.900,,0,9935984,true,partial:gpu_util_N/R
RUN-20260919-004,pixel-9a,153,2026-09-19T14:41:56.924Z,153000,runtime,true,true,1,1,78.365,12.201,31.447,7.020,289992,647404,1240830,705332,1134828,86767,7752852,264352,1688040,529376,,,61.001,61,surfaceflinger_latency,85.000,34.900,,0,9935984,true,partial:gpu_util_N/R
RUN-20260919-004,pixel-9a,154,2026-09-19T14:41:57.854Z,154000,runtime,true,true,1,1,88.563,12.971,29.847,7.020,290144,647416,1240830,705332,1134828,86767,7752852,263048,1688040,529380,,,56.001,56,surfaceflinger_latency,85.000,34.900,,0,9935984,true,partial:gpu_util_N/R
RUN-20260919-004,pixel-9a,155,2026-09-19T14:41:59.137Z,155000,runtime,true,true,1,1,85.982,13.267,30.413,7.730,290144,647680,1240557,705444,1134264,86743,7752852,225916,1688040,529380,,,63.000,63,surfaceflinger_latency,85.000,34.900,,0,9935984,true,partial:gpu_util_N/R
RUN-20260919-004,pixel-9a,156,2026-09-19T14:41:59.928Z,156000,runtime,true,true,1,1,83.974,12.583,31.921,7.730,289572,647680,1240557,705444,1134264,86743,7752852,283112,1688040,529384,,,47.000,47,surfaceflinger_latency,85.000,34.900,,0,9935984,true,partial:gpu_util_N/R
RUN-20260919-004,pixel-9a,157,2026-09-19T14:42:00.920Z,157000,runtime,true,true,1,1,77.662,13.117,33.636,7.730,289764,647680,1240557,705444,1134264,86743,7752852,282540,1688040,529388,,,60.000,60,surfaceflinger_latency,85.000,34.900,,0,9935984,true,partial:gpu_util_N/R
RUN-20260919-004,pixel-9a,158,2026-09-19T14:42:01.919Z,158000,runtime,true,true,1,1,79.708,12.865,32.759,7.730,289944,647680,1240557,705444,1134264,86743,7752852,279952,1688040,529392,,,60.001,60,surfaceflinger_latency,85.000,34.900,,0,9935984,true,partial:gpu_util_N/R
RUN-20260919-004,pixel-9a,159,2026-09-19T14:42:02.932Z,159000,runtime,true,true,1,1,80.387,13.290,32.645,7.730,289956,647680,1240557,705444,1134264,86743,7752852,274096,1688040,529396,,,60.998,61,surfaceflinger_latency,85.000,34.900,,0,9935984,true,partial:gpu_util_N/R
RUN-20260919-004,pixel-9a,160,2026-09-19T14:42:04.776Z,160000,runtime,true,true,1,1,82.999,12.584,30.522,8.800,289964,647680,1240921,705576,1134284,86731,7752852,254388,1687380,529400,,,63.001,63,surfaceflinger_latency,85.000,35.100,,1,9935880,true,partial:gpu_util_N/R
RUN-20260919-004,pixel-9a,161,2026-09-19T14:42:05.330Z,161405,runtime,true,true,1,1,82.592,13.245,32.261,8.800,289960,647680,1240921,705576,1134284,86731,7752852,242188,1687380,529404,,,24.192,34,surfaceflinger_latency,85.000,35.100,,1,9935880,true,partial:gpu_util_N/R
RUN-20260919-004,pixel-9a,162,2026-09-19T14:42:05.919Z,162000,runtime,true,true,1,1,81.186,12.679,31.902,8.800,290072,647680,1240921,705576,1134284,86731,7752852,252900,1687380,529408,,,58.862,35,surfaceflinger_latency,85.000,35.100,,1,9935880,true,partial:gpu_util_N/R
RUN-20260919-004,pixel-9a,163,2026-09-19T14:42:06.966Z,163000,runtime,true,true,1,1,77.877,13.683,33.887,8.800,290080,647940,1240921,705576,1134284,86731,7752852,247568,1687380,529412,,,62.998,63,surfaceflinger_latency,85.000,35.100,,1,9935880,true,partial:gpu_util_N/R
RUN-20260919-004,pixel-9a,164,2026-09-19T14:42:07.894Z,164000,runtime,true,true,1,1,78.809,14.404,33.934,8.800,290268,647940,1240921,705576,1134284,86731,7752852,265484,1687380,529416,,,56.001,56,surfaceflinger_latency,85.000,35.100,,1,9935880,true,partial:gpu_util_N/R
RUN-20260919-004,pixel-9a,165,2026-09-19T14:42:09.326Z,165000,runtime,true,true,1,1,76.518,14.035,34.953,8.490,290508,647940,1241321,705800,1134304,86731,7752852,261604,1687380,529420,,,62.993,63,surfaceflinger_latency,85.000,35.100,,1,9935880,true,partial:gpu_util_N/R
RUN-20260919-004,pixel-9a,166,2026-09-19T14:42:09.918Z,166000,runtime,true,true,1,1,79.205,14.172,31.921,8.490,290332,647940,1241321,705800,1134304,86731,7752852,259868,1687380,529424,,,35.003,35,surfaceflinger_latency,85.000,35.100,,1,9935880,true,partial:gpu_util_N/R
RUN-20260919-004,pixel-9a,167,2026-09-19T14:42:10.996Z,167000,runtime,true,true,1,1,76.403,13.520,32.781,8.490,290496,647940,1241321,705800,1134304,86731,7752852,261612,1687380,529428,,,63.002,63,surfaceflinger_latency,85.000,35.100,,1,9935880,true,partial:gpu_util_N/R
RUN-20260919-004,pixel-9a,168,2026-09-19T14:42:12.005Z,168000,runtime,true,true,1,1,78.553,14.079,32.632,8.490,290504,647940,1241321,705800,1134304,86731,7752852,261196,1687380,529432,,,60.001,60,surfaceflinger_latency,85.000,35.100,,1,9935880,true,partial:gpu_util_N/R
RUN-20260919-004,pixel-9a,169,2026-09-19T14:42:12.962Z,169000,runtime,true,true,1,1,78.100,13.720,32.982,8.490,290624,647940,1241321,705800,1134304,86731,7752852,256644,1687380,529436,,,57.998,58,surfaceflinger_latency,85.000,35.100,,1,9935880,true,partial:gpu_util_N/R
RUN-20260919-004,pixel-9a,170,2026-09-19T14:42:14.909Z,170000,runtime,true,true,1,1,77.968,13.984,34.433,8.690,290632,647940,1241573,705960,1134176,86723,7752852,264976,1687380,529440,,,63.003,63,surfaceflinger_latency,85.000,35.500,,1,9935880,true,partial:gpu_util_N/R
RUN-20260919-004,pixel-9a,171,2026-09-19T14:42:15.603Z,171538,runtime,true,true,1,1,79.900,13.704,31.478,8.690,290796,648256,1241573,705960,1134176,86723,7752852,247592,1687380,529448,,,27.296,42,surfaceflinger_latency,85.000,35.500,,1,9935880,true,partial:gpu_util_N/R
RUN-20260919-004,pixel-9a,172,2026-09-19T14:42:16.212Z,172232,runtime,true,true,1,1,79.394,13.535,31.313,8.690,290804,648256,1241573,705960,1134176,86723,7752852,243884,1687380,529448,,,51.875,36,surfaceflinger_latency,85.000,35.500,,1,9935880,true,partial:gpu_util_N/R
RUN-20260919-004,pixel-9a,173,2026-09-19T14:42:17.020Z,173000,runtime,true,true,1,1,78.224,12.898,30.988,8.690,290940,648256,1241573,705960,1134176,86723,7752852,242484,1687380,529452,,,63.859,49,surfaceflinger_latency,85.000,35.500,,1,9935880,true,partial:gpu_util_N/R
RUN-20260919-004,pixel-9a,174,2026-09-19T14:42:18.039Z,174000,runtime,true,true,1,1,77.015,13.871,34.478,8.690,290948,648256,1241573,705960,1134176,86723,7752852,251372,1687380,529456,,,60.997,61,surfaceflinger_latency,85.000,35.500,,1,9935880,true,partial:gpu_util_N/R
RUN-20260919-004,pixel-9a,175,2026-09-19T14:42:19.419Z,175000,runtime,true,true,1,1,77.762,14.126,34.266,9.360,291080,648256,1241989,706216,1134196,86719,7752852,252040,1687380,529460,,,63.003,63,surfaceflinger_latency,85.000,35.500,,1,9935880,true,partial:gpu_util_N/R
RUN-20260919-004,pixel-9a,176,2026-09-19T14:42:20.081Z,176048,runtime,true,true,1,1,80.576,14.160,31.579,9.360,291224,648256,1241989,706216,1134196,86719,7752852,280500,1687380,529464,,,38.154,40,surfaceflinger_latency,85.000,35.500,,1,9935880,true,partial:gpu_util_N/R
RUN-20260919-004,pixel-9a,177,2026-09-19T14:42:21.052Z,177000,runtime,true,true,1,1,78.108,13.784,32.027,9.360,291236,648256,1241989,706216,1134196,86719,7752852,284660,1687380,529468,,,60.950,58,surfaceflinger_latency,85.000,35.500,,1,9935880,true,partial:gpu_util_N/R
RUN-20260919-004,pixel-9a,178,2026-09-19T14:42:21.877Z,178000,runtime,true,true,1,1,82.087,11.707,25.529,9.360,291236,645748,1241989,706216,1134196,86719,7752852,293212,1687380,529468,,,49.000,49,surfaceflinger_latency,85.000,35.500,,1,9935880,true,partial:gpu_util_N/R
RUN-20260919-004,pixel-9a,179,2026-09-19T14:42:23.026Z,179000,runtime,true,true,1,1,91.706,12.033,27.103,9.360,282468,630348,1241989,706216,1134196,86719,7752852,350316,1687380,517184,,,62.997,63,surfaceflinger_latency,85.000,35.500,,1,9935880,true,partial:gpu_util_N/R
RUN-20260919-004,pixel-9a,180,2026-09-19T14:42:25.002Z,180000,runtime,true,true,1,1,85.789,13.559,30.117,10.130,282468,630348,1241463,705982,1134212,110814,7752852,335496,1687380,517188,,,63.003,63,surfaceflinger_latency,85.000,35.600,,1,9935908,true,partial:gpu_util_N/R
RUN-20260919-004,pixel-9a,181,2026-09-19T14:42:25.665Z,181631,runtime,true,true,1,1,88.211,12.040,27.676,10.130,282548,630604,1241463,705982,1134212,110814,7752852,293608,1687380,517192,,,24.514,40,surfaceflinger_latency,85.000,35.600,,1,9935908,true,partial:gpu_util_N/R
RUN-20260919-004,pixel-9a,182,2026-09-19T14:42:26.317Z,182294,runtime,true,true,1,1,83.818,13.273,28.545,10.130,282548,630604,1241463,705982,1134212,110814,7752852,300232,1687380,517192,,,58.824,39,surfaceflinger_latency,85.000,35.600,,1,9935908,true,partial:gpu_util_N/R
RUN-20260919-004,pixel-9a,183,2026-09-19T14:42:26.936Z,183000,runtime,true,true,1,1,84.758,13.197,28.810,10.130,282744,630604,1241463,705982,1134212,110814,7752852,292264,1687380,517196,,,52.457,37,surfaceflinger_latency,85.000,35.600,,1,9935908,true,partial:gpu_util_N/R
RUN-20260919-004,pixel-9a,184,2026-09-19T14:42:27.945Z,184000,runtime,true,true,1,1,87.350,12.783,27.430,10.130,281996,622548,1241463,705982,1134212,110814,7752852,296480,1687380,516684,,,60.001,60,surfaceflinger_latency,85.000,35.600,,1,9935908,true,partial:gpu_util_N/R
RUN-20260919-004,pixel-9a,185,2026-09-19T14:42:29.282Z,185000,runtime,true,true,1,1,91.984,10.250,21.551,11.080,280316,621988,1239555,705693,1134200,119571,7752852,307660,1687380,512372,,,63.000,63,surfaceflinger_latency,85.000,35.600,,1,9935908,true,partial:gpu_util_N/R
RUN-20260919-004,pixel-9a,186,2026-09-19T14:42:29.993Z,186000,runtime,true,true,1,1,87.268,12.237,27.070,11.080,278436,621700,1239555,705693,1134200,119571,7752852,273028,1687380,512376,,,43.001,43,surfaceflinger_latency,85.000,35.600,,1,9935908,true,partial:gpu_util_N/R
RUN-20260919-004,pixel-9a,187,2026-09-19T14:42:30.891Z,187000,runtime,true,true,1,1,87.450,8.278,19.893,11.080,278488,621700,1239555,705693,1134200,119571,7752852,256404,1687380,512376,,,52.000,52,surfaceflinger_latency,85.000,35.600,,1,9935908,true,partial:gpu_util_N/R
RUN-20260919-004,pixel-9a,188,2026-09-19T14:42:32.014Z,188000,runtime,true,true,1,1,85.866,12.014,26.502,11.080,278496,621700,1239555,705693,1134200,119571,7752852,282456,1687380,512380,,,63.000,63,surfaceflinger_latency,85.000,35.600,,1,9935908,true,partial:gpu_util_N/R
RUN-20260919-004,pixel-9a,189,2026-09-19T14:42:32.950Z,189000,runtime,true,true,1,1,80.328,12.519,31.446,11.080,278496,621700,1239555,705693,1134200,119571,7752852,270800,1687380,512380,,,55.999,56,surfaceflinger_latency,85.000,35.600,,1,9935908,true,partial:gpu_util_N/R
RUN-20260919-004,pixel-9a,190,2026-09-19T14:42:35.029Z,190000,runtime,true,true,1,1,78.499,13.232,33.842,10.840,278504,621700,1239908,705801,1134216,119567,7752852,273776,1687380,512388,,,62.999,63,surfaceflinger_latency,85.000,35.900,,1,9935816,true,partial:gpu_util_N/R
RUN-20260919-004,pixel-9a,191,2026-09-19T14:42:35.621Z,191658,runtime,true,true,1,1,80.145,13.479,29.621,10.840,278812,621700,1239908,705801,1134216,119567,7752852,268508,1687380,512392,,,21.712,36,surfaceflinger_latency,85.000,35.900,,1,9935816,true,partial:gpu_util_N/R
RUN-20260919-004,pixel-9a,192,2026-09-19T14:42:36.293Z,192250,runtime,true,true,1,1,80.507,13.645,31.774,10.840,278812,621700,1239908,705801,1134216,119567,7752852,269756,1687380,512396,,,67.528,40,surfaceflinger_latency,85.000,35.900,,1,9935816,true,partial:gpu_util_N/R
RUN-20260919-004,pixel-9a,193,2026-09-19T14:42:37.001Z,193000,runtime,true,true,1,1,78.667,12.952,31.429,10.840,278820,621700,1239908,705801,1134216,119567,7752852,269544,1687380,512396,,,56.030,42,surfaceflinger_latency,85.000,35.900,,1,9935816,true,partial:gpu_util_N/R
RUN-20260919-004,pixel-9a,194,2026-09-19T14:42:38.036Z,194000,runtime,true,true,1,1,78.101,13.038,31.899,10.840,278828,621964,1239908,705801,1134216,119567,7752852,270680,1687380,512400,,,63.000,63,surfaceflinger_latency,85.000,35.900,,1,9935816,true,partial:gpu_util_N/R
RUN-20260919-004,pixel-9a,195,2026-09-19T14:42:39.381Z,195000,runtime,true,true,1,1,78.059,13.298,33.378,11.090,279084,621964,1240279,706077,1134232,119559,7752852,273912,1687380,512404,,,63.001,63,surfaceflinger_latency,85.000,35.900,,1,9935816,true,partial:gpu_util_N/R
RUN-20260919-004,pixel-9a,196,2026-09-19T14:42:40.107Z,196010,runtime,true,true,1,1,80.098,13.268,29.975,11.090,278940,621964,1240279,706077,1134232,119559,7752852,300556,1687380,512408,,,43.553,44,surfaceflinger_latency,85.000,35.900,,1,9935816,true,partial:gpu_util_N/R
RUN-20260919-004,pixel-9a,197,2026-09-19T14:42:41.038Z,197000,runtime,true,true,1,1,76.356,13.074,32.684,11.090,278948,621964,1240279,706077,1134232,119559,7752852,299404,1687380,512412,,,56.581,56,surfaceflinger_latency,85.000,35.900,,1,9935816,true,partial:gpu_util_N/R
RUN-20260919-004,pixel-9a,198,2026-09-19T14:42:42.073Z,198000,runtime,true,true,1,1,78.861,13.544,32.532,11.090,278964,621964,1240279,706077,1134232,119559,7752852,298284,1687380,512416,,,62.002,62,surfaceflinger_latency,85.000,35.900,,1,9935816,true,partial:gpu_util_N/R
RUN-20260919-004,pixel-9a,199,2026-09-19T14:42:43.003Z,199000,runtime,true,true,1,1,82.329,13.288,32.740,11.090,279212,621964,1240279,706077,1134232,119559,7752852,298144,1687380,512420,,,56.000,56,surfaceflinger_latency,85.000,35.900,,1,9935816,true,partial:gpu_util_N/R
RUN-20260919-004,pixel-9a,200,2026-09-19T14:42:44.761Z,200000,runtime,true,true,1,1,79.048,13.878,33.061,10.760,279228,621964,1240635,706321,1134252,119555,7752852,293432,1687380,512424,,,62.998,63,surfaceflinger_latency,85.000,35.900,,1,9935808,true,partial:gpu_util_N/R
RUN-20260919-004,pixel-9a,201,2026-09-19T14:42:45.333Z,201390,runtime,true,true,1,1,81.827,13.130,32.731,10.760,279184,621964,1240635,706321,1134252,119555,7752852,285776,1687380,512428,,,25.164,35,surfaceflinger_latency,85.000,35.900,,1,9935808,true,partial:gpu_util_N/R
RUN-20260919-004,pixel-9a,202,2026-09-19T14:42:45.953Z,202000,runtime,true,true,1,1,79.920,14.115,31.610,10.760,279456,621964,1240635,706321,1134252,119555,7752852,281232,1687380,512432,,,60.748,37,surfaceflinger_latency,85.000,35.900,,1,9935808,true,partial:gpu_util_N/R
RUN-20260919-004,pixel-9a,203,2026-09-19T14:42:46.985Z,203000,runtime,true,true,1,1,82.024,13.848,34.221,10.760,279596,622308,1240635,706321,1134252,119555,7752852,272740,1687380,512436,,,62.000,62,surfaceflinger_latency,85.000,35.900,,1,9935808,true,partial:gpu_util_N/R
RUN-20260919-004,pixel-9a,204,2026-09-19T14:42:48.029Z,204000,runtime,true,true,1,1,84.797,13.237,30.799,10.760,276388,607220,1240635,706321,1134252,119555,7752852,338160,1687380,512416,,,62.000,62,surfaceflinger_latency,85.000,35.900,,1,9935808,true,partial:gpu_util_N/R
RUN-20260919-004,pixel-9a,205,2026-09-19T14:42:49.435Z,205000,runtime,true,true,1,1,81.948,13.247,32.078,10.460,274160,606776,1240061,706091,1134272,134356,7752852,329536,1687380,512416,,,63.000,63,surfaceflinger_latency,85.000,35.900,,1,9935808,true,partial:gpu_util_N/R
RUN-20260919-004,pixel-9a,206,2026-09-19T14:42:50.103Z,206064,runtime,true,true,1,1,81.000,14.125,33.000,10.460,274272,606776,1240061,706091,1134272,134356,7752852,324452,1687380,512420,,,37.565,40,surfaceflinger_latency,85.000,35.900,,1,9935808,true,partial:gpu_util_N/R
RUN-20260919-004,pixel-9a,207,2026-09-19T14:42:51.014Z,207000,runtime,true,true,1,1,77.793,12.690,30.621,10.460,274344,606776,1240061,706091,1134272,134356,7752852,321860,1687380,512424,,,58.813,55,surfaceflinger_latency,85.000,35.900,,1,9935808,true,partial:gpu_util_N/R
RUN-20260919-004,pixel-9a,208,2026-09-19T14:42:52.006Z,208000,runtime,true,true,1,1,77.868,13.765,32.119,10.460,274352,606776,1240061,706091,1134272,134356,7752852,307844,1687380,512428,,,59.000,59,surfaceflinger_latency,85.000,35.900,,1,9935808,true,partial:gpu_util_N/R
RUN-20260919-004,pixel-9a,209,2026-09-19T14:42:53.088Z,209000,runtime,true,true,1,1,81.841,13.171,32.097,10.460,274360,606776,1240061,706091,1134272,134356,7752852,310760,1687380,512432,,,63.000,63,surfaceflinger_latency,85.000,35.900,,1,9935808,true,partial:gpu_util_N/R
RUN-20260919-004,pixel-9a,210,2026-09-19T14:42:54.888Z,210000,runtime,true,true,1,1,81.132,10.595,24.673,10.740,274344,605652,1240205,706183,1134288,176890,7752852,292676,1687380,483568,,,63.000,63,surfaceflinger_latency,85.000,36.000,,1,9935796,true,partial:gpu_util_N/R
RUN-20260919-004,pixel-9a,211,2026-09-19T14:42:55.530Z,211517,runtime,true,true,1,1,93.211,8.543,18.917,10.740,272012,565040,1240205,706183,1134288,176890,7752852,351016,1687380,483568,,,25.705,39,surfaceflinger_latency,85.000,36.000,,1,9935796,true,partial:gpu_util_N/R
RUN-20260919-004,pixel-9a,212,2026-09-19T14:42:56.161Z,212160,runtime,true,true,1,1,89.485,10.962,26.622,10.740,272020,565040,1240205,706183,1134288,176890,7752852,330684,1686444,483572,,,59.120,38,surfaceflinger_latency,85.000,36.000,,1,9935796,true,partial:gpu_util_N/R
RUN-20260919-004,pixel-9a,213,2026-09-19T14:42:57.034Z,213000,runtime,true,true,1,1,84.533,12.404,28.943,10.740,272020,565040,1240205,706183,1134288,176890,7752852,316132,1686444,483572,,,61.904,52,surfaceflinger_latency,85.000,36.000,,1,9935796,true,partial:gpu_util_N/R
RUN-20260919-004,pixel-9a,214,2026-09-19T14:42:58.030Z,214000,runtime,true,true,1,1,79.448,13.103,32.000,10.740,272028,565304,1240205,706183,1134288,176890,7752852,318080,1686444,483576,,,60.000,60,surfaceflinger_latency,85.000,36.000,,1,9935796,true,partial:gpu_util_N/R
RUN-20260919-004,pixel-9a,215,2026-09-19T14:42:59.348Z,215000,runtime,true,true,1,1,78.037,12.147,29.939,11.160,272036,565304,1240258,706245,1134300,177327,7752852,313116,1686444,483580,,,63.000,63,surfaceflinger_latency,85.000,36.000,,1,9935796,true,partial:gpu_util_N/R
RUN-20260919-004,pixel-9a,216,2026-09-19T14:42:59.988Z,216000,runtime,true,true,1,1,81.301,13.550,29.810,11.160,272248,565304,1240258,706245,1134300,177327,7752852,317892,1686444,483584,,,39.000,39,surfaceflinger_latency,85.000,36.000,,1,9935796,true,partial:gpu_util_N/R
RUN-20260919-004,pixel-9a,217,2026-09-19T14:43:01.140Z,217000,runtime,true,true,1,1,78.223,13.892,34.293,11.160,272256,565304,1240258,706245,1134300,177327,7752852,315924,1686444,483588,,,63.000,63,surfaceflinger_latency,85.000,36.000,,1,9935796,true,partial:gpu_util_N/R
RUN-20260919-004,pixel-9a,218,2026-09-19T14:43:02.020Z,218000,runtime,true,true,1,1,81.491,12.650,28.229,11.160,272256,565304,1240258,706245,1134300,177327,7752852,312356,1686444,483592,,,52.997,53,surfaceflinger_latency,85.000,36.000,,1,9935796,true,partial:gpu_util_N/R
RUN-20260919-004,pixel-9a,219,2026-09-19T14:43:02.935Z,219000,runtime,true,true,1,1,78.828,13.449,30.759,11.160,272480,565304,1240258,706245,1134300,177327,7752852,310352,1686444,483592,,,55.002,55,surfaceflinger_latency,85.000,36.000,,1,9935796,true,partial:gpu_util_N/R
RUN-20260919-004,pixel-9a,220,2026-09-19T14:43:04.708Z,220000,runtime,true,true,1,1,78.112,13.448,32.761,11.230,272488,565304,1240642,706377,1134316,177263,7752852,306628,1686444,483596,,,63.002,63,surfaceflinger_latency,85.000,36.300,,1,9935796,true,partial:gpu_util_N/R
RUN-20260919-004,pixel-9a,221,2026-09-19T14:43:05.174Z,221337,runtime,true,true,1,1,84.722,12.798,29.067,11.230,272508,565304,1240642,706377,1134316,177263,7752852,310396,1686444,483600,,,20.941,28,surfaceflinger_latency,85.000,36.300,,1,9935796,true,partial:gpu_util_N/R
RUN-20260919-004,pixel-9a,222,2026-09-19T14:43:05.858Z,222000,runtime,true,true,1,1,84.615,12.032,32.742,11.230,272516,565304,1240642,706377,1134316,177263,7752852,304296,1686444,483604,,,61.849,41,surfaceflinger_latency,85.000,36.300,,1,9935796,true,partial:gpu_util_N/R
RUN-20260919-004,pixel-9a,223,2026-09-19T14:43:06.936Z,223000,runtime,true,true,1,1,80.749,13.695,32.817,11.230,272680,565304,1240642,706377,1134316,177263,7752852,293568,1686444,483608,,,62.997,63,surfaceflinger_latency,85.000,36.300,,1,9935796,true,partial:gpu_util_N/R
RUN-20260919-004,pixel-9a,224,2026-09-19T14:43:07.999Z,224000,runtime,true,true,1,1,81.022,13.139,31.752,11.230,272804,565568,1240642,706377,1134316,177263,7752852,290328,1686444,483612,,,63.002,63,surfaceflinger_latency,85.000,36.300,,1,9935796,true,partial:gpu_util_N/R
RUN-20260919-004,pixel-9a,225,2026-09-19T14:43:09.343Z,225000,runtime,true,true,1,1,78.871,13.517,31.627,11.050,272812,565568,1241010,706733,1134336,177255,7752852,288864,1686444,483616,,,62.998,63,surfaceflinger_latency,85.000,36.300,,1,9935796,true,partial:gpu_util_N/R
RUN-20260919-004,pixel-9a,226,2026-09-19T14:43:09.922Z,226000,runtime,true,true,1,1,82.158,13.831,30.982,11.050,272880,565568,1241010,706733,1134336,177255,7752852,289512,1686444,483620,,,35.000,35,surfaceflinger_latency,85.000,36.300,,1,9935796,true,partial:gpu_util_N/R
RUN-20260919-004,pixel-9a,227,2026-09-19T14:43:11.116Z,227000,runtime,true,true,1,1,79.345,13.728,33.627,11.050,273104,565568,1241010,706733,1134336,177255,7752852,288008,1686444,483624,,,63.000,63,surfaceflinger_latency,85.000,36.300,,1,9935796,true,partial:gpu_util_N/R
RUN-20260919-004,pixel-9a,228,2026-09-19T14:43:12.006Z,228000,runtime,true,true,1,1,79.392,13.210,30.647,11.050,273156,565568,1241010,706733,1134336,177255,7752852,282324,1686444,483628,,,54.002,54,surfaceflinger_latency,85.000,36.300,,1,9935796,true,partial:gpu_util_N/R
RUN-20260919-004,pixel-9a,229,2026-09-19T14:43:13.123Z,229000,runtime,true,true,1,1,77.883,13.569,31.479,11.050,273156,565568,1241010,706733,1134336,177255,7752852,350232,1686444,483632,,,62.993,63,surfaceflinger_latency,85.000,36.300,,1,9935796,true,partial:gpu_util_N/R
RUN-20260919-004,pixel-9a,230,2026-09-19T14:43:15.032Z,230000,runtime,true,true,1,1,83.616,12.571,29.944,10.890,273036,565568,1241329,706865,1134352,177255,7752852,376196,1686444,483632,,,63.005,63,surfaceflinger_latency,85.000,36.300,,1,9935784,true,partial:gpu_util_N/R
RUN-20260919-004,pixel-9a,231,2026-09-19T14:43:15.737Z,231661,runtime,true,true,1,1,85.296,12.436,27.871,10.890,273040,565568,1241329,706865,1134352,177255,7752852,300636,1686444,483636,,,25.275,42,surfaceflinger_latency,85.000,36.300,,1,9935784,true,partial:gpu_util_N/R
RUN-20260919-004,pixel-9a,232,2026-09-19T14:43:16.373Z,232366,runtime,true,true,1,1,92.176,9.924,20.802,10.890,272172,553864,1241329,706865,1134352,177255,7752852,337200,1686444,483640,,,55.307,39,surfaceflinger_latency,85.000,36.300,,1,9935784,true,partial:gpu_util_N/R
RUN-20260919-004,pixel-9a,233,2026-09-19T14:43:17.026Z,233002,runtime,true,true,1,1,88.406,11.801,28.778,10.890,271744,553776,1241329,706865,1134352,177255,7752852,315884,1686444,483640,,,61.351,39,surfaceflinger_latency,85.000,36.300,,1,9935784,true,partial:gpu_util_N/R
RUN-20260919-004,pixel-9a,234,2026-09-19T14:43:17.875Z,234000,runtime,true,true,1,1,86.382,11.829,27.098,10.890,271744,553776,1241329,706865,1134352,177255,7752852,302148,1686708,483644,,,51.133,51,surfaceflinger_latency,85.000,36.300,,1,9935784,true,partial:gpu_util_N/R
RUN-20260919-004,pixel-9a,235,2026-09-19T14:43:19.237Z,235000,runtime,true,true,1,1,81.467,13.256,31.789,10.900,271752,554028,1241109,706686,1134368,188461,7752852,292520,1686708,483648,,,62.996,63,surfaceflinger_latency,85.000,36.300,,1,9935784,true,partial:gpu_util_N/R
RUN-20260919-004,pixel-9a,236,2026-09-19T14:43:20.021Z,236000,runtime,true,true,1,1,82.250,12.875,30.500,10.900,271924,554028,1241109,706686,1134368,188461,7752852,296860,1686708,483648,,,47.997,48,surfaceflinger_latency,85.000,36.300,,1,9935784,true,partial:gpu_util_N/R
RUN-20260919-004,pixel-9a,237,2026-09-19T14:43:20.941Z,237000,runtime,true,true,1,1,79.310,12.828,31.586,10.900,272132,554028,1241109,706686,1134368,188461,7752852,295112,1686708,483652,,,55.005,55,surfaceflinger_latency,85.000,36.300,,1,9935784,true,partial:gpu_util_N/R
RUN-20260919-004,pixel-9a,238,2026-09-19T14:43:22.072Z,238000,runtime,true,true,1,1,78.368,14.091,33.745,10.900,272192,554028,1241109,706686,1134368,188461,7752852,294244,1686708,483656,,,63.002,63,surfaceflinger_latency,85.000,36.300,,1,9935784,true,partial:gpu_util_N/R
RUN-20260919-004,pixel-9a,239,2026-09-19T14:43:22.935Z,239000,runtime,true,true,1,1,78.420,12.835,29.619,10.900,272200,554028,1241109,706686,1134368,188461,7752852,288152,1686708,483660,,,51.996,52,surfaceflinger_latency,85.000,36.300,,1,9935784,true,partial:gpu_util_N/R
RUN-20260919-004,pixel-9a,240,2026-09-19T14:43:24.827Z,240000,runtime,true,true,1,1,78.525,13.583,34.541,10.990,272208,554028,1241576,706826,1134384,188453,7752852,302520,1686708,483664,,,63.004,63,surfaceflinger_latency,85.000,36.500,,1,9935740,true,partial:gpu_util_N/R
RUN-20260919-004,pixel-9a,241,2026-09-19T14:43:25.478Z,241456,runtime,true,true,1,1,82.966,12.798,28.950,10.990,272492,554028,1241576,706826,1134384,188453,7752852,321736,1686708,483668,,,26.777,39,surfaceflinger_latency,85.000,36.500,,1,9935740,true,partial:gpu_util_N/R
RUN-20260919-004,pixel-9a,242,2026-09-19T14:43:26.099Z,242107,runtime,true,true,1,1,81.646,12.658,29.325,10.990,272500,554028,1241576,706826,1134384,188453,7752852,319468,1686708,483672,,,58.384,38,surfaceflinger_latency,85.000,36.500,,1,9935740,true,partial:gpu_util_N/R
RUN-20260919-004,pixel-9a,243,2026-09-19T14:43:26.915Z,243000,runtime,true,true,1,1,80.758,13.333,30.303,10.990,272508,554028,1241576,706826,1134384,188453,7752852,328452,1686708,483676,,,54.890,49,surfaceflinger_latency,85.000,36.500,,1,9935740,true,partial:gpu_util_N/R
RUN-20260919-004,pixel-9a,244,2026-09-19T14:43:28.022Z,244000,runtime,true,true,1,1,79.408,13.900,31.660,10.990,272508,554028,1241576,706826,1134384,188453,7752852,321820,1686708,483680,,,63.004,63,surfaceflinger_latency,85.000,36.500,,1,9935740,true,partial:gpu_util_N/R
RUN-20260919-004,pixel-9a,245,2026-09-19T14:43:29.402Z,245000,runtime,true,true,1,1,78.927,13.351,32.461,11.230,272816,554284,1241939,706938,1134404,188453,7752852,325168,1686708,483680,,,63.000,63,surfaceflinger_latency,85.000,36.500,,1,9935740,true,partial:gpu_util_N/R
RUN-20260919-004,pixel-9a,246,2026-09-19T14:43:30.135Z,246031,runtime,true,true,1,1,80.497,12.795,30.062,11.230,272836,554284,1241939,706938,1134404,188453,7752852,322460,1686708,483684,,,42.656,44,surfaceflinger_latency,85.000,36.500,,1,9935740,true,partial:gpu_util_N/R
RUN-20260919-004,pixel-9a,247,2026-09-19T14:43:31.070Z,247000,runtime,true,true,1,1,80.601,13.115,31.967,11.230,272844,554284,1241939,706938,1134404,188453,7752852,314304,1686708,483688,,,57.819,56,surfaceflinger_latency,85.000,36.500,,1,9935740,true,partial:gpu_util_N/R
RUN-20260919-004,pixel-9a,248,2026-09-19T14:43:32.039Z,248000,runtime,true,true,1,1,80.704,13.038,31.421,11.230,272852,554284,1241939,706938,1134404,188453,7752852,325144,1686576,483692,,,58.001,58,surfaceflinger_latency,85.000,36.500,,1,9935740,true,partial:gpu_util_N/R
RUN-20260919-004,pixel-9a,249,2026-09-19T14:43:32.932Z,249000,runtime,true,true,1,1,78.911,13.827,31.425,11.230,273072,554284,1241939,706938,1134404,188453,7752852,314656,1686576,483696,,,53.998,54,surfaceflinger_latency,85.000,36.500,,1,9935740,true,partial:gpu_util_N/R
RUN-20260919-004,pixel-9a,250,2026-09-19T14:43:34.847Z,250000,runtime,true,true,1,1,78.503,14.014,33.878,11.450,273116,554284,1242295,707202,1134420,188453,7752852,319116,1686576,483700,,,63.004,63,surfaceflinger_latency,85.000,36.500,,1,9935772,true,partial:gpu_util_N/R
RUN-20260919-004,pixel-9a,251,2026-09-19T14:43:35.394Z,251476,runtime,true,true,1,1,82.701,12.974,31.244,11.450,272972,554284,1242295,707202,1134420,188453,7752852,308476,1686576,483704,,,22.345,33,surfaceflinger_latency,85.000,36.500,,1,9935772,true,partial:gpu_util_N/R
RUN-20260919-004,pixel-9a,252,2026-09-19T14:43:35.940Z,252023,runtime,true,true,1,1,80.808,13.131,31.818,11.450,272980,554284,1242295,707202,1134420,188453,7752852,302204,1686576,483708,,,60.419,33,surfaceflinger_latency,85.000,36.500,,1,9935772,true,partial:gpu_util_N/R
RUN-20260919-004,pixel-9a,253,2026-09-19T14:43:36.893Z,253000,runtime,true,true,1,1,78.214,12.855,31.529,11.450,273244,554284,1242295,707202,1134420,188453,7752852,298768,1686576,483712,,,58.345,57,surfaceflinger_latency,85.000,36.500,,1,9935772,true,partial:gpu_util_N/R
RUN-20260919-004,pixel-9a,254,2026-09-19T14:43:37.984Z,254000,runtime,true,true,1,1,78.152,13.608,31.835,11.450,273460,554652,1242295,707202,1134420,188453,7752852,311364,1686576,483716,,,62.995,63,surfaceflinger_latency,85.000,36.500,,1,9935772,true,partial:gpu_util_N/R
RUN-20260919-004,pixel-9a,255,2026-09-19T14:43:39.478Z,255000,runtime,true,true,1,1,79.301,13.978,34.274,11.570,273468,554652,1242667,707342,1134440,188453,7752852,307228,1686576,483720,,,63.005,63,surfaceflinger_latency,85.000,36.500,,1,9935772,true,partial:gpu_util_N/R
RUN-20260919-004,pixel-9a,256,2026-09-19T14:43:40.160Z,256107,runtime,true,true,1,1,80.335,12.514,29.162,11.570,273460,554652,1242667,707342,1134440,188453,7752852,304364,1686576,483724,,,37.004,41,surfaceflinger_latency,85.000,36.500,,1,9935772,true,partial:gpu_util_N/R
RUN-20260919-004,pixel-9a,257,2026-09-19T14:43:40.981Z,257000,runtime,true,true,1,1,79.045,13.251,31.125,11.570,273616,554652,1242667,707342,1134440,188453,7752852,303928,1686576,483724,,,56.047,50,surfaceflinger_latency,85.000,36.500,,1,9935772,true,partial:gpu_util_N/R
RUN-20260919-004,pixel-9a,258,2026-09-19T14:43:42.018Z,258000,runtime,true,true,1,1,78.046,12.563,31.599,11.570,273624,554652,1242667,707342,1134440,188453,7752852,308692,1686576,483728,,,62.003,62,surfaceflinger_latency,85.000,36.500,,1,9935772,true,partial:gpu_util_N/R
RUN-20260919-004,pixel-9a,259,2026-09-19T14:43:43.004Z,259000,runtime,true,true,1,1,76.934,13.467,33.095,11.570,273632,554652,1242667,707342,1134440,188453,7752852,306940,1686576,483732,,,59.002,59,surfaceflinger_latency,85.000,36.500,,1,9935772,true,partial:gpu_util_N/R
RUN-20260919-004,pixel-9a,260,2026-09-19T14:43:45.014Z,260000,runtime,true,true,1,1,79.248,12.621,30.825,11.370,273640,554652,1243001,707458,1134456,188445,7752852,297936,1686576,483736,,,62.995,63,surfaceflinger_latency,85.000,36.800,,1,9935772,true,partial:gpu_util_N/R
RUN-20260919-004,pixel-9a,261,2026-09-19T14:43:45.694Z,261643,runtime,true,true,1,1,80.553,12.992,30.511,11.370,273880,554652,1243001,707458,1134456,188445,7752852,293236,1686576,483740,,,24.952,41,surfaceflinger_latency,85.000,36.800,,1,9935772,true,partial:gpu_util_N/R
RUN-20260919-004,pixel-9a,262,2026-09-19T14:43:46.267Z,262323,runtime,true,true,1,1,81.782,12.871,31.089,11.370,273888,554652,1243001,707458,1134456,188445,7752852,285556,1686576,483744,,,50.001,34,surfaceflinger_latency,85.000,36.800,,1,9935772,true,partial:gpu_util_N/R
RUN-20260919-004,pixel-9a,263,2026-09-19T14:43:46.952Z,263000,runtime,true,true,1,1,80.079,13.609,32.150,11.370,273888,554652,1243001,707458,1134456,188445,7752852,290544,1686576,483744,,,60.579,41,surfaceflinger_latency,85.000,36.800,,1,9935772,true,partial:gpu_util_N/R
RUN-20260919-004,pixel-9a,264,2026-09-19T14:43:47.987Z,264000,runtime,true,true,1,1,79.145,13.212,31.347,11.370,273984,554904,1243001,707458,1134456,188445,7752852,293016,1686576,483748,,,62.001,62,surfaceflinger_latency,85.000,36.800,,1,9935772,true,partial:gpu_util_N/R
RUN-20260919-004,pixel-9a,265,2026-09-19T14:43:49.294Z,265000,runtime,true,true,1,1,80.214,13.636,32.754,11.660,274228,554904,1243321,707586,1134472,188445,7752852,290188,1686576,483752,,,62.998,63,surfaceflinger_latency,85.000,36.800,,1,9935772,true,partial:gpu_util_N/R
RUN-20260919-004,pixel-9a,266,2026-09-19T14:43:49.910Z,266000,runtime,true,true,1,1,81.209,12.746,29.698,11.660,274396,554904,1243321,707586,1134472,188445,7752852,288324,1686576,483756,,,37.000,37,surfaceflinger_latency,85.000,36.800,,1,9935772,true,partial:gpu_util_N/R
RUN-20260919-004,pixel-9a,267,2026-09-19T14:43:50.965Z,267000,runtime,true,true,1,1,79.615,13.718,32.949,11.660,274468,554904,1243321,707586,1134472,188445,7752852,286716,1686576,483760,,,63.002,63,surfaceflinger_latency,85.000,36.800,,1,9935772,true,partial:gpu_util_N/R
RUN-20260919-004,pixel-9a,268,2026-09-19T14:43:52.018Z,268000,runtime,true,true,1,1,80.000,13.243,34.189,11.660,274560,554904,1243321,707586,1134472,188445,7752852,295460,1686576,483764,,,62.998,63,surfaceflinger_latency,85.000,36.800,,1,9935772,true,partial:gpu_util_N/R
RUN-20260919-004,pixel-9a,269,2026-09-19T14:43:52.938Z,269000,runtime,true,true,1,1,89.959,10.729,23.521,11.660,268536,517512,1243321,707586,1134472,188445,7752852,364908,1686576,483764,,,56.001,56,surfaceflinger_latency,85.000,36.800,,1,9935772,true,partial:gpu_util_N/R
RUN-20260919-004,pixel-9a,270,2026-09-19T14:43:54.573Z,270000,runtime,true,true,1,1,84.160,12.213,28.295,11.690,268728,517504,1243634,707690,1134488,231794,7752852,347288,1686576,483768,,,62.999,63,surfaceflinger_latency,85.000,36.800,,1,9935780,true,partial:gpu_util_N/R
RUN-20260919-004,pixel-9a,271,2026-09-19T14:43:55.008Z,271202,runtime,true,true,1,1,88.721,10.698,24.070,11.690,268596,517504,1243634,707690,1134488,231794,7752852,362324,1686576,483772,,,21.620,26,surfaceflinger_latency,85.000,36.800,,1,9935780,true,partial:gpu_util_N/R
RUN-20260919-004,pixel-9a,272,2026-09-19T14:43:56.018Z,272000,runtime,true,true,1,1,84.412,12.941,32.206,11.690,268596,517504,1243634,707690,1134488,231794,7752852,352140,1686840,483772,,,76.495,61,surfaceflinger_latency,85.000,36.800,,1,9935780,true,partial:gpu_util_N/R
RUN-20260919-004,pixel-9a,273,2026-09-19T14:43:56.925Z,273000,runtime,true,true,1,1,79.115,13.140,31.397,11.690,268808,517504,1243634,707690,1134488,231794,7752852,356084,1686840,483776,,,54.000,54,surfaceflinger_latency,85.000,36.800,,1,9935780,true,partial:gpu_util_N/R
RUN-20260919-004,pixel-9a,274,2026-09-19T14:43:57.941Z,274000,runtime,true,true,1,1,80.789,12.895,32.105,11.690,269052,517792,1243634,707690,1134488,231794,7752852,351664,1686840,483780,,,61.000,61,surfaceflinger_latency,85.000,36.800,,1,9935780,true,partial:gpu_util_N/R
RUN-20260919-004,pixel-9a,275,2026-09-19T14:43:59.284Z,275000,runtime,true,true,1,1,79.061,13.706,33.249,11.790,269076,517792,1243956,707902,1134504,231794,7752852,345592,1686840,483784,,,62.999,63,surfaceflinger_latency,85.000,36.800,,1,9935780,true,partial:gpu_util_N/R
RUN-20260919-004,pixel-9a,276,2026-09-19T14:44:00.039Z,276000,runtime,true,true,1,1,80.674,12.840,30.869,11.790,269148,517792,1243956,707902,1134504,231794,7752852,340808,1686840,483788,,,45.000,45,surfaceflinger_latency,85.000,36.800,,1,9935780,true,partial:gpu_util_N/R
RUN-20260919-004,pixel-9a,277,2026-09-19T14:44:01.035Z,277000,runtime,true,true,1,1,79.060,12.752,31.544,11.790,269156,517792,1243956,707902,1134504,231794,7752852,343404,1686840,483792,,,60.000,60,surfaceflinger_latency,85.000,36.800,,1,9935780,true,partial:gpu_util_N/R
RUN-20260919-004,pixel-9a,278,2026-09-19T14:44:02.017Z,278000,runtime,true,true,1,1,78.182,12.987,30.130,11.790,269352,517792,1243956,707902,1134504,231794,7752852,338244,1686840,483796,,,59.001,59,surfaceflinger_latency,85.000,36.800,,1,9935780,true,partial:gpu_util_N/R
RUN-20260919-004,pixel-9a,279,2026-09-19T14:44:02.977Z,279000,runtime,true,true,1,1,77.913,13.144,32.249,11.790,269568,517792,1243956,707902,1134504,231794,7752852,340484,1686840,483800,,,58.000,58,surfaceflinger_latency,85.000,36.800,,1,9935780,true,partial:gpu_util_N/R
RUN-20260919-004,pixel-9a,280,2026-09-19T14:44:04.914Z,280000,runtime,true,true,1,1,80.151,12.563,29.774,12.130,269568,517792,1244272,708022,1134524,231794,7752852,334644,1686268,483804,,,62.998,63,surfaceflinger_latency,85.000,37.100,,1,9935672,true,partial:gpu_util_N/R
RUN-20260919-004,pixel-9a,281,2026-09-19T14:44:05.628Z,281543,runtime,true,true,1,1,78.430,13.115,30.975,12.130,269716,517792,1244272,708022,1134524,231794,7752852,324472,1686268,483808,,,27.859,43,surfaceflinger_latency,85.000,37.100,,1,9935672,true,partial:gpu_util_N/R
RUN-20260919-004,pixel-9a,282,2026-09-19T14:44:06.273Z,282257,runtime,true,true,1,1,79.889,12.362,29.705,12.130,269716,517792,1244272,708022,1134524,231794,7752852,321028,1686268,483808,,,54.604,39,surfaceflinger_latency,85.000,37.100,,1,9935672,true,partial:gpu_util_N/R
RUN-20260919-004,pixel-9a,283,2026-09-19T14:44:06.936Z,283000,runtime,true,true,1,1,78.150,12.992,32.874,12.130,269776,518048,1244272,708022,1134524,231794,7752852,317828,1686268,483812,,,53.884,40,surfaceflinger_latency,85.000,37.100,,1,9935672,true,partial:gpu_util_N/R
RUN-20260919-004,pixel-9a,284,2026-09-19T14:44:07.972Z,284000,runtime,true,true,1,1,80.076,12.989,31.400,12.130,269784,518048,1244272,708022,1134524,231794,7752852,364980,1686268,483816,,,61.999,62,surfaceflinger_latency,85.000,37.100,,1,9935672,true,partial:gpu_util_N/R
RUN-20260919-004,pixel-9a,285,2026-09-19T14:44:09.347Z,285000,runtime,true,true,1,1,78.184,12.484,33.165,11.960,269792,518048,1244600,708154,1134540,231794,7752852,357772,1686268,483820,,,63.001,63,surfaceflinger_latency,85.000,37.100,,1,9935672,true,partial:gpu_util_N/R
RUN-20260919-004,pixel-9a,286,2026-09-19T14:44:09.901Z,286000,runtime,true,true,1,1,81.157,13.650,29.228,11.960,269908,518048,1244600,708154,1134540,231794,7752852,343468,1686268,483820,,,34.000,34,surfaceflinger_latency,85.000,37.100,,1,9935672,true,partial:gpu_util_N/R
RUN-20260919-004,pixel-9a,287,2026-09-19T14:44:10.865Z,287000,runtime,true,true,1,1,81.274,13.004,31.209,11.960,270000,518048,1244600,708154,1134540,231794,7752852,338876,1686136,483824,,,58.001,58,surfaceflinger_latency,85.000,37.100,,1,9935672,true,partial:gpu_util_N/R
RUN-20260919-004,pixel-9a,288,2026-09-19T14:44:11.949Z,288000,runtime,true,true,1,1,75.871,13.290,32.387,11.960,270008,518048,1244600,708154,1134540,231794,7752852,339440,1686136,483828,,,63.003,63,surfaceflinger_latency,85.000,37.100,,1,9935672,true,partial:gpu_util_N/R
RUN-20260919-004,pixel-9a,289,2026-09-19T14:44:12.903Z,289000,runtime,true,true,1,1,77.778,13.492,33.333,11.960,270016,518048,1244600,708154,1134540,231794,7752852,330288,1686136,483832,,,58.000,58,surfaceflinger_latency,85.000,37.100,,1,9935672,true,partial:gpu_util_N/R
RUN-20260919-004,pixel-9a,290,2026-09-19T14:44:14.879Z,290000,runtime,true,true,1,1,75.817,13.856,34.248,11.880,270220,518048,1244935,708278,1134556,231794,7752852,335900,1686136,483836,,,63.000,63,surfaceflinger_latency,85.000,37.200,,1,9935584,true,partial:gpu_util_N/R
RUN-20260919-004,pixel-9a,291,2026-09-19T14:44:15.571Z,291508,runtime,true,true,1,1,78.997,12.792,31.201,11.880,270296,518048,1244935,708278,1134556,231794,7752852,321132,1686136,483840,,,27.841,42,surfaceflinger_latency,85.000,37.200,,1,9935584,true,partial:gpu_util_N/R
RUN-20260919-004,pixel-9a,292,2026-09-19T14:44:16.184Z,292200,runtime,true,true,1,1,80.702,13.060,29.630,11.880,270304,518048,1244935,708278,1134556,231794,7752852,320104,1686136,483844,,,53.507,37,surfaceflinger_latency,85.000,37.200,,1,9935584,true,partial:gpu_util_N/R
RUN-20260919-004,pixel-9a,293,2026-09-19T14:44:16.994Z,293000,runtime,true,true,1,1,80.421,13.269,30.421,11.880,270304,518048,1244935,708278,1134556,231794,7752852,323072,1686136,483844,,,61.252,49,surfaceflinger_latency,85.000,37.200,,1,9935584,true,partial:gpu_util_N/R
RUN-20260919-004,pixel-9a,294,2026-09-19T14:44:18.061Z,294000,runtime,true,true,1,1,77.926,14.096,34.176,11.880,270444,518572,1244935,708278,1134556,231794,7752852,316488,1686136,483852,,,62.996,63,surfaceflinger_latency,85.000,37.200,,1,9935584,true,partial:gpu_util_N/R
RUN-20260919-004,pixel-9a,295,2026-09-19T14:44:19.305Z,295000,runtime,true,true,1,1,77.131,13.352,32.812,11.810,270692,518572,1245257,708406,1134576,231794,7752852,312808,1686136,483852,,,63.003,63,surfaceflinger_latency,85.000,37.200,,1,9935584,true,partial:gpu_util_N/R
RUN-20260919-004,pixel-9a,296,2026-09-19T14:44:19.952Z,296000,runtime,true,true,1,1,77.792,12.580,29.910,11.810,270536,518572,1245257,708406,1134576,231794,7752852,310868,1686136,483856,,,39.001,39,surfaceflinger_latency,85.000,37.200,,1,9935584,true,partial:gpu_util_N/R
RUN-20260919-004,pixel-9a,297,2026-09-19T14:44:21.004Z,297000,runtime,true,true,1,1,77.461,12.953,33.679,11.810,270544,518572,1245257,708406,1134576,231794,7752852,321244,1686136,483860,,,62.997,63,surfaceflinger_latency,85.000,37.200,,1,9935584,true,partial:gpu_util_N/R
RUN-20260919-004,pixel-9a,298,2026-09-19T14:44:21.937Z,298000,runtime,true,true,1,1,77.229,13.032,31.824,11.810,270552,518572,1245257,708406,1134576,231794,7752852,314808,1686136,483864,,,56.003,56,surfaceflinger_latency,85.000,37.200,,1,9935584,true,partial:gpu_util_N/R
RUN-20260919-004,pixel-9a,299,2026-09-19T14:44:22.973Z,299000,runtime,true,true,1,1,76.623,13.636,32.468,11.810,270796,518572,1245257,708406,1134576,231794,7752852,318616,1686136,483868,,,62.999,63,surfaceflinger_latency,85.000,37.200,,1,9935584,true,partial:gpu_util_N/R
RUN-20260919-004,pixel-9a,300,2026-09-19T14:44:24.770Z,300000,runtime,true,true,1,1,77.441,13.984,34.433,12.150,270956,518572,1245585,708526,1134592,231794,7752852,311724,1686136,483872,,,63.003,63,surfaceflinger_latency,85.000,37.200,,1,9935584,true,partial:gpu_util_N/R
RUN-20260919-004,lenovo-tb-j606f,0,2026-09-19T14:53:12.799Z,2065,startup,true,false,1,0,,,,0.000,91036,,49416,,424,1140,5813780,2679948,,,,,,,,79.000,27.600,703.000,0,68245464,true,partial:gpu_util_N/R|fps_N/R
RUN-20260919-004,lenovo-tb-j606f,1,2026-09-19T14:53:13.464Z,5983,startup,true,false,1,0,73.461,29.451,,0.000,203212,,49416,,424,1140,5813780,2674292,,,,,,,,79.000,27.600,703.000,0,68245464,true,partial:gpu_util_N/R|fps_N/R
RUN-20260919-004,lenovo-tb-j606f,2,2026-09-19T14:53:14.159Z,6646,startup,true,false,1,0,44.216,18.284,,0.000,223916,,49416,,424,1140,5813780,2679428,,,,,,,,79.000,27.600,703.000,0,68245464,true,partial:gpu_util_N/R|fps_N/R
RUN-20260919-004,lenovo-tb-j606f,3,2026-09-19T14:53:14.734Z,7340,startup,true,false,1,0,42.582,15.414,,0.000,245756,,49416,,424,1140,5813780,2674452,,,,,,,,79.000,27.600,703.000,0,68245464,true,partial:gpu_util_N/R|fps_N/R
RUN-20260919-004,lenovo-tb-j606f,4,2026-09-19T14:53:15.359Z,7915,startup,true,false,1,0,46.285,19.321,,0.000,249396,,49416,,424,1140,5813780,2676716,,,,,,,,79.000,27.600,703.000,0,68245464,true,partial:gpu_util_N/R|fps_N/R
RUN-20260919-004,lenovo-tb-j606f,5,2026-09-19T14:53:16.244Z,8540,startup,true,false,1,0,42.650,16.563,,0.000,159580,,137912,,58596,231,5813780,2677632,,,,,,,,79.000,27.600,703.000,0,68245464,true,partial:gpu_util_N/R|fps_N/R
RUN-20260919-004,lenovo-tb-j606f,6,2026-09-19T14:53:16.817Z,9426,startup,true,false,1,0,45.982,19.196,,0.000,175592,,137912,,58596,231,5813780,2674620,,,,,,,,79.000,27.600,703.000,0,68245464,true,partial:gpu_util_N/R|fps_N/R
RUN-20260919-004,lenovo-tb-j606f,7,2026-09-19T14:53:17.393Z,9998,startup,true,false,1,0,47.771,18.259,,0.000,189124,,137912,,58596,231,5813780,2679872,,,,,,,,79.000,27.600,703.000,0,68245464,true,partial:gpu_util_N/R|fps_N/R
RUN-20260919-004,lenovo-tb-j606f,8,2026-09-19T14:53:18.040Z,10574,startup,true,false,1,0,50.511,19.018,,0.000,196444,,137912,,58596,231,5813780,2678764,,,,,,,,79.000,27.600,703.000,0,68245464,true,partial:gpu_util_N/R|fps_N/R
RUN-20260919-004,lenovo-tb-j606f,9,2026-09-19T14:53:18.664Z,11222,startup,true,false,1,0,51.837,18.980,,0.000,192516,,137912,,58596,231,5813780,2677660,,,,,,,,79.000,27.600,703.000,0,68245464,true,partial:gpu_util_N/R|fps_N/R
RUN-20260919-004,lenovo-tb-j606f,10,2026-09-19T14:53:21.959Z,11845,startup,true,false,1,0,48.544,18.447,,0.000,213592,,197169,,58588,231,5813780,2678556,,,,,,,,79.000,27.700,468.000,0,67881900,true,partial:gpu_util_N/R|fps_N/R
RUN-20260919-004,lenovo-tb-j606f,11,2026-09-19T14:53:22.652Z,15140,startup,true,false,1,0,52.216,18.844,,0.000,160324,,197169,,58588,231,5813780,2745392,,,,,,,,79.000,27.700,468.000,0,67881900,true,partial:gpu_util_N/R|fps_N/R
RUN-20260919-004,lenovo-tb-j606f,12,2026-09-19T14:53:23.227Z,15833,startup,true,false,1,0,50.701,14.429,,0.000,167884,,197169,,58588,231,5813780,2742928,,,,,,,,79.000,27.700,468.000,0,67881900,true,partial:gpu_util_N/R|fps_N/R
RUN-20260919-004,lenovo-tb-j606f,13,2026-09-19T14:53:23.849Z,16408,startup,true,false,1,0,45.969,15.904,,0.000,161408,,197169,,58588,231,5813780,2744608,,,,,,,,79.000,27.700,468.000,0,67881900,true,partial:gpu_util_N/R|fps_N/R
RUN-20260919-004,lenovo-tb-j606f,14,2026-09-19T14:53:24.433Z,17030,startup,true,false,1,0,46.170,13.191,,0.000,158484,,197169,,58588,231,5813780,2749112,,,,,,,,79.000,27.700,468.000,0,67881900,true,partial:gpu_util_N/R|fps_N/R
RUN-20260919-004,lenovo-tb-j606f,15,2026-09-19T14:53:25.333Z,17615,startup,true,false,1,0,41.365,9.595,,0.000,158148,,103085,,31028,229,5813780,2750448,,,,,,,,79.000,27.700,468.000,0,67881900,true,partial:gpu_util_N/R|fps_N/R
RUN-20260919-004,lenovo-tb-j606f,16,2026-09-19T14:53:25.944Z,18514,startup,true,false,1,0,35.269,9.773,,0.000,156532,,103085,,31028,229,5813780,2748784,,,,,,,,79.000,27.700,468.000,0,67881900,true,partial:gpu_util_N/R|fps_N/R
RUN-20260919-004,lenovo-tb-j606f,17,2026-09-19T14:53:26.532Z,19125,startup,true,false,1,0,43.532,14.168,,0.000,156140,,103085,,31028,229,5813780,2745608,,,,,,,,79.000,27.700,468.000,0,67881900,true,partial:gpu_util_N/R|fps_N/R
RUN-20260919-004,lenovo-tb-j606f,18,2026-09-19T14:53:27.124Z,19713,startup,true,false,1,0,58.000,13.556,,0.000,155196,,103085,,31028,229,5813780,2745412,,,,,,,,79.000,27.700,468.000,0,67881900,true,partial:gpu_util_N/R|fps_N/R
RUN-20260919-004,lenovo-tb-j606f,19,2026-09-19T14:53:27.763Z,20306,startup,true,false,1,0,45.666,14.799,,0.000,154792,,103085,,31028,229,5813780,2746120,,,,,,,,79.000,27.700,468.000,0,67881900,true,partial:gpu_util_N/R|fps_N/R
RUN-20260919-004,lenovo-tb-j606f,20,2026-09-19T14:53:30.949Z,20944,startup,true,false,1,0,45.257,14.822,,0.000,154552,,101123,,31156,325,5813780,2746912,,,,,,,,79.000,27.900,585.000,0,67494796,true,partial:gpu_util_N/R|fps_N/R
RUN-20260919-004,lenovo-tb-j606f,21,2026-09-19T14:53:31.590Z,24131,startup,true,false,1,0,44.900,12.840,,0.000,154772,,101123,,31156,325,5813780,2768568,,,,,,,,79.000,27.900,585.000,0,67494796,true,partial:gpu_util_N/R|fps_N/R
RUN-20260919-004,lenovo-tb-j606f,22,2026-09-19T14:53:32.214Z,24771,startup,true,false,1,0,35.021,14.346,,0.000,154772,,101123,,31156,325,5813780,2767888,,,,,,,,79.000,27.900,585.000,0,67494796,true,partial:gpu_util_N/R|fps_N/R
RUN-20260919-004,lenovo-tb-j606f,23,2026-09-19T14:53:32.863Z,25395,startup,true,false,1,0,35.258,15.258,,0.000,154788,,101123,,31156,325,5813780,2764976,,,,,,,,79.000,27.900,585.000,0,67494796,true,partial:gpu_util_N/R|fps_N/R
RUN-20260919-004,lenovo-tb-j606f,24,2026-09-19T14:53:33.476Z,26044,startup,true,false,1,0,35.827,14.567,,0.000,154720,,101123,,31156,325,5813780,2766800,,,,,,,,79.000,27.900,585.000,0,67494796,true,partial:gpu_util_N/R|fps_N/R
RUN-20260919-004,lenovo-tb-j606f,25,2026-09-19T14:53:34.333Z,26658,startup,true,false,1,0,35.960,14.141,,0.000,154720,,99343,,31076,329,5813780,2766136,,,,,,,,79.000,27.900,585.000,0,67494796,true,partial:gpu_util_N/R|fps_N/R
RUN-20260919-004,lenovo-tb-j606f,26,2026-09-19T14:53:34.966Z,27514,startup,true,false,1,0,34.978,14.798,,0.000,154484,,99343,,31076,329,5813780,2766488,,,,,,,,79.000,27.900,585.000,0,67494796,true,partial:gpu_util_N/R|fps_N/R
RUN-20260919-004,lenovo-tb-j606f,27,2026-09-19T14:53:35.620Z,28147,startup,true,false,1,0,34.623,14.868,,0.000,154496,,99343,,31076,329,5813780,2767420,,,,,,,,79.000,27.900,585.000,0,67494796,true,partial:gpu_util_N/R|fps_N/R
RUN-20260919-004,lenovo-tb-j606f,28,2026-09-19T14:53:36.266Z,28801,startup,true,false,1,0,35.509,14.779,,0.000,154496,,99343,,31076,329,5813780,2767952,,,,,,,,79.000,27.900,585.000,0,67494796,true,partial:gpu_util_N/R|fps_N/R
RUN-20260919-004,lenovo-tb-j606f,29,2026-09-19T14:53:36.905Z,29447,startup,true,false,1,0,35.673,13.645,,0.000,154232,,99343,,31076,329,5813780,2768124,,,,,,,,79.000,27.900,585.000,0,67494796,true,partial:gpu_util_N/R|fps_N/R
RUN-20260919-004,lenovo-tb-j606f,30,2026-09-19T14:53:40.122Z,30086,startup,true,false,1,0,45.437,14.286,,0.000,153412,,99088,,31104,1009,5813780,2771124,,,,,,,,79.000,27.900,585.000,0,67493632,true,partial:gpu_util_N/R|fps_N/R
RUN-20260919-004,lenovo-tb-j606f,31,2026-09-19T14:53:40.749Z,33304,startup,true,false,1,0,47.080,14.759,,0.000,151300,,99088,,31104,1009,5813780,2780440,,,,,,,,79.000,27.900,585.000,0,67493632,true,partial:gpu_util_N/R|fps_N/R
RUN-20260919-004,lenovo-tb-j606f,32,2026-09-19T14:53:41.367Z,33931,startup,true,false,1,0,44.606,14.108,,0.000,147252,,99088,,31104,1009,5813780,2780916,,,,,,,,79.000,27.900,585.000,0,67493632,true,partial:gpu_util_N/R|fps_N/R
RUN-20260919-004,lenovo-tb-j606f,33,2026-09-19T14:53:42.015Z,34548,startup,true,false,1,0,46.154,14.038,,0.000,144420,,99088,,31104,1009,5813780,2781704,,,,,,,,79.000,27.900,585.000,0,67493632,true,partial:gpu_util_N/R|fps_N/R
RUN-20260919-004,lenovo-tb-j606f,34,2026-09-19T14:53:42.656Z,35196,startup,true,false,1,0,46.667,14.949,,0.000,139532,,99088,,31104,1009,5813780,2783424,,,,,,,,79.000,27.900,585.000,0,67493632,true,partial:gpu_util_N/R|fps_N/R
RUN-20260919-004,lenovo-tb-j606f,35,2026-09-19T14:53:43.509Z,35837,startup,true,false,1,0,45.582,14.458,,0.000,134328,,92608,,31168,1859,5813780,2781712,,,,,,,,79.000,27.900,585.000,0,67493632,true,partial:gpu_util_N/R|fps_N/R
RUN-20260919-004,lenovo-tb-j606f,36,2026-09-19T14:53:44.163Z,36691,startup,true,false,1,0,45.333,15.259,,0.000,129972,,92608,,31168,1859,5813780,2784372,,,,,,,,79.000,27.900,585.000,0,67493632,true,partial:gpu_util_N/R|fps_N/R
RUN-20260919-004,lenovo-tb-j606f,37,2026-09-19T14:53:44.792Z,37345,startup,true,false,1,0,44.015,14.672,,0.000,127640,,92608,,31168,1859,5813780,2785388,,,,,,,,79.000,27.900,585.000,0,67493632,true,partial:gpu_util_N/R|fps_N/R
RUN-20260919-004,lenovo-tb-j606f,38,2026-09-19T14:53:45.463Z,38000,startup,true,false,1,0,44.664,14.822,,0.000,126028,,92608,,31168,1859,5813780,2785628,,,,,,,,79.000,27.900,585.000,0,67493632,true,partial:gpu_util_N/R|fps_N/R
RUN-20260919-004,lenovo-tb-j606f,39,2026-09-19T14:53:46.606Z,39000,startup,true,false,1,0,40.757,14.365,,0.000,121936,,92608,,31168,1859,5813780,2788956,,,,,,,,79.000,27.900,585.000,0,67493632,true,partial:gpu_util_N/R|fps_N/R
RUN-20260919-004,lenovo-tb-j606f,40,2026-09-19T14:53:50.141Z,40000,startup,true,false,1,0,36.242,14.631,,0.000,121836,,88694,,31212,2659,5813780,2787212,,,,,,,,79.000,28.000,195.000,0,67492164,true,partial:gpu_util_N/R|fps_N/R
RUN-20260919-004,lenovo-tb-j606f,41,2026-09-19T14:53:50.791Z,43322,startup,true,false,1,0,38.060,14.647,,0.000,121020,,88694,,31212,2659,5813780,2786448,,,,,,,,79.000,28.000,195.000,0,67492164,true,partial:gpu_util_N/R|fps_N/R
RUN-20260919-004,lenovo-tb-j606f,42,2026-09-19T14:53:51.439Z,43973,startup,true,false,1,0,47.554,15.068,,0.000,119908,,88694,,31212,2659,5813780,2788988,,,,,,,,79.000,28.000,195.000,0,67492164,true,partial:gpu_util_N/R|fps_N/R
RUN-20260919-004,lenovo-tb-j606f,43,2026-09-19T14:53:52.040Z,44620,startup,true,false,1,0,47.433,14.168,,0.000,118452,,88694,,31212,2659,5813780,2787092,,,,,,,,79.000,28.000,195.000,0,67492164,true,partial:gpu_util_N/R|fps_N/R
RUN-20260919-004,lenovo-tb-j606f,44,2026-09-19T14:53:52.646Z,45221,startup,true,false,1,0,47.589,14.465,,0.000,117744,,88694,,31212,2659,5813780,2789200,,,,,,,,79.000,28.000,195.000,0,67492164,true,partial:gpu_util_N/R|fps_N/R
RUN-20260919-004,lenovo-tb-j606f,45,2026-09-19T14:53:53.520Z,45828,startup,true,false,1,0,47.807,14.912,,0.000,116728,,87557,,31276,3048,5813780,2791936,,,,,,,,79.000,28.000,195.000,0,67492164,true,partial:gpu_util_N/R|fps_N/R
RUN-20260919-004,lenovo-tb-j606f,46,2026-09-19T14:53:54.143Z,46702,startup,true,false,1,0,43.732,14.957,,0.000,115792,,87557,,31276,3048,5813780,2795552,,,,,,,,79.000,28.000,195.000,0,67492164,true,partial:gpu_util_N/R|fps_N/R
RUN-20260919-004,lenovo-tb-j606f,47,2026-09-19T14:53:54.816Z,47324,startup,true,false,1,0,48.119,14.851,,0.000,115372,,87557,,31276,3048,5813780,2793460,,,,,,,,79.000,28.000,195.000,0,67492164,true,partial:gpu_util_N/R|fps_N/R
RUN-20260919-004,lenovo-tb-j606f,48,2026-09-19T14:53:55.443Z,48000,startup,true,false,1,0,46.979,14.620,,0.000,114792,,87557,,31276,3048,5813780,2796032,,,,,,,,79.000,28.000,195.000,0,67492164,true,partial:gpu_util_N/R|fps_N/R
RUN-20260919-004,lenovo-tb-j606f,49,2026-09-19T14:53:56.486Z,49000,startup,true,false,1,0,42.099,14.355,,0.000,113780,,87557,,31276,3048,5813780,2794408,,,,,,,,79.000,28.000,195.000,0,67492164,true,partial:gpu_util_N/R|fps_N/R
RUN-20260919-004,lenovo-tb-j606f,50,2026-09-19T14:53:59.989Z,50000,startup,true,false,1,0,42.083,12.268,,0.000,111500,,86065,,31284,3272,5813780,2797440,,,,,,,,79.000,28.000,429.000,0,67490576,true,partial:gpu_util_N/R|fps_N/R
RUN-20260919-004,lenovo-tb-j606f,51,2026-09-19T14:54:00.626Z,53170,startup,true,false,1,0,49.428,14.291,,0.000,106876,,86065,,31284,3272,5813780,2809624,,,,,,,,79.000,28.000,429.000,0,67490576,true,partial:gpu_util_N/R|fps_N/R
RUN-20260919-004,lenovo-tb-j606f,52,2026-09-19T14:54:01.251Z,53807,startup,true,false,1,0,34.800,14.600,,0.000,106876,,86065,,31284,3272,5813780,2807588,,,,,,,,79.000,28.000,429.000,0,67490576,true,partial:gpu_util_N/R|fps_N/R
RUN-20260919-004,lenovo-tb-j606f,53,2026-09-19T14:54:01.866Z,54432,startup,true,false,1,0,35.611,14.286,,0.000,106876,,86065,,31284,3272,5813780,2804852,,,,,,,,79.000,28.000,429.000,0,67490576,true,partial:gpu_util_N/R|fps_N/R
RUN-20260919-004,lenovo-tb-j606f,54,2026-09-19T14:54:02.493Z,55048,startup,true,false,1,0,35.504,14.916,,0.000,106876,,86065,,31284,3272,5813780,2802008,,,,,,,,79.000,28.000,429.000,0,67490576,true,partial:gpu_util_N/R|fps_N/R
RUN-20260919-004,lenovo-tb-j606f,55,2026-09-19T14:54:03.420Z,55674,startup,true,false,1,0,35.400,14.200,,0.000,106876,,85116,,31284,3365,5813780,2803500,,,,,,,,79.000,28.000,429.000,0,67490576,true,partial:gpu_util_N/R|fps_N/R
RUN-20260919-004,lenovo-tb-j606f,56,2026-09-19T14:54:04.043Z,56602,startup,true,false,1,0,41.454,14.536,,0.000,105960,,85116,,31284,3365,5813780,2806772,,,,,,,,79.000,28.000,429.000,0,67490576,true,partial:gpu_util_N/R|fps_N/R
RUN-20260919-004,lenovo-tb-j606f,57,2026-09-19T14:54:04.629Z,57225,startup,true,false,1,0,42.593,14.403,,0.000,105648,,85116,,31284,3365,5813780,2805352,,,,,,,,79.000,28.000,429.000,0,67490576,true,partial:gpu_util_N/R|fps_N/R
RUN-20260919-004,lenovo-tb-j606f,58,2026-09-19T14:54:05.440Z,58000,startup,true,false,1,0,43.541,14.195,,0.000,105300,,85116,,31284,3365,5813780,2808264,,,,,,,,79.000,28.000,429.000,0,67490576,true,partial:gpu_util_N/R|fps_N/R
RUN-20260919-004,lenovo-tb-j606f,59,2026-09-19T14:54:06.461Z,59000,startup,true,false,1,0,40.798,14.414,,0.000,105008,,85116,,31284,3365,5813780,2809632,,,,,,,,79.000,28.000,429.000,0,67490576,true,partial:gpu_util_N/R|fps_N/R
RUN-20260919-004,lenovo-tb-j606f,60,2026-09-19T14:54:09.948Z,60000,startup,true,false,1,0,41.321,14.119,,0.000,104420,,84307,,31284,3367,5813780,2809272,,,,,,,,79.000,28.100,546.000,0,67489204,true,partial:gpu_util_N/R|fps_N/R
RUN-20260919-004,lenovo-tb-j606f,61,2026-09-19T14:54:10.561Z,63129,startup,true,false,1,0,50.626,14.614,,0.000,102252,,84307,,31284,3367,5813780,2812612,,,,,,,,79.000,28.100,546.000,0,67489204,true,partial:gpu_util_N/R|fps_N/R
RUN-20260919-004,lenovo-tb-j606f,62,2026-09-19T14:54:11.175Z,63743,startup,true,false,1,0,43.067,14.286,,0.000,102064,,84307,,31284,3367,5813780,2814720,,,,,,,,79.000,28.100,546.000,0,67489204,true,partial:gpu_util_N/R|fps_N/R
RUN-20260919-004,lenovo-tb-j606f,63,2026-09-19T14:54:11.826Z,64357,startup,true,false,1,0,44.950,14.851,,0.000,101840,,84307,,31284,3367,5813780,2817600,,,,,,,,79.000,28.100,546.000,0,67489204,true,partial:gpu_util_N/R|fps_N/R
RUN-20260919-004,lenovo-tb-j606f,64,2026-09-19T14:54:12.444Z,65007,startup,true,false,1,0,47.012,14.542,,0.000,101656,,84307,,31284,3367,5813780,2816640,,,,,,,,79.000,28.100,546.000,0,67489204,true,partial:gpu_util_N/R|fps_N/R
RUN-20260919-004,lenovo-tb-j606f,65,2026-09-19T14:54:13.372Z,65626,startup,true,false,1,0,38.622,14.823,,0.000,101592,,83506,,31280,3367,5813780,2817016,,,,,,,,79.000,28.100,546.000,0,67489204,true,partial:gpu_util_N/R|fps_N/R
RUN-20260919-004,lenovo-tb-j606f,66,2026-09-19T14:54:13.992Z,66554,startup,true,false,1,0,33.242,14.835,,0.000,101496,,83506,,31280,3367,5813780,2816564,,,,,,,,79.000,28.100,546.000,0,67489204,true,partial:gpu_util_N/R|fps_N/R
RUN-20260919-004,lenovo-tb-j606f,67,2026-09-19T14:54:14.621Z,67174,startup,true,false,1,0,35.000,14.400,,0.000,101496,,83506,,31280,3367,5813780,2815392,,,,,,,,79.000,28.100,546.000,0,67489204,true,partial:gpu_util_N/R|fps_N/R
RUN-20260919-004,lenovo-tb-j606f,68,2026-09-19T14:54:15.569Z,68000,startup,true,false,1,0,32.653,14.694,,0.000,101496,,83506,,31280,3367,5813780,2814704,,,,,,,,79.000,28.100,546.000,0,67489204,true,partial:gpu_util_N/R|fps_N/R
RUN-20260919-004,lenovo-tb-j606f,69,2026-09-19T14:54:16.455Z,69000,startup,true,false,1,0,37.621,14.246,,0.000,100936,,83506,,31280,3367,5813780,2815556,,,,,,,,79.000,28.100,546.000,0,67489204,true,partial:gpu_util_N/R|fps_N/R
RUN-20260919-004,lenovo-tb-j606f,70,2026-09-19T14:54:20.066Z,70000,startup,true,false,1,0,41.547,14.286,,0.000,100604,,83366,,31280,3575,5813780,2818504,,,,,,,,79.000,28.800,81.235,0,67486868,true,partial:gpu_util_N/R|fps_N/R
RUN-20260919-004,lenovo-tb-j606f,71,2026-09-19T14:54:20.678Z,73247,startup,true,false,1,0,51.325,13.958,,0.000,99772,,83366,,31280,3575,5813780,2819204,,,,,,,,79.000,28.800,81.235,0,67486868,true,partial:gpu_util_N/R|fps_N/R
RUN-20260919-004,lenovo-tb-j606f,72,2026-09-19T14:54:21.303Z,73859,startup,true,false,1,0,47.177,14.516,,0.000,99640,,83366,,31280,3575,5813780,2821472,,,,,,,,79.000,28.800,81.235,0,67486868,true,partial:gpu_util_N/R|fps_N/R
RUN-20260919-004,lenovo-tb-j606f,73,2026-09-19T14:54:21.882Z,74485,startup,true,false,1,0,44.632,14.737,,0.000,99208,,83366,,31280,3575,5813780,2825380,,,,,,,,79.000,28.800,81.235,0,67486868,true,partial:gpu_util_N/R|fps_N/R
RUN-20260919-004,lenovo-tb-j606f,74,2026-09-19T14:54:22.516Z,75063,startup,true,false,1,0,47.193,14.969,,0.000,98836,,83366,,31280,3575,5813780,2827600,,,,,,,,79.000,28.800,81.235,0,67486868,true,partial:gpu_util_N/R|fps_N/R
RUN-20260919-004,lenovo-tb-j606f,75,2026-09-19T14:54:23.404Z,75697,startup,true,false,1,0,47.047,14.664,,0.000,98128,,83083,,31280,4883,5813780,2829604,,,,,,,,79.000,28.800,81.235,0,67486868,true,partial:gpu_util_N/R|fps_N/R
RUN-20260919-004,lenovo-tb-j606f,76,2026-09-19T14:54:24.037Z,76585,startup,true,false,1,0,44.160,14.815,,0.000,97116,,83083,,31280,4883,5813780,2829332,,,,,,,,79.000,28.800,81.235,0,67486868,true,partial:gpu_util_N/R|fps_N/R
RUN-20260919-004,lenovo-tb-j606f,77,2026-09-19T14:54:24.642Z,77218,startup,true,false,1,0,44.681,14.894,,0.000,96908,,83083,,31280,4883,5813780,2826660,,,,,,,,79.000,28.800,81.235,0,67486868,true,partial:gpu_util_N/R|fps_N/R
RUN-20260919-004,lenovo-tb-j606f,78,2026-09-19T14:54:25.434Z,78000,startup,true,false,1,0,43.574,14.577,,0.000,96632,,83083,,31280,4883,5813780,2830168,,,,,,,,79.000,28.800,81.235,0,67486868,true,partial:gpu_util_N/R|fps_N/R
RUN-20260919-004,lenovo-tb-j606f,79,2026-09-19T14:54:26.529Z,79000,startup,true,false,1,0,30.916,14.744,,0.000,96624,,83083,,31280,4883,5813780,2828844,,,,,,,,79.000,28.800,81.235,0,67486868,true,partial:gpu_util_N/R|fps_N/R
RUN-20260919-004,lenovo-tb-j606f,80,2026-09-19T14:54:30.113Z,80000,startup,true,false,1,0,31.619,14.555,,0.000,96612,,83046,,31280,5643,5813780,2827576,,,,,,,,79.000,28.500,81.285,0,67357044,true,partial:gpu_util_N/R|fps_N/R
RUN-20260919-004,lenovo-tb-j606f,81,2026-09-19T14:54:30.767Z,83294,startup,true,false,1,0,46.819,14.224,,0.000,97280,,83046,,31280,5643,5813780,2829860,,,,,,,,79.000,28.500,81.285,0,67357044,true,partial:gpu_util_N/R|fps_N/R
RUN-20260919-004,lenovo-tb-j606f,82,2026-09-19T14:54:31.445Z,83949,startup,true,false,1,0,39.372,12.569,,0.000,97216,,83046,,31280,5643,5813780,2827844,,,,,,,,79.000,28.500,81.285,0,67357044,true,partial:gpu_util_N/R|fps_N/R
RUN-20260919-004,lenovo-tb-j606f,83,2026-09-19T14:54:32.122Z,84627,startup,true,false,1,0,45.367,11.583,,0.000,96640,,83046,,31280,5643,5813780,2829180,,,,,,,,79.000,28.500,81.285,0,67357044,true,partial:gpu_util_N/R|fps_N/R
RUN-20260919-004,lenovo-tb-j606f,84,2026-09-19T14:54:32.770Z,85303,startup,true,false,1,0,41.815,10.848,,0.000,95784,,83046,,31280,5643,5813780,2832136,,,,,,,,79.000,28.500,81.285,0,67357044,true,partial:gpu_util_N/R|fps_N/R
RUN-20260919-004,lenovo-tb-j606f,85,2026-09-19T14:54:33.621Z,85951,startup,true,false,1,0,42.946,10.581,,0.000,95356,,86995,,31280,6178,5813780,2831588,,,,,,,,79.000,28.500,81.285,0,67357044,true,partial:gpu_util_N/R|fps_N/R
RUN-20260919-004,lenovo-tb-j606f,86,2026-09-19T14:54:34.245Z,86803,startup,true,false,1,0,43.804,13.401,,0.000,98824,,86995,,31280,6178,5813780,2833448,,,,,,,,79.000,28.500,81.285,0,67357044,true,partial:gpu_util_N/R|fps_N/R
RUN-20260919-004,lenovo-tb-j606f,87,2026-09-19T14:54:34.849Z,87427,startup,true,false,1,0,42.827,9.356,,0.000,98692,,86995,,31280,6178,5813780,2835200,,,,,,,,79.000,28.500,81.285,0,67357044,true,partial:gpu_util_N/R|fps_N/R
RUN-20260919-004,lenovo-tb-j606f,88,2026-09-19T14:54:35.512Z,88030,startup,true,false,1,0,42.653,11.633,,0.000,98332,,86995,,31280,6178,5813780,2834740,,,,,,,,79.000,28.500,81.285,0,67357044,true,partial:gpu_util_N/R|fps_N/R
RUN-20260919-004,lenovo-tb-j606f,89,2026-09-19T14:54:36.547Z,89000,startup,true,false,1,0,36.823,12.034,,0.000,107264,,86995,,31280,6178,5813780,2834744,,,,,,,,79.000,28.500,81.285,0,67357044,true,partial:gpu_util_N/R|fps_N/R
RUN-20260919-004,lenovo-tb-j606f,90,2026-09-19T14:54:39.933Z,90000,startup,true,false,1,0,40.802,14.523,,0.000,107228,,95215,,31280,6031,5813780,2834740,,,,,,,,79.000,28.500,81.297,0,66437608,true,partial:gpu_util_N/R|fps_N/R
RUN-20260919-004,lenovo-tb-j606f,91,2026-09-19T14:54:40.554Z,93114,startup,true,false,1,0,47.355,11.953,,0.000,102788,,95215,,31280,6031,5813780,2857240,,,,,,,,79.000,28.500,81.297,0,66437608,true,partial:gpu_util_N/R|fps_N/R
RUN-20260919-004,lenovo-tb-j606f,92,2026-09-19T14:54:41.160Z,93735,startup,true,false,1,0,47.234,14.255,,0.000,99728,,95215,,31280,6031,5813780,2856524,,,,,,,,79.000,28.500,81.297,0,66437608,true,partial:gpu_util_N/R|fps_N/R
RUN-20260919-004,lenovo-tb-j606f,93,2026-09-19T14:54:41.776Z,94341,startup,true,false,1,0,41.463,13.618,,0.000,99608,,95215,,31280,6031,5813780,2851944,,,,,,,,79.000,28.500,81.297,0,66437608,true,partial:gpu_util_N/R|fps_N/R
RUN-20260919-004,lenovo-tb-j606f,94,2026-09-19T14:54:42.326Z,94957,startup,true,false,1,0,60.746,12.719,,0.000,99408,,95215,,31280,6031,5813780,2838868,,,,,,,,79.000,28.500,81.297,0,66437608,true,partial:gpu_util_N/R|fps_N/R
RUN-20260919-004,lenovo-tb-j606f,95,2026-09-19T14:54:43.130Z,95507,startup,true,false,1,0,54.425,14.159,,0.000,99296,,87668,,31280,7243,5813780,2837056,,,,,,,,79.000,28.500,81.297,0,66437608,true,partial:gpu_util_N/R|fps_N/R
RUN-20260919-004,lenovo-tb-j606f,96,2026-09-19T14:54:43.714Z,96311,startup,true,false,1,0,61.672,13.249,,0.000,98388,,87668,,31280,7243,5813780,2832240,,,,,,,,79.000,28.500,81.297,0,66437608,true,partial:gpu_util_N/R|fps_N/R
RUN-20260919-004,lenovo-tb-j606f,97,2026-09-19T14:54:44.386Z,97000,startup,true,false,1,0,59.152,9.634,,0.000,97204,,87668,,31280,7243,5813780,2826216,,,,,,,,79.000,28.500,81.297,0,66437608,true,partial:gpu_util_N/R|fps_N/R
RUN-20260919-004,lenovo-tb-j606f,98,2026-09-19T14:54:45.361Z,98000,startup,true,false,1,0,36.849,10.286,,0.000,97028,,87668,,31280,7243,5813780,2825952,,,,,,,,79.000,28.500,81.297,0,66437608,true,partial:gpu_util_N/R|fps_N/R
RUN-20260919-004,lenovo-tb-j606f,99,2026-09-19T14:54:46.498Z,99000,startup,true,false,1,0,37.847,12.269,,0.000,96964,,87668,,31280,7243,5813780,2828536,,,,,,,,79.000,28.500,81.297,0,66437608,true,partial:gpu_util_N/R|fps_N/R
RUN-20260919-004,lenovo-tb-j606f,100,2026-09-19T14:54:50.101Z,100000,startup,true,false,1,0,38.814,9.704,,0.000,96940,,85393,,31280,7240,5813780,2826128,,,,,,,,79.000,28.700,81.285,0,65336752,true,partial:gpu_util_N/R|fps_N/R
RUN-20260919-004,lenovo-tb-j606f,101,2026-09-19T14:54:50.631Z,103282,startup,true,false,1,0,58.212,12.152,,0.000,111720,,85393,,31280,7240,5813780,2882392,,,,,,,,79.000,28.700,81.285,0,65336752,true,partial:gpu_util_N/R|fps_N/R
RUN-20260919-004,lenovo-tb-j606f,102,2026-09-19T14:54:51.194Z,103813,startup,true,false,1,0,46.059,10.837,,0.000,111576,,85393,,31280,7240,5813780,2881104,,,,,,,,79.000,28.700,81.285,0,65336752,true,partial:gpu_util_N/R|fps_N/R
RUN-20260919-004,lenovo-tb-j606f,103,2026-09-19T14:54:51.822Z,104376,startup,true,false,1,0,52.381,14.286,,0.000,111328,,85393,,31280,7240,5813780,2859704,,,,,,,,79.000,28.700,81.285,0,65336752,true,partial:gpu_util_N/R|fps_N/R
RUN-20260919-004,lenovo-tb-j606f,104,2026-09-19T14:54:52.412Z,105003,startup,true,false,1,0,55.876,14.433,,0.000,110944,,85393,,31280,7240,5813780,2851604,,,,,,,,79.000,28.700,81.285,0,65336752,true,partial:gpu_util_N/R|fps_N/R
RUN-20260919-004,lenovo-tb-j606f,105,2026-09-19T14:54:53.303Z,105594,startup,true,false,1,0,70.716,14.100,,0.000,110468,,88218,,30704,6943,5813780,2836732,,,,,,,,79.000,28.700,81.285,0,65336752,true,partial:gpu_util_N/R|fps_N/R
RUN-20260919-004,lenovo-tb-j606f,106,2026-09-19T14:54:53.943Z,106485,startup,true,false,1,0,47.737,15.182,,0.000,108528,,88218,,30704,6943,5813780,2832176,,,,,,,,79.000,28.700,81.285,0,65336752,true,partial:gpu_util_N/R|fps_N/R
RUN-20260919-004,lenovo-tb-j606f,107,2026-09-19T14:54:54.462Z,107124,startup,true,false,1,0,50.980,13.290,,0.000,108224,,88218,,30704,6943,5813780,2837112,,,,,,,,79.000,28.700,81.285,0,65336752,true,partial:gpu_util_N/R|fps_N/R
RUN-20260919-004,lenovo-tb-j606f,108,2026-09-19T14:54:55.382Z,108000,startup,true,false,1,0,51.192,12.903,,0.000,107192,,88218,,30704,6943,5813780,2830216,,,,,,,,79.000,28.700,81.285,0,65336752,true,partial:gpu_util_N/R|fps_N/R
RUN-20260919-004,lenovo-tb-j606f,109,2026-09-19T14:54:56.388Z,109000,startup,true,false,1,0,40.990,9.645,,0.000,106320,,88218,,30704,6943,5813780,2809744,,,,,,,,79.000,28.700,81.285,0,65336752,true,partial:gpu_util_N/R|fps_N/R
RUN-20260919-004,lenovo-tb-j606f,110,2026-09-19T14:55:00.032Z,110000,startup,true,false,1,0,57.644,12.782,,0.000,105120,,86655,,31032,7726,5813780,2809988,,,,,,,,79.000,28.800,81.372,0,64763860,true,partial:gpu_util_N/R|fps_N/R
RUN-20260919-004,lenovo-tb-j606f,111,2026-09-19T14:55:00.567Z,113213,startup,true,false,1,0,57.194,12.316,,0.000,101668,,86655,,31032,7726,5813780,2934792,,,,,,,,79.000,28.800,81.372,0,64763860,true,partial:gpu_util_N/R|fps_N/R
RUN-20260919-004,lenovo-tb-j606f,112,2026-09-19T14:55:01.142Z,113748,startup,true,false,1,0,41.527,9.069,,0.000,101588,,86655,,31032,7726,5813780,2931224,,,,,,,,79.000,28.800,81.372,0,64763860,true,partial:gpu_util_N/R|fps_N/R
RUN-20260919-004,lenovo-tb-j606f,113,2026-09-19T14:55:01.750Z,114323,startup,true,false,1,0,45.527,11.133,,0.000,101272,,86655,,31032,7726,5813780,2930548,,,,,,,,79.000,28.800,81.372,0,64763860,true,partial:gpu_util_N/R|fps_N/R
RUN-20260919-004,lenovo-tb-j606f,114,2026-09-19T14:55:02.284Z,114931,startup,true,false,1,0,44.144,10.811,,0.000,102072,,86655,,31032,7726,5813780,2932568,,,,,,,,79.000,28.800,81.372,0,64763860,true,partial:gpu_util_N/R|fps_N/R
RUN-20260919-004,lenovo-tb-j606f,115,2026-09-19T14:55:03.088Z,115466,startup,true,false,1,0,40.399,10.474,,0.000,102044,,86344,,31024,7799,5813780,2933920,,,,,,,,79.000,28.800,81.372,0,64763860,true,partial:gpu_util_N/R|fps_N/R
RUN-20260919-004,lenovo-tb-j606f,116,2026-09-19T14:55:03.614Z,116269,startup,true,false,1,0,40.250,11.232,,0.000,101716,,86344,,31024,7799,5813780,2935732,,,,,,,,79.000,28.800,81.372,0,64763860,true,partial:gpu_util_N/R|fps_N/R
RUN-20260919-004,lenovo-tb-j606f,117,2026-09-19T14:55:04.500Z,117000,startup,true,false,1,0,36.520,10.658,,0.000,101704,,86344,,31024,7799,5813780,2937200,,,,,,,,79.000,28.800,81.372,0,64763860,true,partial:gpu_util_N/R|fps_N/R
RUN-20260919-004,lenovo-tb-j606f,118,2026-09-19T14:55:05.456Z,118000,startup,true,false,1,0,38.167,11.491,,0.000,101544,,86344,,31024,7799,5813780,2934660,,,,,,,,79.000,28.800,81.372,0,64763860,true,partial:gpu_util_N/R|fps_N/R
RUN-20260919-004,lenovo-tb-j606f,119,2026-09-19T14:55:06.441Z,119000,startup,true,false,1,0,39.823,14.159,,0.000,100740,,86344,,31024,7799,5813780,2932652,,,,,,,,79.000,28.800,81.372,0,64763860,true,partial:gpu_util_N/R|fps_N/R
RUN-20260919-004,lenovo-tb-j606f,120,2026-09-19T14:55:10.169Z,120000,startup,true,false,1,0,41.953,14.539,,0.000,99812,,86604,,31080,7872,5813780,2932356,,,,,,,,79.000,28.900,81.285,0,64050408,true,partial:gpu_util_N/R|fps_N/R
RUN-20260919-004,lenovo-tb-j606f,121,2026-09-19T14:55:10.760Z,123350,startup,true,false,1,0,41.165,13.494,,0.000,99812,,86604,,31080,7872,5813780,2955100,,,,,,,,79.000,28.900,81.285,0,64050408,true,partial:gpu_util_N/R|fps_N/R
RUN-20260919-004,lenovo-tb-j606f,122,2026-09-19T14:55:11.372Z,123942,startup,true,false,1,0,42.083,11.875,,0.000,99476,,86604,,31080,7872,5813780,2952536,,,,,,,,79.000,28.900,81.285,0,64050408,true,partial:gpu_util_N/R|fps_N/R
RUN-20260919-004,lenovo-tb-j606f,123,2026-09-19T14:55:11.980Z,124554,startup,true,false,1,0,41.860,10.782,,0.000,99456,,86604,,31080,7872,5813780,2956152,,,,,,,,79.000,28.900,81.285,0,64050408,true,partial:gpu_util_N/R|fps_N/R
RUN-20260919-004,lenovo-tb-j606f,124,2026-09-19T14:55:12.614Z,125162,startup,true,false,1,0,42.653,11.633,,0.000,99444,,86604,,31080,7872,5813780,2955388,,,,,,,,79.000,28.900,81.285,0,64050408,true,partial:gpu_util_N/R|fps_N/R
RUN-20260919-004,lenovo-tb-j606f,125,2026-09-19T14:55:13.383Z,125806,startup,true,false,1,0,42.828,11.270,,0.000,99300,,86043,,31140,8041,5813780,2954764,,,,,,,,79.000,28.900,81.285,0,64050408,true,partial:gpu_util_N/R|fps_N/R
RUN-20260919-004,lenovo-tb-j606f,126,2026-09-19T14:55:13.869Z,126565,startup,true,false,1,0,39.543,10.896,,0.000,102228,,86043,,31140,8041,5813780,2956932,,,,,,,,79.000,28.900,81.285,0,64050408,true,partial:gpu_util_N/R|fps_N/R
RUN-20260919-004,lenovo-tb-j606f,127,2026-09-19T14:55:14.423Z,127051,startup,true,false,1,0,40.426,9.840,,0.000,102192,,86043,,31140,8041,5813780,2955284,,,,,,,,79.000,28.900,81.285,0,64050408,true,partial:gpu_util_N/R|fps_N/R
RUN-20260919-004,lenovo-tb-j606f,128,2026-09-19T14:55:15.435Z,128000,startup,true,false,1,0,35.622,9.326,,0.000,102000,,86043,,31140,8041,5813780,2954976,,,,,,,,79.000,28.900,81.285,0,64050408,true,partial:gpu_util_N/R|fps_N/R
RUN-20260919-004,lenovo-tb-j606f,129,2026-09-19T14:55:16.495Z,129000,startup,true,false,1,0,37.024,10.357,,0.000,101768,,86043,,31140,8041,5813780,2955096,,,,,,,,79.000,28.900,81.285,0,64050408,true,partial:gpu_util_N/R|fps_N/R
RUN-20260919-004,lenovo-tb-j606f,130,2026-09-19T14:55:20.167Z,130000,startup,true,false,1,0,33.717,9.321,,0.000,101676,,85689,,31192,8042,5813780,2955304,,,,,,,,79.000,29.000,81.260,0,62929740,true,partial:gpu_util_N/R|fps_N/R
RUN-20260919-004,lenovo-tb-j606f,131,2026-09-19T14:55:20.785Z,133348,startup,true,false,1,0,39.059,11.166,,0.000,100920,,85689,,31192,8042,5813780,2949680,,,,,,,,79.000,29.000,81.260,0,62929740,true,partial:gpu_util_N/R|fps_N/R
RUN-20260919-004,lenovo-tb-j606f,132,2026-09-19T14:55:21.428Z,133967,startup,true,false,1,0,45.946,14.479,,0.000,100844,,85689,,31192,8042,5813780,2948856,,,,,,,,79.000,29.000,81.260,0,62929740,true,partial:gpu_util_N/R|fps_N/R
RUN-20260919-004,lenovo-tb-j606f,133,2026-09-19T14:55:22.008Z,134609,startup,true,false,1,0,35.597,14.609,,0.000,100844,,85689,,31192,8042,5813780,2948280,,,,,,,,79.000,29.000,81.260,0,62929740,true,partial:gpu_util_N/R|fps_N/R
RUN-20260919-004,lenovo-tb-j606f,134,2026-09-19T14:55:22.621Z,135189,startup,true,false,1,0,36.611,14.435,,0.000,100844,,85689,,31192,8042,5813780,2945484,,,,,,,,79.000,29.000,81.260,0,62929740,true,partial:gpu_util_N/R|fps_N/R
RUN-20260919-004,lenovo-tb-j606f,135,2026-09-19T14:55:23.408Z,135802,startup,true,false,1,0,35.477,14.412,,0.000,100844,,87676,,31252,8074,5813780,2947288,,,,,,,,79.000,29.000,81.260,0,62929740,true,partial:gpu_util_N/R|fps_N/R
RUN-20260919-004,lenovo-tb-j606f,136,2026-09-19T14:55:24.066Z,136590,startup,true,false,1,0,44.806,13.953,,0.000,101740,,87676,,31252,8074,5813780,2952568,,,,,,,,79.000,29.000,81.260,0,62929740,true,partial:gpu_util_N/R|fps_N/R
RUN-20260919-004,lenovo-tb-j606f,137,2026-09-19T14:55:24.675Z,137248,startup,true,false,1,0,41.992,14.062,,0.000,101348,,87676,,31252,8074,5813780,2950792,,,,,,,,79.000,29.000,81.260,0,62929740,true,partial:gpu_util_N/R|fps_N/R
RUN-20260919-004,lenovo-tb-j606f,138,2026-09-19T14:55:25.449Z,138000,startup,true,false,1,0,36.745,9.564,,0.000,101264,,87676,,31252,8074,5813780,2951892,,,,,,,,79.000,29.000,81.260,0,62929740,true,partial:gpu_util_N/R|fps_N/R
RUN-20260919-004,lenovo-tb-j606f,139,2026-09-19T14:55:26.551Z,139000,startup,true,false,1,0,31.083,8.731,,0.000,101092,,87676,,31252,8074,5813780,2950868,,,,,,,,79.000,29.000,81.260,0,62929740,true,partial:gpu_util_N/R|fps_N/R
RUN-20260919-004,lenovo-tb-j606f,140,2026-09-19T14:55:30.097Z,140000,startup,true,false,1,0,34.363,8.623,,0.000,100520,,85540,,31280,8138,5813780,2950172,,,,,,,,79.000,29.000,81.260,0,62170224,true,partial:gpu_util_N/R|fps_N/R
RUN-20260919-004,lenovo-tb-j606f,141,2026-09-19T14:55:30.736Z,143278,startup,true,false,1,0,39.521,9.581,,0.000,98072,,85540,,31280,8138,5813780,2945264,,,,,,,,79.000,29.000,81.260,0,62170224,true,partial:gpu_util_N/R|fps_N/R
RUN-20260919-004,lenovo-tb-j606f,142,2026-09-19T14:55:31.251Z,143917,startup,true,false,1,0,35.177,8.407,,0.000,98460,,85540,,31280,8138,5813780,2944168,,,,,,,,79.000,29.000,81.260,0,62170224,true,partial:gpu_util_N/R|fps_N/R
RUN-20260919-004,lenovo-tb-j606f,143,2026-09-19T14:55:31.752Z,144432,startup,true,false,1,0,35.250,9.000,,0.000,98344,,85540,,31280,8138,5813780,2943672,,,,,,,,79.000,29.000,81.260,0,62170224,true,partial:gpu_util_N/R|fps_N/R
RUN-20260919-004,lenovo-tb-j606f,144,2026-09-19T14:55:32.250Z,144933,startup,true,false,1,0,34.351,8.142,,0.000,98316,,85540,,31280,8138,5813780,2947780,,,,,,,,79.000,29.000,81.260,0,62170224,true,partial:gpu_util_N/R|fps_N/R
RUN-20260919-004,lenovo-tb-j606f,145,2026-09-19T14:55:32.949Z,145431,startup,true,false,1,0,34.406,8.911,,0.000,98304,,86488,,31280,8137,5813780,2946444,,,,,,,,79.000,29.000,81.260,0,62170224,true,partial:gpu_util_N/R|fps_N/R
RUN-20260919-004,lenovo-tb-j606f,146,2026-09-19T14:55:33.441Z,146130,startup,true,false,1,0,31.676,10.313,,0.000,96608,,86488,,31280,8137,5813780,2947996,,,,,,,,79.000,29.000,81.260,0,62170224,true,partial:gpu_util_N/R|fps_N/R
RUN-20260919-004,lenovo-tb-j606f,147,2026-09-19T14:55:34.370Z,147000,startup,true,false,1,0,35.562,10.953,,0.000,93804,,86488,,31280,8137,5813780,2946752,,,,,,,,79.000,29.000,81.260,0,62170224,true,partial:gpu_util_N/R|fps_N/R
RUN-20260919-004,lenovo-tb-j606f,148,2026-09-19T14:55:35.499Z,148000,startup,true,false,1,0,41.998,13.848,,0.000,93772,,86488,,31280,8137,5813780,2944728,,,,,,,,79.000,29.000,81.260,0,62170224,true,partial:gpu_util_N/R|fps_N/R
RUN-20260919-004,lenovo-tb-j606f,149,2026-09-19T14:55:36.559Z,149000,startup,true,false,1,0,32.174,14.410,,0.000,93728,,86488,,31280,8137,5813780,2943744,,,,,,,,79.000,29.000,81.260,0,62170224,true,partial:gpu_util_N/R|fps_N/R
RUN-20260919-004,lenovo-tb-j606f,150,2026-09-19T14:55:39.943Z,150000,startup,true,false,1,0,36.773,14.535,,0.000,93692,,86598,,31280,8229,5813780,2941896,,,,,,,,79.000,29.000,81.235,0,61777568,true,partial:gpu_util_N/R|fps_N/R
RUN-20260919-004,lenovo-tb-j606f,151,2026-09-19T14:55:40.605Z,153124,startup,true,false,1,0,43.068,12.385,,0.000,104500,,86598,,31280,8229,5813780,2957292,,,,,,,,79.000,29.000,81.235,0,61777568,true,partial:gpu_util_N/R|fps_N/R
RUN-20260919-004,lenovo-tb-j606f,152,2026-09-19T14:55:41.254Z,153786,startup,true,false,1,0,45.187,14.931,,0.000,104408,,86598,,31280,8229,5813780,2958700,,,,,,,,79.000,29.000,81.235,0,61777568,true,partial:gpu_util_N/R|fps_N/R
RUN-20260919-004,lenovo-tb-j606f,153,2026-09-19T14:55:41.906Z,154435,startup,true,false,1,0,44.444,14.286,,0.000,104396,,86598,,31280,8229,5813780,2955356,,,,,,,,79.000,29.000,81.235,0,61777568,true,partial:gpu_util_N/R|fps_N/R
RUN-20260919-004,lenovo-tb-j606f,154,2026-09-19T14:55:42.566Z,155088,startup,true,false,1,0,44.961,14.729,,0.000,104396,,86598,,31280,8229,5813780,2956372,,,,,,,,79.000,29.000,81.235,0,61777568,true,partial:gpu_util_N/R|fps_N/R
RUN-20260919-004,lenovo-tb-j606f,155,2026-09-19T14:55:43.526Z,155748,startup,true,false,1,0,43.555,14.648,,0.000,104392,,89983,,31280,8181,5813780,2958580,,,,,,,,79.000,29.000,81.235,0,61777568,true,partial:gpu_util_N/R|fps_N/R
RUN-20260919-004,lenovo-tb-j606f,156,2026-09-19T14:55:44.168Z,156707,startup,true,false,1,0,42.744,15.172,,0.000,101192,,89983,,31280,8181,5813780,2959560,,,,,,,,79.000,29.000,81.235,0,61777568,true,partial:gpu_util_N/R|fps_N/R
RUN-20260919-004,lenovo-tb-j606f,157,2026-09-19T14:55:44.798Z,157349,startup,true,false,1,0,45.224,13.645,,0.000,101176,,89983,,31280,8181,5813780,2959184,,,,,,,,79.000,29.000,81.235,0,61777568,true,partial:gpu_util_N/R|fps_N/R
RUN-20260919-004,lenovo-tb-j606f,158,2026-09-19T14:55:45.457Z,158000,startup,true,false,1,0,45.276,14.764,,0.000,101104,,89983,,31280,8181,5813780,2959196,,,,,,,,79.000,29.000,81.235,0,61777568,true,partial:gpu_util_N/R|fps_N/R
RUN-20260919-004,lenovo-tb-j606f,159,2026-09-19T14:55:46.526Z,159000,startup,true,false,1,0,41.176,14.406,,0.000,98224,,89983,,31280,8181,5813780,2960712,,,,,,,,79.000,29.000,81.235,0,61777568,true,partial:gpu_util_N/R|fps_N/R
RUN-20260919-004,lenovo-tb-j606f,160,2026-09-19T14:55:50.006Z,160000,startup,true,false,1,0,42.077,14.208,,0.000,97728,,84614,,31280,8179,5813780,2962956,,,,,,,,79.000,29.100,81.272,0,61776256,true,partial:gpu_util_N/R|fps_N/R
RUN-20260919-004,lenovo-tb-j606f,161,2026-09-19T14:55:50.637Z,163187,startup,true,false,1,0,46.090,14.410,,0.000,96968,,84614,,31280,8179,5813780,2955948,,,,,,,,79.000,29.100,81.272,0,61776256,true,partial:gpu_util_N/R|fps_N/R
RUN-20260919-004,lenovo-tb-j606f,162,2026-09-19T14:55:51.231Z,163818,startup,true,false,1,0,44.186,15.011,,0.000,96828,,84614,,31280,8179,5813780,2955900,,,,,,,,79.000,29.100,81.272,0,61776256,true,partial:gpu_util_N/R|fps_N/R
RUN-20260919-004,lenovo-tb-j606f,163,2026-09-19T14:55:51.853Z,164412,startup,true,false,1,0,43.943,14.168,,0.000,96808,,84614,,31280,8179,5813780,2957232,,,,,,,,79.000,29.100,81.272,0,61776256,true,partial:gpu_util_N/R|fps_N/R
RUN-20260919-004,lenovo-tb-j606f,164,2026-09-19T14:55:52.463Z,165034,startup,true,false,1,0,49.167,14.792,,0.000,96748,,84614,,31280,8179,5813780,2957000,,,,,,,,79.000,29.100,81.272,0,61776256,true,partial:gpu_util_N/R|fps_N/R
RUN-20260919-004,lenovo-tb-j606f,165,2026-09-19T14:55:53.324Z,165644,startup,true,false,1,0,45.720,14.196,,0.000,96664,,84410,,31280,8179,5813780,2957188,,,,,,,,79.000,29.100,81.272,0,61776256,true,partial:gpu_util_N/R|fps_N/R
RUN-20260919-004,lenovo-tb-j606f,166,2026-09-19T14:55:53.937Z,166505,startup,true,false,1,0,43.314,14.099,,0.000,96404,,84410,,31280,8179,5813780,2958268,,,,,,,,79.000,29.100,81.272,0,61776256,true,partial:gpu_util_N/R|fps_N/R
RUN-20260919-004,lenovo-tb-j606f,167,2026-09-19T14:55:54.543Z,167118,startup,true,false,1,0,46.091,14.609,,0.000,96212,,84410,,31280,8179,5813780,2959368,,,,,,,,79.000,29.100,81.272,0,61776256,true,partial:gpu_util_N/R|fps_N/R
RUN-20260919-004,lenovo-tb-j606f,168,2026-09-19T14:55:55.487Z,168000,startup,true,false,1,0,41.265,14.856,,0.000,96104,,84410,,31280,8179,5813780,2957112,,,,,,,,79.000,29.100,81.272,0,61776256,true,partial:gpu_util_N/R|fps_N/R
RUN-20260919-004,lenovo-tb-j606f,169,2026-09-19T14:55:56.423Z,169000,startup,true,false,1,0,42.091,14.209,,0.000,96084,,84410,,31280,8179,5813780,2958224,,,,,,,,79.000,29.100,81.272,0,61776256,true,partial:gpu_util_N/R|fps_N/R
RUN-20260919-004,lenovo-tb-j606f,170,2026-09-19T14:56:00.041Z,170000,startup,true,false,1,0,40.864,14.815,,0.000,96040,,84194,,31280,8179,5813780,2958564,,,,,,,,79.000,29.000,81.285,0,61774804,true,partial:gpu_util_N/R|fps_N/R
RUN-20260919-004,lenovo-tb-j606f,171,2026-09-19T14:56:00.662Z,173222,startup,true,false,1,0,47.589,14.348,,0.000,95964,,84194,,31280,8179,5813780,2949060,,,,,,,,79.000,29.000,81.285,0,61774804,true,partial:gpu_util_N/R|fps_N/R
RUN-20260919-004,lenovo-tb-j606f,172,2026-09-19T14:56:01.294Z,173843,startup,true,false,1,0,44.124,14.845,,0.000,95920,,84194,,31280,8179,5813780,2948564,,,,,,,,79.000,29.000,81.285,0,61774804,true,partial:gpu_util_N/R|fps_N/R
RUN-20260919-004,lenovo-tb-j606f,173,2026-09-19T14:56:01.923Z,174475,startup,true,false,1,0,45.473,14.487,,0.000,95920,,84194,,31280,8179,5813780,2948504,,,,,,,,79.000,29.000,81.285,0,61774804,true,partial:gpu_util_N/R|fps_N/R
RUN-20260919-004,lenovo-tb-j606f,174,2026-09-19T14:56:02.523Z,175104,startup,true,false,1,0,44.606,13.900,,0.000,95864,,84194,,31280,8179,5813780,2945244,,,,,,,,79.000,29.000,81.285,0,61774804,true,partial:gpu_util_N/R|fps_N/R
RUN-20260919-004,lenovo-tb-j606f,175,2026-09-19T14:56:03.308Z,175704,startup,true,false,1,0,36.726,12.832,,0.000,95864,,84860,,31280,8179,5813780,2944988,,,,,,,,79.000,29.000,81.285,0,61774804,true,partial:gpu_util_N/R|fps_N/R
RUN-20260919-004,lenovo-tb-j606f,176,2026-09-19T14:56:04.021Z,176489,startup,true,false,1,0,54.502,15.595,,0.000,127084,,84860,,31280,8179,5813780,2936848,,,,,,,,79.000,29.000,81.285,0,61774804,true,partial:gpu_util_N/R|fps_N/R
RUN-20260919-004,lenovo-tb-j606f,177,2026-09-19T14:56:04.661Z,177202,startup,true,false,1,0,56.514,21.658,,0.000,137356,,84860,,31280,8179,5813780,2900392,,,,,,0,,79.000,29.000,81.285,0,61774804,true,partial:gpu_util_N/R|fps_N/R
RUN-20260919-004,lenovo-tb-j606f,178,2026-09-19T14:56:05.399Z,178000,startup,true,false,1,0,41.924,13.918,,0.000,137356,,84860,,31280,8179,5813780,2897632,,,,,0.000,0,surfaceflinger_latency,79.000,29.000,81.285,0,61774804,true,partial:gpu_util_N/R
RUN-20260919-004,lenovo-tb-j606f,179,2026-09-19T14:56:06.417Z,179000,startup,true,false,1,0,26.814,12.792,,0.000,138012,,84860,,31280,8179,5813780,2895440,,,,,0.000,0,surfaceflinger_latency,79.000,29.000,81.285,0,61774804,true,partial:gpu_util_N/R
RUN-20260919-004,lenovo-tb-j606f,180,2026-09-19T14:56:10.033Z,180000,startup,true,false,1,0,27.171,11.042,,0.000,140600,,204021,,69312,6633,5813780,2884444,,,,,0.000,0,surfaceflinger_latency,79.000,29.100,81.272,0,67565584,true,partial:gpu_util_N/R
RUN-20260919-004,lenovo-tb-j606f,181,2026-09-19T14:56:10.642Z,183215,startup,true,false,1,0,34.017,11.313,,0.000,144036,,204021,,69312,6633,5813780,2906692,,,,,0.000,0,surfaceflinger_latency,79.000,29.100,81.272,0,67565584,true,partial:gpu_util_N/R
RUN-20260919-004,lenovo-tb-j606f,182,2026-09-19T14:56:11.186Z,183823,startup,true,false,1,0,39.450,15.138,,0.000,139632,,204021,,69312,6633,5813780,2906452,,,,,0.000,0,surfaceflinger_latency,79.000,29.100,81.272,0,67565584,true,partial:gpu_util_N/R
RUN-20260919-004,lenovo-tb-j606f,183,2026-09-19T14:56:11.801Z,184367,startup,true,false,1,0,32.391,14.130,,0.000,141172,,204021,,69312,6633,5813780,2905272,,,,,0.000,0,surfaceflinger_latency,79.000,29.100,81.272,0,67565584,true,partial:gpu_util_N/R
RUN-20260919-004,lenovo-tb-j606f,184,2026-09-19T14:56:12.420Z,184982,startup,true,false,1,0,30.785,12.877,,0.000,141172,,204021,,69312,6633,5813780,2903744,,,,,0.000,0,surfaceflinger_latency,79.000,29.100,81.272,0,67565584,true,partial:gpu_util_N/R
RUN-20260919-004,lenovo-tb-j606f,185,2026-09-19T14:56:13.343Z,185602,startup,true,false,1,0,31.134,13.196,,0.000,141172,,155146,,69688,6629,5813780,2902196,,,,,0.000,0,surfaceflinger_latency,79.000,29.100,81.272,0,67565584,true,partial:gpu_util_N/R
RUN-20260919-004,lenovo-tb-j606f,186,2026-09-19T14:56:13.966Z,186525,startup,true,false,1,0,30.417,14.670,,0.000,141588,,155146,,69688,6629,5813780,2904344,,,,,0.000,0,surfaceflinger_latency,79.000,29.100,81.272,0,67565584,true,partial:gpu_util_N/R
RUN-20260919-004,lenovo-tb-j606f,187,2026-09-19T14:56:14.623Z,187147,startup,true,false,1,0,34.356,6.748,,0.000,146928,,155146,,69688,6629,5813780,2867452,,,,,0.000,0,surfaceflinger_latency,79.000,29.100,81.272,0,67565584,true,partial:gpu_util_N/R
RUN-20260919-004,lenovo-tb-j606f,188,2026-09-19T14:56:15.494Z,188000,startup,true,false,1,0,29.781,0.876,,0.000,147380,,155146,,69688,6629,5813780,2833288,,,,,0.000,0,surfaceflinger_latency,79.000,29.100,81.272,0,67565584,true,partial:gpu_util_N/R
RUN-20260919-004,lenovo-tb-j606f,189,2026-09-19T14:56:16.464Z,189000,startup,true,false,1,0,32.908,0.765,,0.000,147380,,155146,,69688,6629,5813780,2749324,,,,,0.000,0,surfaceflinger_latency,79.000,29.100,81.272,0,67565584,true,partial:gpu_util_N/R
RUN-20260919-004,lenovo-tb-j606f,190,2026-09-19T14:56:19.915Z,190000,startup,true,false,1,0,35.580,0.539,,0.000,147336,,155906,,69600,6442,5813780,2684028,,,,,0.000,0,surfaceflinger_latency,79.000,29.100,81.322,0,67513716,true,partial:gpu_util_N/R
RUN-20260919-004,lenovo-tb-j606f,191,2026-09-19T14:56:20.504Z,193097,startup,true,false,1,0,46.843,1.651,,0.000,144240,,155906,,69600,6442,5813780,2569664,,,,,0.323,1,surfaceflinger_latency,79.000,29.100,81.322,0,67513716,true,partial:gpu_util_N/R
RUN-20260919-004,lenovo-tb-j606f,192,2026-09-19T14:56:21.159Z,193685,startup,true,false,1,0,47.246,3.178,,0.000,143928,,155906,,69600,6442,5813780,2613464,,,,,16.987,10,surfaceflinger_latency,79.000,29.100,81.322,0,67513716,true,partial:gpu_util_N/R
RUN-20260919-004,lenovo-tb-j606f,193,2026-09-19T14:56:21.769Z,194340,startup,true,false,1,0,37.739,1.916,,0.000,143972,,155906,,69600,6442,5813780,2570832,,,,,13.738,9,surfaceflinger_latency,79.000,29.100,81.322,0,67513716,true,partial:gpu_util_N/R
RUN-20260919-004,lenovo-tb-j606f,194,2026-09-19T14:56:22.413Z,194950,startup,true,false,1,0,35.319,0.638,,0.000,143844,,155906,,69600,6442,5813780,2529508,,,,,0.000,0,surfaceflinger_latency,79.000,29.100,81.322,0,67513716,true,partial:gpu_util_N/R
RUN-20260919-004,lenovo-tb-j606f,195,2026-09-19T14:56:23.496Z,195595,runtime,true,true,1,1,29.291,0.187,,0.000,143780,83364,133108,97271,50064,6394,5813780,2491224,,,,,0.000,0,surfaceflinger_latency,79.000,29.100,81.322,0,67513716,true,partial:gpu_util_N/R
RUN-20260919-004,lenovo-tb-j606f,196,2026-09-19T14:56:24.141Z,196678,runtime,true,true,1,1,31.013,1.587,10.623,0.000,143076,160948,133108,97271,50064,6394,5813780,2413308,,,,,0.000,0,surfaceflinger_latency,79.000,29.100,81.322,0,67513716,true,partial:gpu_util_N/R
RUN-20260919-004,lenovo-tb-j606f,197,2026-09-19T14:56:24.807Z,197322,runtime,true,true,1,1,29.150,0.000,12.348,0.000,143076,183792,133108,97271,50064,6394,5813780,2372368,,,,,0.000,0,surfaceflinger_latency,79.000,29.100,81.322,0,67513716,true,partial:gpu_util_N/R
RUN-20260919-004,lenovo-tb-j606f,198,2026-09-19T14:56:25.505Z,198000,runtime,true,true,1,1,30.699,0.735,11.397,0.000,143116,235344,133108,97271,50064,6394,5813780,2341336,,,,,5.904,4,surfaceflinger_latency,79.000,29.100,81.322,0,67513716,true,partial:gpu_util_N/R
RUN-20260919-004,lenovo-tb-j606f,199,2026-09-19T14:56:26.459Z,199000,runtime,true,true,1,1,27.051,0.128,13.590,0.000,143116,286288,133108,97271,50064,6394,5813780,2260628,,,,,0.000,0,surfaceflinger_latency,79.000,29.100,81.322,0,67513716,true,partial:gpu_util_N/R
RUN-20260919-004,lenovo-tb-j606f,200,2026-09-19T14:56:30.289Z,200000,runtime,true,true,1,1,25.195,0.779,10.909,0.000,143920,300412,134153,298755,58500,6319,5813780,2250756,,,,,0.000,0,surfaceflinger_latency,79.000,29.100,81.272,0,67511932,true,partial:gpu_util_N/R
RUN-20260919-004,lenovo-tb-j606f,201,2026-09-19T14:56:30.908Z,203471,runtime,true,true,1,1,35.661,1.494,12.584,0.000,146184,333324,134153,298755,58500,6319,5813780,2219476,,,,,0.000,0,surfaceflinger_latency,79.000,29.100,81.272,0,67511932,true,partial:gpu_util_N/R
RUN-20260919-004,lenovo-tb-j606f,202,2026-09-19T14:56:31.528Z,204089,runtime,true,true,1,1,50.968,0.860,36.989,0.000,146184,334376,134153,298755,58500,6319,5813780,2207520,,,,,0.000,0,surfaceflinger_latency,79.000,29.100,81.272,0,67511932,true,partial:gpu_util_N/R
RUN-20260919-004,lenovo-tb-j606f,203,2026-09-19T14:56:32.237Z,204709,runtime,true,true,1,1,44.574,1.938,15.891,0.000,146180,343168,134153,298755,58500,6319,5813780,2122352,,,,,17.745,11,surfaceflinger_latency,79.000,29.100,81.272,0,67511932,true,partial:gpu_util_N/R
RUN-20260919-004,lenovo-tb-j606f,204,2026-09-19T14:56:32.885Z,205419,runtime,true,true,1,1,38.930,1.107,13.100,0.000,150016,347764,134153,298755,58500,6319,5813780,2113956,,,,,0.000,0,surfaceflinger_latency,79.000,29.100,81.272,0,67511932,true,partial:gpu_util_N/R
RUN-20260919-004,lenovo-tb-j606f,205,2026-09-19T14:56:34.042Z,206066,runtime,true,true,1,1,31.609,0.766,12.261,0.000,150016,351520,145137,453464,151336,6319,5813780,2108184,,,,,0.000,0,surfaceflinger_latency,79.000,29.100,81.272,0,67511932,true,partial:gpu_util_N/R
RUN-20260919-004,lenovo-tb-j606f,206,2026-09-19T14:56:34.703Z,207223,runtime,true,true,1,1,33.256,2.433,13.094,0.000,149456,367328,145137,453464,151336,6319,5813780,2094688,,,,,0.000,0,surfaceflinger_latency,79.000,29.100,81.272,0,67511932,true,partial:gpu_util_N/R
RUN-20260919-004,lenovo-tb-j606f,207,2026-09-19T14:56:35.359Z,207884,runtime,true,true,1,1,36.210,0.750,11.820,0.000,149336,389948,145137,453464,151336,6319,5813780,1959668,,,,,0.000,0,surfaceflinger_latency,79.000,29.100,81.272,0,67511932,true,partial:gpu_util_N/R
RUN-20260919-004,lenovo-tb-j606f,208,2026-09-19T14:56:35.982Z,208540,runtime,true,true,1,1,41.458,0.625,12.708,0.000,149300,400864,145137,453464,151336,6319,5813780,1954100,,,,,0.000,0,surfaceflinger_latency,79.000,29.100,81.272,0,67511932,true,partial:gpu_util_N/R
RUN-20260919-004,lenovo-tb-j606f,209,2026-09-19T14:56:36.647Z,209164,runtime,true,true,1,1,32.079,0.792,15.050,0.000,149300,400792,145137,453464,151336,6319,5813780,1944444,,,,,3.209,2,surfaceflinger_latency,79.000,29.100,81.272,0,67511932,true,partial:gpu_util_N/R
RUN-20260919-004,lenovo-tb-j606f,210,2026-09-19T14:56:40.280Z,210000,runtime,true,true,1,1,32.445,0.940,16.771,0.000,149300,416856,144761,653452,272784,6367,5813780,1910464,,,,,32.305,27,surfaceflinger_latency,79.000,29.200,81.272,0,67508940,true,partial:gpu_util_N/R
RUN-20260919-004,lenovo-tb-j606f,211,2026-09-19T14:56:41.017Z,213462,runtime,true,true,1,1,53.772,1.635,26.384,0.000,138324,608772,144761,653452,272784,6367,5813780,1449124,,,,,4.332,15,surfaceflinger_latency,79.000,29.200,81.272,0,67508940,true,partial:gpu_util_N/R
RUN-20260919-004,lenovo-tb-j606f,212,2026-09-19T14:56:41.742Z,214198,runtime,true,true,1,1,46.786,1.607,20.000,0.000,136772,657028,144761,653452,272784,6367,5813780,1367776,,,,,16.295,12,surfaceflinger_latency,79.000,29.200,81.272,0,67508940,true,partial:gpu_util_N/R
RUN-20260919-004,lenovo-tb-j606f,213,2026-09-19T14:56:42.568Z,214924,runtime,true,true,1,1,65.709,2.365,21.453,0.000,136504,659944,144761,653452,272784,6367,5813780,1406720,,,,,45.500,33,surfaceflinger_latency,79.000,29.200,81.272,0,67508940,true,partial:gpu_util_N/R
RUN-20260919-004,lenovo-tb-j606f,214,2026-09-19T14:56:43.264Z,215749,runtime,true,true,1,1,58.292,3.284,21.839,0.000,136324,637396,144761,653452,272784,6367,5813780,1404896,,,,,20.585,17,surfaceflinger_latency,79.000,29.200,81.272,0,67508940,true,partial:gpu_util_N/R
RUN-20260919-004,lenovo-tb-j606f,215,2026-09-19T14:56:44.418Z,216445,runtime,true,true,1,1,34.585,0.791,16.403,0.000,136324,641068,137296,1226704,679220,7822,5813780,1397744,,,,,0.000,0,surfaceflinger_latency,79.000,29.200,81.272,0,67508940,true,partial:gpu_util_N/R
RUN-20260919-004,lenovo-tb-j606f,216,2026-09-19T14:56:45.088Z,217599,runtime,true,true,1,1,35.034,2.041,15.533,0.000,136224,650104,137296,1226704,679220,7822,5813780,1387136,,,,,0.000,0,surfaceflinger_latency,79.000,29.200,81.272,0,67508940,true,partial:gpu_util_N/R
RUN-20260919-004,lenovo-tb-j606f,217,2026-09-19T14:56:45.783Z,218270,runtime,true,true,1,1,35.728,0.756,13.989,0.000,136224,654632,137296,1226704,679220,7822,5813780,1384168,,,,,0.000,0,surfaceflinger_latency,79.000,29.200,81.272,0,67508940,true,partial:gpu_util_N/R
RUN-20260919-004,lenovo-tb-j606f,218,2026-09-19T14:56:46.427Z,218964,runtime,true,true,1,1,33.984,0.586,15.625,0.000,136224,657968,137296,1226704,679220,7822,5813780,1379480,,,,,0.000,0,surfaceflinger_latency,79.000,29.200,81.272,0,67508940,true,partial:gpu_util_N/R
RUN-20260919-004,lenovo-tb-j606f,219,2026-09-19T14:56:47.057Z,219608,runtime,true,true,1,1,36.289,0.619,16.701,0.000,136224,662356,137296,1226704,679220,7822,5813780,1374768,,,,,0.000,0,surfaceflinger_latency,79.000,29.200,81.272,0,67508940,true,partial:gpu_util_N/R
RUN-20260919-004,lenovo-tb-j606f,220,2026-09-19T14:56:50.904Z,220239,runtime,true,true,1,1,38.477,0.781,12.109,0.000,134924,692120,136551,1284640,679220,7822,5813780,1343880,,,,,77.693,49,surfaceflinger_latency,79.000,29.300,81.247,0,67507604,true,partial:gpu_util_N/R
RUN-20260919-004,lenovo-tb-j606f,221,2026-09-19T14:56:51.698Z,224086,runtime,true,true,1,1,49.765,2.114,22.047,0.000,130024,814888,136551,1284640,679220,7822,5813780,1058224,,,,,9.358,36,surfaceflinger_latency,79.000,29.300,81.247,0,67507604,true,partial:gpu_util_N/R
RUN-20260919-004,lenovo-tb-j606f,222,2026-09-19T14:56:52.596Z,224880,runtime,true,true,1,1,71.707,4.390,34.472,0.000,127616,764028,136551,1284640,679220,7822,5813780,993252,,,,,42.836,34,surfaceflinger_latency,79.000,29.300,81.247,0,67507604,true,partial:gpu_util_N/R
RUN-20260919-004,lenovo-tb-j606f,223,2026-09-19T14:56:53.372Z,225777,runtime,true,true,1,1,69.149,3.495,28.875,0.000,127348,765652,136551,1284640,679220,7822,5813780,994436,,,,,31.187,28,surfaceflinger_latency,79.000,29.300,81.247,0,67507604,true,partial:gpu_util_N/R
RUN-20260919-004,lenovo-tb-j606f,224,2026-09-19T14:56:54.048Z,226554,runtime,true,true,1,1,43.478,0.725,16.848,0.000,127348,765704,136551,1284640,679220,7822,5813780,991664,,,,,0.000,0,surfaceflinger_latency,79.000,29.300,81.247,0,67507604,true,partial:gpu_util_N/R
RUN-20260919-004,lenovo-tb-j606f,225,2026-09-19T14:56:55.282Z,227229,runtime,true,true,1,1,36.590,0.958,19.923,0.000,127348,783948,132177,1693538,1007256,7881,5813780,982784,,,,,44.417,30,surfaceflinger_latency,79.000,29.300,81.247,0,67507604,true,partial:gpu_util_N/R
RUN-20260919-004,lenovo-tb-j606f,226,2026-09-19T14:56:56.056Z,228463,runtime,true,true,1,1,50.884,3.954,25.182,0.000,127244,784044,132177,1693538,1007256,7881,5813780,977380,,,,,31.597,39,surfaceflinger_latency,79.000,29.300,81.247,0,67507604,true,partial:gpu_util_N/R
RUN-20260919-004,lenovo-tb-j606f,227,2026-09-19T14:56:56.835Z,229237,runtime,true,true,1,1,51.557,3.460,26.125,0.000,127244,784044,132177,1693538,1007256,7881,5813780,976600,,,,,47.830,37,surfaceflinger_latency,79.000,29.300,81.247,0,67507604,true,partial:gpu_util_N/R
RUN-20260919-004,lenovo-tb-j606f,228,2026-09-19T14:56:57.626Z,230017,runtime,true,true,1,1,52.824,2.990,24.751,0.000,127244,784044,132177,1693538,1007256,7881,5813780,974944,,,,,50.018,39,surfaceflinger_latency,79.000,29.300,81.247,0,67507604,true,partial:gpu_util_N/R
RUN-20260919-004,lenovo-tb-j606f,229,2026-09-19T14:56:58.399Z,230807,runtime,true,true,1,1,56.007,3.384,26.565,0.000,127244,784044,132177,1693538,1007256,7881,5813780,990908,,,,,48.088,38,surfaceflinger_latency,79.000,29.300,81.247,0,67507604,true,partial:gpu_util_N/R
RUN-20260919-004,lenovo-tb-j606f,230,2026-09-19T14:57:02.306Z,231581,runtime,true,true,1,1,53.859,3.120,25.123,0.000,127244,784044,132690,1696742,1007788,7881,5813780,995100,,,,,162.835,126,surfaceflinger_latency,79.000,29.500,81.197,0,67510044,true,partial:gpu_util_N/R
RUN-20260919-004,lenovo-tb-j606f,231,2026-09-19T14:57:03.097Z,235487,runtime,true,true,1,1,56.814,3.307,25.384,0.000,126352,787952,132690,1696742,1007788,7881,5813780,967848,,,,,9.727,38,surfaceflinger_latency,79.000,29.500,81.197,0,67510044,true,partial:gpu_util_N/R
RUN-20260919-004,lenovo-tb-j606f,232,2026-09-19T14:57:03.855Z,236278,runtime,true,true,1,1,54.839,3.226,25.637,0.000,126352,787952,132690,1696742,1007788,7881,5813780,966352,,,,,45.507,36,surfaceflinger_latency,79.000,29.500,81.197,0,67510044,true,partial:gpu_util_N/R
RUN-20260919-004,lenovo-tb-j606f,233,2026-09-19T14:57:04.633Z,237036,runtime,true,true,1,1,53.195,2.936,25.907,0.000,126352,787952,132690,1696742,1007788,7881,5813780,965052,,,,,47.503,36,surfaceflinger_latency,79.000,29.500,81.197,0,67510044,true,partial:gpu_util_N/R
RUN-20260919-004,lenovo-tb-j606f,234,2026-09-19T14:57:05.419Z,237815,runtime,true,true,1,1,53.613,3.193,26.555,0.000,126360,787952,132690,1696742,1007788,7881,5813780,964520,,,,,50.113,39,surfaceflinger_latency,79.000,29.500,81.197,0,67510044,true,partial:gpu_util_N/R
RUN-20260919-004,lenovo-tb-j606f,235,2026-09-19T14:57:06.711Z,238600,runtime,true,true,1,1,53.469,3.215,26.565,0.000,126360,787952,132421,1713994,1024344,7882,5813780,965440,,,,,76.357,60,surfaceflinger_latency,79.000,29.500,81.197,0,67510044,true,partial:gpu_util_N/R
RUN-20260919-004,lenovo-tb-j606f,236,2026-09-19T14:57:07.508Z,239893,runtime,true,true,1,1,54.054,4.004,25.726,0.000,126428,787952,132421,1713994,1024344,7882,5813780,968232,,,,,29.405,38,surfaceflinger_latency,79.000,29.500,81.197,0,67510044,true,partial:gpu_util_N/R
RUN-20260919-004,lenovo-tb-j606f,237,2026-09-19T14:57:08.311Z,240690,runtime,true,true,1,1,56.240,3.161,26.622,0.000,126428,787952,132421,1713994,1024344,7882,5813780,966144,,,,,48.941,39,surfaceflinger_latency,79.000,29.500,81.197,0,67510044,true,partial:gpu_util_N/R
RUN-20260919-004,lenovo-tb-j606f,238,2026-09-19T14:57:09.091Z,241493,runtime,true,true,1,1,55.250,3.231,26.656,0.000,126428,787952,132421,1713994,1024344,7882,5813780,963656,,,,,48.562,39,surfaceflinger_latency,79.000,29.500,81.197,0,67510044,true,partial:gpu_util_N/R
RUN-20260919-004,lenovo-tb-j606f,239,2026-09-19T14:57:09.863Z,242273,runtime,true,true,1,1,52.300,3.237,26.405,0.000,126428,787952,132421,1713994,1024344,7882,5813780,965640,,,,,48.719,38,surfaceflinger_latency,79.000,29.500,81.197,0,67510044,true,partial:gpu_util_N/R
RUN-20260919-004,lenovo-tb-j606f,240,2026-09-19T14:57:13.919Z,243044,runtime,true,true,1,1,54.467,3.436,26.117,0.000,126552,787952,132585,1714062,1024428,7882,5813780,963800,,,,,164.647,127,surfaceflinger_latency,79.000,29.500,81.409,0,67508540,true,partial:gpu_util_N/R
RUN-20260919-004,lenovo-tb-j606f,241,2026-09-19T14:57:14.716Z,247100,runtime,true,true,1,1,55.022,3.391,26.583,0.000,126288,787952,132585,1714062,1024428,7882,5813780,957352,,,,,9.368,38,surfaceflinger_latency,79.000,29.500,81.409,0,67508540,true,partial:gpu_util_N/R
RUN-20260919-004,lenovo-tb-j606f,242,2026-09-19T14:57:15.485Z,247897,runtime,true,true,1,1,59.567,2.995,26.456,0.000,123740,787952,132585,1714062,1024428,7882,5813780,961200,,,,,46.436,37,surfaceflinger_latency,79.000,29.500,81.409,0,67508540,true,partial:gpu_util_N/R
RUN-20260919-004,lenovo-tb-j606f,243,2026-09-19T14:57:16.291Z,248667,runtime,true,true,1,1,53.068,2.819,25.705,0.000,123740,787952,132585,1714062,1024428,7882,5813780,959176,,,,,49.389,38,surfaceflinger_latency,79.000,29.500,81.409,0,67508540,true,partial:gpu_util_N/R
RUN-20260919-004,lenovo-tb-j606f,244,2026-09-19T14:57:17.057Z,249472,runtime,true,true,1,1,54.876,3.306,25.950,0.000,123740,787952,132585,1714062,1024428,7882,5813780,959164,,,,,48.403,39,surfaceflinger_latency,79.000,29.500,81.409,0,67508540,true,partial:gpu_util_N/R
RUN-20260919-004,lenovo-tb-j606f,245,2026-09-19T14:57:18.254Z,250238,runtime,true,true,1,1,52.504,3.109,26.079,0.000,123740,787952,131377,1714158,1024572,7882,5813780,959932,,,,,71.815,55,surfaceflinger_latency,79.000,29.500,81.409,0,67508540,true,partial:gpu_util_N/R
RUN-20260919-004,lenovo-tb-j606f,246,2026-09-19T14:57:19.015Z,251435,runtime,true,true,1,1,53.571,4.004,24.784,0.000,128452,787952,131377,1714158,1024572,7882,5813780,959528,,,,,30.916,37,surfaceflinger_latency,79.000,29.500,81.409,0,67508540,true,partial:gpu_util_N/R
RUN-20260919-004,lenovo-tb-j606f,247,2026-09-19T14:57:19.761Z,252197,runtime,true,true,1,1,53.521,3.169,27.993,0.000,128452,787952,131377,1714158,1024572,7882,5813780,960664,,,,,47.258,36,surfaceflinger_latency,79.000,29.500,81.409,0,67508540,true,partial:gpu_util_N/R
RUN-20260919-004,lenovo-tb-j606f,248,2026-09-19T14:57:20.512Z,252942,runtime,true,true,1,1,54.861,2.951,25.521,0.000,128452,787952,131377,1714158,1024572,7882,5813780,957968,,,,,48.304,36,surfaceflinger_latency,79.000,29.500,81.409,0,67508540,true,partial:gpu_util_N/R
RUN-20260919-004,lenovo-tb-j606f,249,2026-09-19T14:57:21.296Z,253694,runtime,true,true,1,1,56.089,3.087,27.101,0.000,128456,787952,131377,1714158,1024572,7882,5813780,959820,,,,,51.900,39,surfaceflinger_latency,79.000,29.500,81.409,0,67508540,true,partial:gpu_util_N/R
RUN-20260919-004,lenovo-tb-j606f,250,2026-09-19T14:57:25.400Z,254477,runtime,true,true,1,1,54.305,3.146,25.828,0.000,128456,787952,131392,1714222,1024652,7882,5813780,958848,,,,,160.836,126,surfaceflinger_latency,79.000,29.500,81.235,0,67506976,true,partial:gpu_util_N/R
RUN-20260919-004,lenovo-tb-j606f,251,2026-09-19T14:57:26.154Z,258582,runtime,true,true,1,1,55.899,3.320,26.983,0.000,128324,787952,131392,1714222,1024652,7882,5813780,973448,,,,,8.771,36,surfaceflinger_latency,79.000,29.500,81.235,0,67506976,true,partial:gpu_util_N/R
RUN-20260919-004,lenovo-tb-j606f,252,2026-09-19T14:57:26.901Z,259336,runtime,true,true,1,1,51.930,3.158,25.965,0.000,128324,787952,131392,1714222,1024652,7882,5813780,972484,,,,,49.073,37,surfaceflinger_latency,79.000,29.500,81.235,0,67506976,true,partial:gpu_util_N/R
RUN-20260919-004,lenovo-tb-j606f,253,2026-09-19T14:57:27.636Z,260082,runtime,true,true,1,1,55.453,2.773,26.063,0.000,128324,787952,131392,1714222,1024652,7882,5813780,972280,,,,,44.188,33,surfaceflinger_latency,79.000,29.500,81.235,0,67506976,true,partial:gpu_util_N/R
RUN-20260919-004,lenovo-tb-j606f,254,2026-09-19T14:57:28.456Z,260818,runtime,true,true,1,1,54.246,2.946,26.690,0.000,128324,787952,131392,1714222,1024652,7882,5813780,970716,,,,,54.405,40,surfaceflinger_latency,79.000,29.500,81.235,0,67506976,true,partial:gpu_util_N/R
RUN-20260919-004,lenovo-tb-j606f,255,2026-09-19T14:57:29.731Z,261637,runtime,true,true,1,1,51.961,3.105,26.144,0.000,128324,787952,131328,1714262,1024740,7882,5813780,971364,,,,,71.988,59,surfaceflinger_latency,79.000,29.500,81.235,0,67506976,true,partial:gpu_util_N/R
RUN-20260919-004,lenovo-tb-j606f,256,2026-09-19T14:57:30.533Z,262912,runtime,true,true,1,1,51.753,3.814,25.361,0.000,128476,787952,131328,1714262,1024740,7882,5813780,970944,,,,,30.592,39,surfaceflinger_latency,79.000,29.500,81.235,0,67506976,true,partial:gpu_util_N/R
RUN-20260919-004,lenovo-tb-j606f,257,2026-09-19T14:57:31.275Z,263714,runtime,true,true,1,1,55.738,2.951,25.574,0.000,128476,787952,131328,1714262,1024740,7882,5813780,967548,,,,,44.902,36,surfaceflinger_latency,79.000,29.500,81.235,0,67506976,true,partial:gpu_util_N/R
RUN-20260919-004,lenovo-tb-j606f,258,2026-09-19T14:57:32.007Z,264456,runtime,true,true,1,1,53.036,3.036,27.143,0.000,128476,787952,131328,1714262,1024740,7882,5813780,968136,,,,,48.507,36,surfaceflinger_latency,79.000,29.500,81.235,0,67506976,true,partial:gpu_util_N/R
RUN-20260919-004,lenovo-tb-j606f,259,2026-09-19T14:57:32.776Z,265188,runtime,true,true,1,1,53.497,3.147,26.573,0.000,128476,787952,131328,1714262,1024740,7882,5813780,968556,,,,,50.548,37,surfaceflinger_latency,79.000,29.500,81.235,0,67506976,true,partial:gpu_util_N/R
RUN-20260919-004,lenovo-tb-j606f,260,2026-09-19T14:57:36.704Z,265957,runtime,true,true,1,1,54.217,2.926,27.022,0.000,128476,787952,131316,1714282,1024768,7882,5813780,967428,,,,,163.862,126,surfaceflinger_latency,79.000,29.600,81.260,0,67505404,true,partial:gpu_util_N/R
RUN-20260919-004,lenovo-tb-j606f,261,2026-09-19T14:57:37.454Z,269885,runtime,true,true,1,1,55.003,3.291,26.394,0.000,128328,787952,131316,1714282,1024768,7882,5813780,961808,,,,,8.909,35,surfaceflinger_latency,79.000,29.600,81.260,0,67505404,true,partial:gpu_util_N/R
RUN-20260919-004,lenovo-tb-j606f,262,2026-09-19T14:57:38.201Z,270635,runtime,true,true,1,1,57.216,3.056,25.976,0.000,128328,787952,131316,1714282,1024768,7882,5813780,962212,,,,,49.332,37,surfaceflinger_latency,79.000,29.600,81.260,0,67505404,true,partial:gpu_util_N/R
RUN-20260919-004,lenovo-tb-j606f,263,2026-09-19T14:57:38.957Z,271382,runtime,true,true,1,1,53.982,3.186,27.434,0.000,128328,787952,131316,1714282,1024768,7882,5813780,960460,,,,,48.221,36,surfaceflinger_latency,79.000,29.600,81.260,0,67505404,true,partial:gpu_util_N/R
RUN-20260919-004,lenovo-tb-j606f,264,2026-09-19T14:57:39.711Z,272138,runtime,true,true,1,1,55.250,2.926,26.678,0.000,128328,787952,131316,1714282,1024768,7882,5813780,960388,,,,,48.941,37,surfaceflinger_latency,79.000,29.600,81.260,0,67505404,true,partial:gpu_util_N/R
RUN-20260919-004,lenovo-tb-j606f,265,2026-09-19T14:57:40.987Z,272892,runtime,true,true,1,1,53.484,2.962,26.132,0.000,128328,787952,131317,1714326,1024768,7882,5813780,959284,,,,,78.211,59,surfaceflinger_latency,79.000,29.600,81.260,0,67505404,true,partial:gpu_util_N/R
RUN-20260919-004,lenovo-tb-j606f,266,2026-09-19T14:57:41.770Z,274169,runtime,true,true,1,1,51.546,3.918,25.052,0.000,128164,787952,131317,1714326,1024768,7882,5813780,958960,,,,,29.772,38,surfaceflinger_latency,79.000,29.600,81.260,0,67505404,true,partial:gpu_util_N/R
RUN-20260919-004,lenovo-tb-j606f,267,2026-09-19T14:57:42.517Z,274952,runtime,true,true,1,1,54.593,3.120,27.210,0.000,128164,787952,131317,1714326,1024768,7882,5813780,960584,,,,,48.525,38,surfaceflinger_latency,79.000,29.600,81.260,0,67505404,true,partial:gpu_util_N/R
RUN-20260919-004,lenovo-tb-j606f,268,2026-09-19T14:57:43.233Z,275698,runtime,true,true,1,1,53.832,2.852,26.560,0.000,128164,787952,131317,1714326,1024768,7882,5813780,959740,,,,,42.879,32,surfaceflinger_latency,79.000,29.600,81.260,0,67505404,true,partial:gpu_util_N/R
RUN-20260919-004,lenovo-tb-j606f,269,2026-09-19T14:57:44.018Z,276415,runtime,true,true,1,1,53.805,3.186,26.549,0.000,127668,787952,131317,1714326,1024768,7882,5813780,960944,,,,,53.040,38,surfaceflinger_latency,79.000,29.600,81.260,0,67505404,true,partial:gpu_util_N/R
RUN-20260919-004,lenovo-tb-j606f,270,2026-09-19T14:57:48.027Z,277199,runtime,true,true,1,1,54.608,2.901,26.280,0.000,127668,787952,131007,1714358,1024768,7882,5813780,962164,,,,,161.895,127,surfaceflinger_latency,79.000,29.600,81.347,0,67504048,true,partial:gpu_util_N/R
RUN-20260919-004,lenovo-tb-j606f,271,2026-09-19T14:57:48.781Z,281208,runtime,true,true,1,1,55.194,3.386,26.627,0.000,127732,787952,131007,1714358,1024768,7882,5813780,973216,,,,,8.979,36,surfaceflinger_latency,79.000,29.600,81.347,0,67504048,true,partial:gpu_util_N/R
RUN-20260919-004,lenovo-tb-j606f,272,2026-09-19T14:57:49.549Z,281962,runtime,true,true,1,1,53.675,2.735,26.154,0.000,127732,787952,131007,1714358,1024768,7882,5813780,973092,,,,,49.053,37,surfaceflinger_latency,79.000,29.600,81.347,0,67504048,true,partial:gpu_util_N/R
RUN-20260919-004,lenovo-tb-j606f,273,2026-09-19T14:57:50.335Z,282730,runtime,true,true,1,1,54.483,3.276,27.586,0.000,127732,787952,131007,1714358,1024768,7882,5813780,972072,,,,,50.793,39,surfaceflinger_latency,79.000,29.600,81.347,0,67504048,true,partial:gpu_util_N/R
RUN-20260919-004,lenovo-tb-j606f,274,2026-09-19T14:57:51.105Z,283516,runtime,true,true,1,1,51.952,3.056,26.655,0.000,127732,787952,131007,1714358,1024768,7882,5813780,972388,,,,,47.079,37,surfaceflinger_latency,79.000,29.600,81.347,0,67504048,true,partial:gpu_util_N/R
RUN-20260919-004,lenovo-tb-j606f,275,2026-09-19T14:57:52.326Z,284286,runtime,true,true,1,1,56.432,3.087,26.930,0.000,127732,787952,131020,1714402,1024768,7882,5813780,970524,,,,,73.998,57,surfaceflinger_latency,79.000,29.600,81.347,0,67504048,true,partial:gpu_util_N/R
RUN-20260919-004,lenovo-tb-j606f,276,2026-09-19T14:57:53.155Z,285507,runtime,true,true,1,1,60.981,3.945,28.145,0.000,127932,787952,131020,1714402,1024768,7882,5813780,973752,,,,,32.771,40,surfaceflinger_latency,79.000,29.600,81.347,0,67504048,true,partial:gpu_util_N/R
RUN-20260919-004,lenovo-tb-j606f,277,2026-09-19T14:57:53.931Z,286336,runtime,true,true,1,1,56.529,3.140,26.281,0.000,127932,787952,131020,1714402,1024768,7882,5813780,973720,,,,,45.853,38,surfaceflinger_latency,79.000,29.600,81.347,0,67504048,true,partial:gpu_util_N/R
RUN-20260919-004,lenovo-tb-j606f,278,2026-09-19T14:57:54.736Z,287113,runtime,true,true,1,1,53.871,2.965,26.689,0.000,127932,787952,131020,1714402,1024768,7882,5813780,973004,,,,,50.198,39,surfaceflinger_latency,79.000,29.600,81.347,0,67504048,true,partial:gpu_util_N/R
RUN-20260919-004,lenovo-tb-j606f,279,2026-09-19T14:57:55.485Z,287918,runtime,true,true,1,1,60.832,2.946,26.516,0.000,127860,787952,131020,1714402,1024768,7882,5813780,978092,,,,,43.477,35,surfaceflinger_latency,79.000,29.600,81.347,0,67504048,true,partial:gpu_util_N/R
RUN-20260919-004,lenovo-tb-j606f,280,2026-09-19T14:57:59.486Z,288666,runtime,true,true,1,1,57.661,2.965,26.194,0.000,127860,787952,129915,1714426,1024768,7882,5813780,976768,,,,,168.330,126,surfaceflinger_latency,79.000,29.900,81.235,0,67502448,true,partial:gpu_util_N/R
RUN-20260919-004,lenovo-tb-j606f,281,2026-09-19T14:58:00.295Z,292668,runtime,true,true,1,1,57.706,3.221,27.177,0.000,125628,787788,129915,1714426,1024768,7882,5813780,961740,,,,,8.997,36,surfaceflinger_latency,79.000,29.900,81.235,0,67502448,true,partial:gpu_util_N/R
RUN-20260919-004,lenovo-tb-j606f,282,2026-09-19T14:58:01.106Z,293476,runtime,true,true,1,1,64.860,3.120,26.765,0.000,125476,787432,129915,1714426,1024768,7882,5813780,968648,,,,,48.225,39,surfaceflinger_latency,79.000,29.900,81.235,0,67502448,true,partial:gpu_util_N/R
RUN-20260919-004,lenovo-tb-j606f,283,2026-09-19T14:58:01.882Z,294287,runtime,true,true,1,1,56.309,2.997,25.710,0.000,125476,787432,129915,1714426,1024768,7882,5813780,967664,,,,,46.876,38,surfaceflinger_latency,79.000,29.900,81.235,0,67502448,true,partial:gpu_util_N/R
RUN-20260919-004,lenovo-tb-j606f,284,2026-09-19T14:58:02.625Z,295064,runtime,true,true,1,1,54.452,2.911,26.199,0.000,125476,787432,129915,1714426,1024768,7882,5813780,965492,,,,,47.634,37,surfaceflinger_latency,79.000,29.900,81.235,0,67502448,true,partial:gpu_util_N/R
RUN-20260919-004,lenovo-tb-j606f,285,2026-09-19T14:58:03.885Z,295806,runtime,true,true,1,1,55.652,3.130,27.478,0.000,125476,787432,127748,1713953,1024768,7890,5813780,964888,,,,,78.133,58,surfaceflinger_latency,79.000,29.900,81.235,0,67502448,true,partial:gpu_util_N/R
RUN-20260919-004,lenovo-tb-j606f,286,2026-09-19T14:58:04.648Z,297066,runtime,true,true,1,1,52.954,3.797,25.422,0.000,125844,787432,127748,1713953,1024768,7890,5813780,967200,,,,,29.359,37,surfaceflinger_latency,79.000,29.900,81.235,0,67502448,true,partial:gpu_util_N/R
RUN-20260919-004,lenovo-tb-j606f,287,2026-09-19T14:58:05.433Z,297829,runtime,true,true,1,1,54.545,3.030,26.768,0.000,125844,787432,127748,1713953,1024768,7890,5813780,965672,,,,,49.788,38,surfaceflinger_latency,79.000,29.900,81.235,0,67502448,true,partial:gpu_util_N/R
RUN-20260919-004,lenovo-tb-j606f,288,2026-09-19T14:58:06.223Z,298614,runtime,true,true,1,1,61.224,2.891,28.571,0.000,125732,787144,127748,1713953,1024768,7890,5813780,995284,,,,,47.155,37,surfaceflinger_latency,79.000,29.900,81.235,0,67502448,true,partial:gpu_util_N/R
RUN-20260919-004,lenovo-tb-j606f,289,2026-09-19T14:58:07.009Z,299405,runtime,true,true,1,1,58.643,3.231,25.848,0.000,125732,787144,127748,1713953,1024768,7890,5813780,994460,,,,,48.074,38,surfaceflinger_latency,79.000,29.900,81.235,0,67502448,true,partial:gpu_util_N/R
RUN-20260919-004,lenovo-tb-j606f,290,2026-09-19T14:58:11.004Z,300191,runtime,true,true,1,1,51.613,2.886,26.655,0.000,125732,787144,127604,1713689,1024768,7886,5813780,997056,,,,,160.305,126,surfaceflinger_latency,79.000,30.000,81.272,0,67500984,true,partial:gpu_util_N/R
RUN-20260919-004,mi-a3,0,2026-09-19T15:04:46.179Z,1499,startup,false,false,0,0,,,,0.000,,,,,,,3701920,1086868,,,,,,,,100.000,28.900,273.000,0,27845076,true,partial:gpu_util_N/R|fps_N/R
RUN-20260919-004,mi-a3,1,2026-09-19T15:04:46.665Z,4286,startup,true,false,1,0,68.881,,,0.000,219124,,,,,,3701920,1073048,,,,,,,,100.000,28.900,273.000,0,27845076,true,partial:gpu_util_N/R|fps_N/R
RUN-20260919-004,mi-a3,2,2026-09-19T15:04:47.158Z,4771,startup,true,false,1,0,33.584,15.789,,0.000,236576,,,,,,3701920,1072392,,,,,,,,100.000,28.900,273.000,0,27845076,true,partial:gpu_util_N/R|fps_N/R
RUN-20260919-004,mi-a3,3,2026-09-19T15:04:47.647Z,5263,startup,true,false,1,0,34.447,15.681,,0.000,253968,,,,,,3701920,1068800,,,,,,,,100.000,28.900,273.000,0,27845076,true,partial:gpu_util_N/R|fps_N/R
RUN-20260919-004,mi-a3,4,2026-09-19T15:04:48.130Z,5753,startup,true,false,1,0,33.166,15.327,,0.000,258200,,,,,,3701920,1075628,,,,,,,,100.000,28.900,273.000,0,27845076,true,partial:gpu_util_N/R|fps_N/R
RUN-20260919-004,mi-a3,5,2026-09-19T15:04:48.848Z,6235,startup,true,false,1,0,35.121,16.354,,0.000,269272,,209050,,28736,318,3701920,1073744,,,,,,,,100.000,28.900,273.000,0,27845076,true,partial:gpu_util_N/R|fps_N/R
RUN-20260919-004,mi-a3,6,2026-09-19T15:04:49.332Z,6954,startup,true,false,1,0,34.718,17.110,,0.000,177116,,209050,,28736,318,3701920,1080648,,,,,,,,100.000,28.900,273.000,0,27845076,true,partial:gpu_util_N/R|fps_N/R
RUN-20260919-004,mi-a3,7,2026-09-19T15:04:49.806Z,7438,startup,true,false,1,0,41.253,15.405,,0.000,188124,,209050,,28736,318,3701920,1079132,,,,,,,,100.000,28.900,273.000,0,27845076,true,partial:gpu_util_N/R|fps_N/R
RUN-20260919-004,mi-a3,8,2026-09-19T15:04:50.356Z,8000,startup,true,false,1,0,33.408,16.036,,0.000,208228,,209050,,28736,318,3701920,1073868,,,,,,,,100.000,28.900,273.000,0,27845076,true,partial:gpu_util_N/R|fps_N/R
RUN-20260919-004,mi-a3,9,2026-09-19T15:04:51.363Z,9000,startup,true,false,1,0,34.889,15.356,,0.000,216232,,209050,,28736,318,3701920,1090588,,,,,,,,100.000,28.900,273.000,0,27845076,true,partial:gpu_util_N/R|fps_N/R
RUN-20260919-004,mi-a3,10,2026-09-19T15:04:54.307Z,10000,startup,true,false,1,0,35.006,15.912,,0.000,244932,,184155,,28820,832,3701920,1083884,,,,,,,,100.000,28.900,273.000,0,27456832,true,partial:gpu_util_N/R|fps_N/R
RUN-20260919-004,mi-a3,11,2026-09-19T15:04:54.796Z,12413,startup,true,false,1,0,39.774,16.393,,0.000,178844,,184155,,28820,832,3701920,1097004,,,,,,,,100.000,28.900,273.000,0,27456832,true,partial:gpu_util_N/R|fps_N/R
RUN-20260919-004,mi-a3,12,2026-09-19T15:04:55.257Z,12901,startup,true,false,1,0,45.431,15.927,,0.000,187604,,184155,,28820,832,3701920,1107972,,,,,,,,100.000,28.900,273.000,0,27456832,true,partial:gpu_util_N/R|fps_N/R
RUN-20260919-004,mi-a3,13,2026-09-19T15:04:55.731Z,13362,startup,true,false,1,0,40.323,15.591,,0.000,167088,,184155,,28820,832,3701920,1110664,,,,,,,,100.000,28.900,273.000,0,27456832,true,partial:gpu_util_N/R|fps_N/R
RUN-20260919-004,mi-a3,14,2026-09-19T15:04:56.327Z,14000,startup,true,false,1,0,34.861,9.562,,0.000,168012,,184155,,28820,832,3701920,1113104,,,,,,,,100.000,28.900,273.000,0,27456832,true,partial:gpu_util_N/R|fps_N/R
RUN-20260919-004,mi-a3,15,2026-09-19T15:04:57.606Z,15000,startup,true,false,1,0,26.303,6.788,,0.000,168712,,86420,,15908,1243,3701920,1113656,,,,,,,,100.000,28.900,273.000,0,27456832,true,partial:gpu_util_N/R|fps_N/R
RUN-20260919-004,mi-a3,16,2026-09-19T15:04:58.377Z,16000,startup,true,false,1,0,31.363,11.098,,0.000,165396,,86420,,15908,1243,3701920,1124156,,,,,,,,100.000,28.900,273.000,0,27456832,true,partial:gpu_util_N/R|fps_N/R
RUN-20260919-004,mi-a3,17,2026-09-19T15:04:59.330Z,17000,startup,true,false,1,0,35.242,13.995,,0.000,164872,,86420,,15908,1243,3701920,1126008,,,,,,,,100.000,28.900,273.000,0,27456832,true,partial:gpu_util_N/R|fps_N/R
RUN-20260919-004,mi-a3,18,2026-09-19T15:05:00.334Z,18000,startup,true,false,1,0,32.020,13.054,,0.000,164720,,86420,,15908,1243,3701920,1129152,,,,,,,,100.000,28.900,273.000,0,27456832,true,partial:gpu_util_N/R|fps_N/R
RUN-20260919-004,mi-a3,19,2026-09-19T15:05:01.367Z,19000,startup,true,false,1,0,32.527,12.213,,0.000,163448,,86420,,15908,1243,3701920,1132164,,,,,,,,100.000,28.900,273.000,0,27456832,true,partial:gpu_util_N/R|fps_N/R
RUN-20260919-004,mi-a3,20,2026-09-19T15:05:04.400Z,20000,startup,true,false,1,0,33.209,13.755,,0.000,162720,,80326,,16224,1282,3701920,1136416,,,,,,,,100.000,29.000,273.000,0,27096920,true,partial:gpu_util_N/R|fps_N/R
RUN-20260919-004,mi-a3,21,2026-09-19T15:05:04.877Z,22505,startup,true,false,1,0,41.429,14.187,,0.000,158916,,80326,,16224,1282,3701920,1196096,,,,,,,,100.000,29.000,273.000,0,27096920,true,partial:gpu_util_N/R|fps_N/R
RUN-20260919-004,mi-a3,22,2026-09-19T15:05:05.373Z,22983,startup,true,false,1,0,38.298,13.830,,0.000,158704,,80326,,16224,1282,3701920,1201040,,,,,,,,100.000,29.000,273.000,0,27096920,true,partial:gpu_util_N/R|fps_N/R
RUN-20260919-004,mi-a3,23,2026-09-19T15:05:05.879Z,23479,startup,true,false,1,0,37.379,13.107,,0.000,158444,,80326,,16224,1282,3701920,1203684,,,,,,,,100.000,29.000,273.000,0,27096920,true,partial:gpu_util_N/R|fps_N/R
RUN-20260919-004,mi-a3,24,2026-09-19T15:05:06.362Z,24000,startup,true,false,1,0,39.066,14.251,,0.000,158296,,80326,,16224,1282,3701920,1204680,,,,,,,,100.000,29.000,273.000,0,27096920,true,partial:gpu_util_N/R|fps_N/R
RUN-20260919-004,mi-a3,25,2026-09-19T15:05:07.600Z,25000,startup,true,false,1,0,33.498,14.091,,0.000,157772,,77048,,16120,1280,3701920,1208412,,,,,,,,100.000,29.000,273.000,0,27096920,true,partial:gpu_util_N/R|fps_N/R
RUN-20260919-004,mi-a3,26,2026-09-19T15:05:08.376Z,26000,startup,true,false,1,0,34.214,14.340,,0.000,156648,,77048,,16120,1280,3701920,1214936,,,,,,,,100.000,29.000,273.000,0,27096920,true,partial:gpu_util_N/R|fps_N/R
RUN-20260919-004,mi-a3,27,2026-09-19T15:05:09.364Z,27000,startup,true,false,1,0,32.342,14.002,,0.000,155312,,77048,,16120,1280,3701920,1220036,,,,,,,,100.000,29.000,273.000,0,27096920,true,partial:gpu_util_N/R|fps_N/R
RUN-20260919-004,mi-a3,28,2026-09-19T15:05:10.361Z,28000,startup,true,false,1,0,32.335,13.483,,0.000,153232,,77048,,16120,1280,3701920,1226912,,,,,,,,100.000,29.000,273.000,0,27096920,true,partial:gpu_util_N/R|fps_N/R
RUN-20260919-004,mi-a3,29,2026-09-19T15:05:11.386Z,29000,startup,true,false,1,0,31.273,14.215,,0.000,152948,,77048,,16120,1280,3701920,1231412,,,,,,,,100.000,29.000,273.000,0,27096920,true,partial:gpu_util_N/R|fps_N/R
RUN-20260919-004,mi-a3,30,2026-09-19T15:05:14.350Z,30000,startup,true,false,1,0,31.061,14.015,,0.000,152820,,75185,,16176,1301,3701920,1233564,,,,,,,,100.000,29.000,100.000,0,27096928,true,partial:gpu_util_N/R|fps_N/R
RUN-20260919-004,mi-a3,31,2026-09-19T15:05:14.812Z,32456,startup,true,false,1,0,39.612,14.293,,0.000,151756,,75185,,16176,1301,3701920,1231328,,,,,,,,100.000,29.000,100.000,0,27096928,true,partial:gpu_util_N/R|fps_N/R
RUN-20260919-004,mi-a3,32,2026-09-19T15:05:15.287Z,32918,startup,true,false,1,0,36.508,13.757,,0.000,151732,,75185,,16176,1301,3701920,1231636,,,,,,,,100.000,29.000,100.000,0,27096928,true,partial:gpu_util_N/R|fps_N/R
RUN-20260919-004,mi-a3,33,2026-09-19T15:05:15.750Z,33393,startup,true,false,1,0,37.534,13.941,,0.000,151616,,75185,,16176,1301,3701920,1231896,,,,,,,,100.000,29.000,100.000,0,27096928,true,partial:gpu_util_N/R|fps_N/R
RUN-20260919-004,mi-a3,34,2026-09-19T15:05:16.378Z,34000,startup,true,false,1,0,36.078,13.333,,0.000,151244,,75185,,16176,1301,3701920,1234160,,,,,,,,100.000,29.000,100.000,0,27096928,true,partial:gpu_util_N/R|fps_N/R
RUN-20260919-004,mi-a3,35,2026-09-19T15:05:17.528Z,35000,startup,true,false,1,0,30.194,13.677,,0.000,150984,,74127,,16232,1319,3701920,1238604,,,,,,,,100.000,29.000,100.000,0,27096928,true,partial:gpu_util_N/R|fps_N/R
RUN-20260919-004,mi-a3,36,2026-09-19T15:05:18.379Z,36000,startup,true,false,1,0,33.454,14.372,,0.000,150856,,74127,,16232,1319,3701920,1241436,,,,,,,,100.000,29.000,100.000,0,27096928,true,partial:gpu_util_N/R|fps_N/R
RUN-20260919-004,mi-a3,37,2026-09-19T15:05:19.377Z,37000,startup,true,false,1,0,32.924,13.636,,0.000,150420,,74127,,16232,1319,3701920,1244552,,,,,,,,100.000,29.000,100.000,0,27096928,true,partial:gpu_util_N/R|fps_N/R
RUN-20260919-004,mi-a3,38,2026-09-19T15:05:20.380Z,38000,startup,true,false,1,0,32.532,14.177,,0.000,150040,,74127,,16232,1319,3701920,1247644,,,,,,,,100.000,29.000,100.000,0,27096928,true,partial:gpu_util_N/R|fps_N/R
RUN-20260919-004,mi-a3,39,2026-09-19T15:05:21.379Z,39000,startup,true,false,1,0,31.897,13.793,,0.000,149748,,74127,,16232,1319,3701920,1248948,,,,,,,,100.000,29.000,100.000,0,27096928,true,partial:gpu_util_N/R|fps_N/R
RUN-20260919-004,mi-a3,40,2026-09-19T15:05:24.361Z,40000,startup,true,false,1,0,32.386,13.597,,0.000,149408,,73594,,16288,1369,3701920,1251976,,,,,,,,100.000,29.200,100.000,0,27096928,true,partial:gpu_util_N/R|fps_N/R
RUN-20260919-004,mi-a3,41,2026-09-19T15:05:24.850Z,42467,startup,true,false,1,0,38.739,14.235,,0.000,149052,,73594,,16288,1369,3701920,1251244,,,,,,,,100.000,29.200,100.000,0,27096928,true,partial:gpu_util_N/R|fps_N/R
RUN-20260919-004,mi-a3,42,2026-09-19T15:05:25.329Z,42956,startup,true,false,1,0,38.987,13.924,,0.000,149100,,73594,,16288,1369,3701920,1256896,,,,,,,,100.000,29.200,100.000,0,27096928,true,partial:gpu_util_N/R|fps_N/R
RUN-20260919-004,mi-a3,43,2026-09-19T15:05:25.814Z,43435,startup,true,false,1,0,39.109,13.861,,0.000,149004,,73594,,16288,1369,3701920,1257352,,,,,,,,100.000,29.200,100.000,0,27096928,true,partial:gpu_util_N/R|fps_N/R
RUN-20260919-004,mi-a3,44,2026-09-19T15:05:26.377Z,44000,startup,true,false,1,0,35.650,13.901,,0.000,148896,,73594,,16288,1369,3701920,1258472,,,,,,,,100.000,29.200,100.000,0,27096928,true,partial:gpu_util_N/R|fps_N/R
RUN-20260919-004,mi-a3,45,2026-09-19T15:05:27.566Z,45000,startup,true,false,1,0,32.750,14.000,,0.000,148620,,73259,,16344,1369,3701920,1263992,,,,,,,,100.000,29.200,100.000,0,27096928,true,partial:gpu_util_N/R|fps_N/R
RUN-20260919-004,mi-a3,46,2026-09-19T15:05:28.373Z,46000,startup,true,false,1,0,33.624,13.699,,0.000,148544,,73259,,16344,1369,3701920,1266872,,,,,,,,100.000,29.200,100.000,0,27096928,true,partial:gpu_util_N/R|fps_N/R
RUN-20260919-004,mi-a3,47,2026-09-19T15:05:29.358Z,47000,startup,true,false,1,0,31.960,13.983,,0.000,148768,,73259,,16344,1369,3701920,1271168,,,,,,,,100.000,29.200,100.000,0,27096928,true,partial:gpu_util_N/R|fps_N/R
RUN-20260919-004,mi-a3,48,2026-09-19T15:05:30.369Z,48000,startup,true,false,1,0,32.633,13.597,,0.000,148604,,73259,,16344,1369,3701920,1277828,,,,,,,,100.000,29.200,100.000,0,27096928,true,partial:gpu_util_N/R|fps_N/R
RUN-20260919-004,mi-a3,49,2026-09-19T15:05:31.379Z,49000,startup,true,false,1,0,33.087,13.530,,0.000,148484,,73259,,16344,1369,3701920,1283228,,,,,,,,100.000,29.200,100.000,0,27096928,true,partial:gpu_util_N/R|fps_N/R
RUN-20260919-004,mi-a3,50,2026-09-19T15:05:34.405Z,50000,startup,true,false,1,0,33.416,13.440,,0.000,148280,,73093,,16352,1442,3701920,1287656,,,,,,,,100.000,29.300,117.000,0,27096920,true,partial:gpu_util_N/R|fps_N/R
RUN-20260919-004,mi-a3,51,2026-09-19T15:05:34.894Z,52510,startup,true,false,1,0,39.742,14.172,,0.000,148160,,73093,,16352,1442,3701920,1292204,,,,,,,,100.000,29.300,117.000,0,27096920,true,partial:gpu_util_N/R|fps_N/R
RUN-20260919-004,mi-a3,52,2026-09-19T15:05:35.364Z,53000,startup,true,false,1,0,37.975,14.177,,0.000,148080,,73093,,16352,1442,3701920,1294876,,,,,,,,100.000,29.300,117.000,0,27096920,true,partial:gpu_util_N/R|fps_N/R
RUN-20260919-004,mi-a3,53,2026-09-19T15:05:35.821Z,53470,startup,true,false,1,0,37.151,14.246,,0.000,148052,,73093,,16352,1442,3701920,1295280,,,,,,,,100.000,29.300,117.000,0,27096920,true,partial:gpu_util_N/R|fps_N/R
RUN-20260919-004,mi-a3,54,2026-09-19T15:05:36.355Z,54000,startup,true,false,1,0,36.961,13.605,,0.000,147972,,73093,,16352,1442,3701920,1298376,,,,,,,,100.000,29.300,117.000,0,27096920,true,partial:gpu_util_N/R|fps_N/R
RUN-20260919-004,mi-a3,55,2026-09-19T15:05:37.577Z,55000,startup,true,false,1,0,30.923,14.090,,0.000,147892,,72851,,16352,1445,3701920,1303796,,,,,,,,100.000,29.300,117.000,0,27096920,true,partial:gpu_util_N/R|fps_N/R
RUN-20260919-004,mi-a3,56,2026-09-19T15:05:38.337Z,56000,startup,true,false,1,0,38.317,14.322,,0.000,147784,,72851,,16352,1445,3701920,1301816,,,,,,,,100.000,29.300,117.000,0,27096920,true,partial:gpu_util_N/R|fps_N/R
RUN-20260919-004,mi-a3,57,2026-09-19T15:05:39.345Z,57000,startup,true,false,1,0,31.375,14.125,,0.000,147596,,72851,,16352,1445,3701920,1304860,,,,,,,,100.000,29.300,117.000,0,27096920,true,partial:gpu_util_N/R|fps_N/R
RUN-20260919-004,mi-a3,58,2026-09-19T15:05:40.357Z,58000,startup,true,false,1,0,32.099,13.951,,0.000,147432,,72851,,16352,1445,3701920,1310408,,,,,,,,100.000,29.300,117.000,0,27096920,true,partial:gpu_util_N/R|fps_N/R
RUN-20260919-004,mi-a3,59,2026-09-19T15:05:41.344Z,59000,startup,true,false,1,0,31.778,13.997,,0.000,147404,,72851,,16352,1445,3701920,1314488,,,,,,,,100.000,29.300,117.000,0,27096920,true,partial:gpu_util_N/R|fps_N/R
RUN-20260919-004,mi-a3,60,2026-09-19T15:05:44.356Z,60000,startup,true,false,1,0,31.875,13.875,,0.000,147364,,72641,,16352,1454,3701920,1314316,,,,,,,,100.000,29.500,351.000,0,27096920,true,partial:gpu_util_N/R|fps_N/R
RUN-20260919-004,mi-a3,61,2026-09-19T15:05:44.839Z,62462,startup,true,false,1,0,42.607,14.286,,0.000,146164,,72641,,16352,1454,3701920,1315212,,,,,,,,100.000,29.500,351.000,0,27096920,true,partial:gpu_util_N/R|fps_N/R
RUN-20260919-004,mi-a3,62,2026-09-19T15:05:45.362Z,62945,startup,true,false,1,0,37.121,13.889,,0.000,146180,,72641,,16352,1454,3701920,1316852,,,,,,,,100.000,29.500,351.000,0,27096920,true,partial:gpu_util_N/R|fps_N/R
RUN-20260919-004,mi-a3,63,2026-09-19T15:05:45.854Z,63467,startup,true,false,1,0,38.038,13.636,,0.000,146164,,72641,,16352,1454,3701920,1318452,,,,,,,,100.000,29.500,351.000,0,27096920,true,partial:gpu_util_N/R|fps_N/R
RUN-20260919-004,mi-a3,64,2026-09-19T15:05:46.369Z,64000,startup,true,false,1,0,36.170,13.239,,0.000,146140,,72641,,16352,1454,3701920,1318044,,,,,,,,100.000,29.500,351.000,0,27096920,true,partial:gpu_util_N/R|fps_N/R
RUN-20260919-004,mi-a3,65,2026-09-19T15:05:47.581Z,65000,startup,true,false,1,0,30.973,13.527,,0.000,146092,,72288,,16352,1454,3701920,1321956,,,,,,,,100.000,29.500,351.000,0,27096920,true,partial:gpu_util_N/R|fps_N/R
RUN-20260919-004,mi-a3,66,2026-09-19T15:05:48.390Z,66000,startup,true,false,1,0,33.820,13.869,,0.000,146044,,72288,,16352,1454,3701920,1323848,,,,,,,,100.000,29.500,351.000,0,27096920,true,partial:gpu_util_N/R|fps_N/R
RUN-20260919-004,mi-a3,67,2026-09-19T15:05:49.357Z,67000,startup,true,false,1,0,30.937,13.992,,0.000,146064,,72288,,16352,1454,3701920,1325000,,,,,,,,100.000,29.500,351.000,0,27096920,true,partial:gpu_util_N/R|fps_N/R
RUN-20260919-004,mi-a3,68,2026-09-19T15:05:50.345Z,68000,startup,true,false,1,0,32.103,13.776,,0.000,146040,,72288,,16352,1454,3701920,1326632,,,,,,,,100.000,29.500,351.000,0,27096920,true,partial:gpu_util_N/R|fps_N/R
RUN-20260919-004,mi-a3,69,2026-09-19T15:05:51.365Z,69000,startup,true,false,1,0,31.671,13.840,,0.000,146004,,72288,,16352,1454,3701920,1327496,,,,,,,,100.000,29.500,351.000,0,27096920,true,partial:gpu_util_N/R|fps_N/R
RUN-20260919-004,mi-a3,70,2026-09-19T15:05:54.383Z,70000,startup,true,false,1,0,31.813,13.687,,0.000,145944,,72271,,16352,1454,3701920,1331940,,,,,,,,100.000,29.500,156.000,0,27096920,true,partial:gpu_util_N/R|fps_N/R
RUN-20260919-004,mi-a3,71,2026-09-19T15:05:54.836Z,72489,startup,true,false,1,0,39.711,14.150,,0.000,145832,,72271,,16352,1454,3701920,1330524,,,,,,,,100.000,29.500,156.000,0,27096920,true,partial:gpu_util_N/R|fps_N/R
RUN-20260919-004,mi-a3,72,2026-09-19T15:05:55.277Z,72942,startup,true,false,1,0,37.741,13.223,,0.000,145816,,72271,,16352,1454,3701920,1331804,,,,,,,,100.000,29.500,156.000,0,27096920,true,partial:gpu_util_N/R|fps_N/R
RUN-20260919-004,mi-a3,73,2026-09-19T15:05:55.729Z,73383,startup,true,false,1,0,37.255,13.445,,0.000,145808,,72271,,16352,1454,3701920,1332616,,,,,,,,100.000,29.500,156.000,0,27096920,true,partial:gpu_util_N/R|fps_N/R
RUN-20260919-004,mi-a3,74,2026-09-19T15:05:56.338Z,74000,startup,true,false,1,0,35.200,13.600,,0.000,145808,,72271,,16352,1454,3701920,1333612,,,,,,,,100.000,29.500,156.000,0,27096920,true,partial:gpu_util_N/R|fps_N/R
RUN-20260919-004,mi-a3,75,2026-09-19T15:05:57.572Z,75000,startup,true,false,1,0,31.166,13.742,,0.000,145744,,72267,,16352,1458,3701920,1334584,,,,,,,,100.000,29.500,156.000,0,27096920,true,partial:gpu_util_N/R|fps_N/R
RUN-20260919-004,mi-a3,76,2026-09-19T15:05:58.365Z,76000,startup,true,false,1,0,33.499,14.197,,0.000,145692,,72267,,16352,1458,3701920,1337964,,,,,,,,100.000,29.500,156.000,0,27096920,true,partial:gpu_util_N/R|fps_N/R
RUN-20260919-004,mi-a3,77,2026-09-19T15:05:59.336Z,77000,startup,true,false,1,0,35.388,13.687,,0.000,145824,,72267,,16352,1458,3701920,1334908,,,,,,,,100.000,29.500,156.000,0,27096920,true,partial:gpu_util_N/R|fps_N/R
RUN-20260919-004,mi-a3,78,2026-09-19T15:06:00.336Z,78000,startup,true,false,1,0,32.134,13.648,,0.000,145824,,72267,,16352,1458,3701920,1337436,,,,,,,,100.000,29.500,156.000,0,27096920,true,partial:gpu_util_N/R|fps_N/R
RUN-20260919-004,mi-a3,79,2026-09-19T15:06:01.357Z,79000,startup,true,false,1,0,32.928,13.487,,0.000,145832,,72267,,16352,1458,3701920,1338744,,,,,,,,100.000,29.500,156.000,0,27096920,true,partial:gpu_util_N/R|fps_N/R
RUN-20260919-004,mi-a3,80,2026-09-19T15:06:04.345Z,80000,startup,true,false,1,0,34.398,13.882,,0.000,145768,,72186,,16352,1460,3701920,1339488,,,,,,,,100.000,29.800,156.000,0,27096920,true,partial:gpu_util_N/R|fps_N/R
RUN-20260919-004,mi-a3,81,2026-09-19T15:06:04.816Z,82451,startup,true,false,1,0,42.433,13.876,,0.000,145724,,72186,,16352,1460,3701920,1349276,,,,,,,,100.000,29.800,156.000,0,27096920,true,partial:gpu_util_N/R|fps_N/R
RUN-20260919-004,mi-a3,82,2026-09-19T15:06:05.281Z,82921,startup,true,false,1,0,39.572,14.439,,0.000,145712,,72186,,16352,1460,3701920,1351380,,,,,,,,100.000,29.800,156.000,0,27096920,true,partial:gpu_util_N/R|fps_N/R
RUN-20260919-004,mi-a3,83,2026-09-19T15:06:05.770Z,83386,startup,true,false,1,0,37.662,14.026,,0.000,145656,,72186,,16352,1460,3701920,1352820,,,,,,,,100.000,29.800,156.000,0,27096920,true,partial:gpu_util_N/R|fps_N/R
RUN-20260919-004,mi-a3,84,2026-09-19T15:06:06.378Z,84000,startup,true,false,1,0,34.497,13.963,,0.000,145640,,72186,,16352,1460,3701920,1351944,,,,,,,,100.000,29.800,156.000,0,27096920,true,partial:gpu_util_N/R|fps_N/R
RUN-20260919-004,mi-a3,85,2026-09-19T15:06:07.582Z,85000,startup,true,false,1,0,32.035,14.196,,0.000,145628,,72143,,16352,1460,3701920,1355100,,,,,,,,100.000,29.800,156.000,0,27096920,true,partial:gpu_util_N/R|fps_N/R
RUN-20260919-004,mi-a3,86,2026-09-19T15:06:08.380Z,86000,startup,true,false,1,0,33.660,14.443,,0.000,145624,,72143,,16352,1460,3701920,1353244,,,,,,,,100.000,29.800,156.000,0,27096920,true,partial:gpu_util_N/R|fps_N/R
RUN-20260919-004,mi-a3,87,2026-09-19T15:06:09.362Z,87000,startup,true,false,1,0,32.323,13.889,,0.000,144652,,72143,,16352,1460,3701920,1353372,,,,,,,,100.000,29.800,156.000,0,27096920,true,partial:gpu_util_N/R|fps_N/R
RUN-20260919-004,mi-a3,88,2026-09-19T15:06:10.379Z,88000,startup,true,false,1,0,31.000,14.250,,0.000,143408,,72143,,16352,1460,3701920,1355148,,,,,,,,100.000,29.800,156.000,0,27096920,true,partial:gpu_util_N/R|fps_N/R
RUN-20260919-004,mi-a3,89,2026-09-19T15:06:11.404Z,89000,startup,true,false,1,0,32.403,14.078,,0.000,143380,,72143,,16352,1460,3701920,1356844,,,,,,,,100.000,29.800,156.000,0,27096920,true,partial:gpu_util_N/R|fps_N/R
RUN-20260919-004,mi-a3,90,2026-09-19T15:06:14.335Z,90000,startup,true,false,1,0,31.846,13.879,,0.000,143284,,71949,,16352,1460,3701920,1356784,,,,,,,,100.000,29.800,195.000,0,27096916,true,partial:gpu_util_N/R|fps_N/R
RUN-20260919-004,mi-a3,91,2026-09-19T15:06:14.796Z,92440,startup,true,false,1,0,38.433,14.413,,0.000,144272,,71949,,16352,1460,3701920,1349080,,,,,,,,100.000,29.800,195.000,0,27096916,true,partial:gpu_util_N/R|fps_N/R
RUN-20260919-004,mi-a3,92,2026-09-19T15:06:15.260Z,92902,startup,true,false,1,0,37.105,12.105,,0.000,144260,,71949,,16352,1460,3701920,1348060,,,,,,,,100.000,29.800,195.000,0,27096916,true,partial:gpu_util_N/R|fps_N/R
RUN-20260919-004,mi-a3,93,2026-09-19T15:06:15.729Z,93366,startup,true,false,1,0,38.032,10.106,,0.000,144280,,71949,,16352,1460,3701920,1351740,,,,,,,,100.000,29.800,195.000,0,27096916,true,partial:gpu_util_N/R|fps_N/R
RUN-20260919-004,mi-a3,94,2026-09-19T15:06:16.391Z,94000,startup,true,false,1,0,33.898,10.546,,0.000,144420,,71949,,16352,1460,3701920,1349796,,,,,,,,100.000,29.800,195.000,0,27096916,true,partial:gpu_util_N/R|fps_N/R
RUN-20260919-004,mi-a3,95,2026-09-19T15:06:17.611Z,95000,startup,true,false,1,0,30.012,9.478,,0.000,144532,,73476,,16352,1456,3701920,1352344,,,,,,,,100.000,29.800,195.000,0,27096916,true,partial:gpu_util_N/R|fps_N/R
RUN-20260919-004,mi-a3,96,2026-09-19T15:06:18.378Z,96000,startup,true,false,1,0,35.229,10.878,,0.000,143400,,73476,,16352,1456,3701920,1358180,,,,,,,,100.000,29.800,195.000,0,27096916,true,partial:gpu_util_N/R|fps_N/R
RUN-20260919-004,mi-a3,97,2026-09-19T15:06:19.381Z,97000,startup,true,false,1,0,32.000,9.212,,0.000,143384,,73476,,16352,1456,3701920,1361868,,,,,,,,100.000,29.800,195.000,0,27096916,true,partial:gpu_util_N/R|fps_N/R
RUN-20260919-004,mi-a3,98,2026-09-19T15:06:20.330Z,98000,startup,true,false,1,0,29.849,8.438,,0.000,143492,,73476,,16352,1456,3701920,1362684,,,,,,,,100.000,29.800,195.000,0,27096916,true,partial:gpu_util_N/R|fps_N/R
RUN-20260919-004,mi-a3,99,2026-09-19T15:06:21.337Z,99000,startup,true,false,1,0,31.502,11.355,,0.000,143384,,73476,,16352,1456,3701920,1364320,,,,,,,,100.000,29.800,195.000,0,27096916,true,partial:gpu_util_N/R|fps_N/R
RUN-20260919-004,mi-a3,100,2026-09-19T15:06:24.261Z,100000,startup,true,false,1,0,28.397,7.222,,0.000,149120,,77846,,16352,1418,3701920,1360716,,,,,,,,100.000,30.000,117.000,0,26051028,true,partial:gpu_util_N/R|fps_N/R
RUN-20260919-004,mi-a3,101,2026-09-19T15:06:24.739Z,102367,startup,true,false,1,0,38.154,13.841,,0.000,146992,,77846,,16352,1418,3701920,1356216,,,,,,,,100.000,30.000,117.000,0,26051028,true,partial:gpu_util_N/R|fps_N/R
RUN-20260919-004,mi-a3,102,2026-09-19T15:06:25.202Z,102845,startup,true,false,1,0,39.370,13.123,,0.000,146992,,77846,,16352,1418,3701920,1355996,,,,,,,,100.000,30.000,117.000,0,26051028,true,partial:gpu_util_N/R|fps_N/R
RUN-20260919-004,mi-a3,103,2026-09-19T15:06:25.697Z,103308,startup,true,false,1,0,36.294,11.929,,0.000,146992,,77846,,16352,1418,3701920,1356292,,,,,,,,100.000,30.000,117.000,0,26051028,true,partial:gpu_util_N/R|fps_N/R
RUN-20260919-004,mi-a3,104,2026-09-19T15:06:26.378Z,104000,startup,true,false,1,0,34.862,13.945,,0.000,147000,,77846,,16352,1418,3701920,1358468,,,,,,,,100.000,30.000,117.000,0,26051028,true,partial:gpu_util_N/R|fps_N/R
RUN-20260919-004,mi-a3,105,2026-09-19T15:06:27.576Z,105000,startup,true,false,1,0,31.975,13.827,,0.000,146156,,74693,,16352,1521,3701920,1359344,,,,,,,,100.000,30.000,117.000,0,26051028,true,partial:gpu_util_N/R|fps_N/R
RUN-20260919-004,mi-a3,106,2026-09-19T15:06:28.369Z,106000,startup,true,false,1,0,34.250,12.625,,0.000,145212,,74693,,16352,1521,3701920,1365300,,,,,,,,100.000,30.000,117.000,0,26051028,true,partial:gpu_util_N/R|fps_N/R
RUN-20260919-004,mi-a3,107,2026-09-19T15:06:29.377Z,107000,startup,true,false,1,0,31.463,9.268,,0.000,145208,,74693,,16352,1521,3701920,1366584,,,,,,,,100.000,30.000,117.000,0,26051028,true,partial:gpu_util_N/R|fps_N/R
RUN-20260919-004,mi-a3,108,2026-09-19T15:06:30.378Z,108000,startup,true,false,1,0,31.056,9.689,,0.000,145288,,74693,,16352,1521,3701920,1371308,,,,,,,,100.000,30.000,117.000,0,26051028,true,partial:gpu_util_N/R|fps_N/R
RUN-20260919-004,mi-a3,109,2026-09-19T15:06:31.371Z,109000,startup,true,false,1,0,30.344,9.214,,0.000,144580,,74693,,16352,1521,3701920,1371904,,,,,,,,100.000,30.000,117.000,0,26051028,true,partial:gpu_util_N/R|fps_N/R
RUN-20260919-004,mi-a3,110,2026-09-19T15:06:34.270Z,110000,startup,true,false,1,0,32.059,9.741,,0.000,144660,,73314,,16352,1533,3701920,1376796,,,,,,,,100.000,30.000,100.000,0,25078436,true,partial:gpu_util_N/R|fps_N/R
RUN-20260919-004,mi-a3,111,2026-09-19T15:06:34.714Z,112376,startup,true,false,1,0,39.072,10.567,,0.000,144488,,73314,,16352,1533,3701920,1372708,,,,,,,,100.000,30.000,100.000,0,25078436,true,partial:gpu_util_N/R|fps_N/R
RUN-20260919-004,mi-a3,112,2026-09-19T15:06:35.169Z,112819,startup,true,false,1,0,36.339,10.383,,0.000,144544,,73314,,16352,1533,3701920,1374584,,,,,,,,100.000,30.000,100.000,0,25078436,true,partial:gpu_util_N/R|fps_N/R
RUN-20260919-004,mi-a3,113,2026-09-19T15:06:35.604Z,113275,startup,true,false,1,0,36.957,9.783,,0.000,144520,,73314,,16352,1533,3701920,1376852,,,,,,,,100.000,30.000,100.000,0,25078436,true,partial:gpu_util_N/R|fps_N/R
RUN-20260919-004,mi-a3,114,2026-09-19T15:06:36.367Z,114000,startup,true,false,1,0,31.949,9.425,,0.000,145224,,73314,,16352,1533,3701920,1374516,,,,,,,,100.000,30.000,100.000,0,25078436,true,partial:gpu_util_N/R|fps_N/R
RUN-20260919-004,mi-a3,115,2026-09-19T15:06:37.600Z,115000,startup,true,false,1,0,31.801,13.913,,0.000,145336,,73972,,16352,1534,3701920,1375624,,,,,,,,100.000,30.000,100.000,0,25078436,true,partial:gpu_util_N/R|fps_N/R
RUN-20260919-004,mi-a3,116,2026-09-19T15:06:38.379Z,116000,startup,true,false,1,0,33.416,13.965,,0.000,144448,,73972,,16352,1534,3701920,1380220,,,,,,,,100.000,30.000,100.000,0,25078436,true,partial:gpu_util_N/R|fps_N/R
RUN-20260919-004,mi-a3,117,2026-09-19T15:06:39.369Z,117000,startup,true,false,1,0,32.116,13.854,,0.000,144412,,73972,,16352,1534,3701920,1382848,,,,,,,,100.000,30.000,100.000,0,25078436,true,partial:gpu_util_N/R|fps_N/R
RUN-20260919-004,mi-a3,118,2026-09-19T15:06:40.372Z,118000,startup,true,false,1,0,29.939,10.545,,0.000,144392,,73972,,16352,1534,3701920,1384720,,,,,,,,100.000,30.000,100.000,0,25078436,true,partial:gpu_util_N/R|fps_N/R
RUN-20260919-004,mi-a3,119,2026-09-19T15:06:41.361Z,119000,startup,true,false,1,0,32.298,13.913,,0.000,144364,,73972,,16352,1534,3701920,1385992,,,,,,,,100.000,30.000,100.000,0,25078436,true,partial:gpu_util_N/R|fps_N/R
RUN-20260919-004,mi-a3,120,2026-09-19T15:06:44.317Z,120000,startup,true,false,1,0,31.234,13.239,,0.000,144720,,73534,,16352,1533,3701920,1385128,,,,,,,,100.000,30.200,234.000,3,24459156,true,partial:gpu_util_N/R|fps_N/R
RUN-20260919-004,mi-a3,121,2026-09-19T15:06:44.786Z,122422,startup,true,false,1,0,37.674,10.859,,0.000,144120,,73534,,16352,1533,3701920,1388140,,,,,,,,100.000,30.200,234.000,3,24459156,true,partial:gpu_util_N/R|fps_N/R
RUN-20260919-004,mi-a3,122,2026-09-19T15:06:45.270Z,122892,startup,true,false,1,0,35.433,9.974,,0.000,144088,,73534,,16352,1533,3701920,1389684,,,,,,,,100.000,30.200,234.000,3,24459156,true,partial:gpu_util_N/R|fps_N/R
RUN-20260919-004,mi-a3,123,2026-09-19T15:06:45.757Z,123376,startup,true,false,1,0,39.750,10.250,,0.000,144160,,73534,,16352,1533,3701920,1390176,,,,,,,,100.000,30.200,234.000,3,24459156,true,partial:gpu_util_N/R|fps_N/R
RUN-20260919-004,mi-a3,124,2026-09-19T15:06:46.362Z,124000,startup,true,false,1,0,35.742,9.375,,0.000,144120,,73534,,16352,1533,3701920,1390248,,,,,,,,100.000,30.200,234.000,3,24459156,true,partial:gpu_util_N/R|fps_N/R
RUN-20260919-004,mi-a3,125,2026-09-19T15:06:47.573Z,125000,startup,true,false,1,0,30.653,9.548,,0.000,144108,,73180,,16352,1534,3701920,1394204,,,,,,,,100.000,30.200,234.000,3,24459156,true,partial:gpu_util_N/R|fps_N/R
RUN-20260919-004,mi-a3,126,2026-09-19T15:06:48.361Z,126000,startup,true,false,1,0,32.761,10.184,,0.000,144012,,73180,,16352,1534,3701920,1396988,,,,,,,,100.000,30.200,234.000,3,24459156,true,partial:gpu_util_N/R|fps_N/R
RUN-20260919-004,mi-a3,127,2026-09-19T15:06:49.354Z,127000,startup,true,false,1,0,31.851,9.255,,0.000,144016,,73180,,16352,1534,3701920,1397816,,,,,,,,100.000,30.200,234.000,3,24459156,true,partial:gpu_util_N/R|fps_N/R
RUN-20260919-004,mi-a3,128,2026-09-19T15:06:50.362Z,128000,startup,true,false,1,0,28.986,9.179,,0.000,144840,,73180,,16352,1534,3701920,1398392,,,,,,,,100.000,30.200,234.000,3,24459156,true,partial:gpu_util_N/R|fps_N/R
RUN-20260919-004,mi-a3,129,2026-09-19T15:06:51.372Z,129000,startup,true,false,1,0,31.148,13.493,,0.000,144840,,73180,,16352,1534,3701920,1400476,,,,,,,,100.000,30.200,234.000,3,24459156,true,partial:gpu_util_N/R|fps_N/R
RUN-20260919-004,mi-a3,130,2026-09-19T15:06:54.377Z,130000,startup,true,false,1,0,31.139,14.304,,0.000,144816,,73867,,16352,1534,3701920,1399612,,,,,,,,100.000,30.400,156.000,3,23667012,true,partial:gpu_util_N/R|fps_N/R
RUN-20260919-004,mi-a3,131,2026-09-19T15:06:54.863Z,132483,startup,true,false,1,0,37.892,12.631,,0.000,143980,,73867,,16352,1534,3701920,1397280,,,,,,,,100.000,30.400,156.000,3,23667012,true,partial:gpu_util_N/R|fps_N/R
RUN-20260919-004,mi-a3,132,2026-09-19T15:06:55.335Z,132968,startup,true,false,1,0,36.292,13.838,,0.000,143980,,73867,,16352,1534,3701920,1395960,,,,,,,,100.000,30.400,156.000,3,23667012,true,partial:gpu_util_N/R|fps_N/R
RUN-20260919-004,mi-a3,133,2026-09-19T15:06:55.815Z,133440,startup,true,false,1,0,37.240,13.802,,0.000,144404,,73867,,16352,1534,3701920,1397160,,,,,,,,100.000,30.400,156.000,3,23667012,true,partial:gpu_util_N/R|fps_N/R
RUN-20260919-004,mi-a3,134,2026-09-19T15:06:56.372Z,134000,startup,true,false,1,0,36.242,12.528,,0.000,144392,,73867,,16352,1534,3701920,1399948,,,,,,,,100.000,30.400,156.000,3,23667012,true,partial:gpu_util_N/R|fps_N/R
RUN-20260919-004,mi-a3,135,2026-09-19T15:06:57.593Z,135000,startup,true,false,1,0,31.701,9.547,,0.000,144360,,73531,,16352,1550,3701920,1402152,,,,,,,,100.000,30.400,156.000,3,23667012,true,partial:gpu_util_N/R|fps_N/R
RUN-20260919-004,mi-a3,136,2026-09-19T15:06:58.367Z,136000,startup,true,false,1,0,34.108,10.636,,0.000,144172,,73531,,16352,1550,3701920,1404040,,,,,,,,100.000,30.400,156.000,3,23667012,true,partial:gpu_util_N/R|fps_N/R
RUN-20260919-004,mi-a3,137,2026-09-19T15:06:59.341Z,137000,startup,true,false,1,0,32.658,9.241,,0.000,144164,,73531,,16352,1550,3701920,1400660,,,,,,,,100.000,30.400,156.000,3,23667012,true,partial:gpu_util_N/R|fps_N/R
RUN-20260919-004,mi-a3,138,2026-09-19T15:07:00.373Z,138000,startup,true,false,1,0,29.902,9.191,,0.000,144336,,73531,,16352,1550,3701920,1400736,,,,,,,,100.000,30.400,156.000,3,23667012,true,partial:gpu_util_N/R|fps_N/R
RUN-20260919-004,mi-a3,139,2026-09-19T15:07:01.343Z,139000,startup,true,false,1,0,31.734,9.717,,0.000,144364,,73531,,16352,1550,3701920,1403512,,,,,,,,100.000,30.400,156.000,3,23667012,true,partial:gpu_util_N/R|fps_N/R
RUN-20260919-004,mi-a3,140,2026-09-19T15:07:04.270Z,140000,startup,true,false,1,0,31.422,10.155,,0.000,144472,,73466,,16352,1551,3701920,1404796,,,,,,,,100.000,30.400,273.000,3,22518112,true,partial:gpu_util_N/R|fps_N/R
RUN-20260919-004,mi-a3,141,2026-09-19T15:07:04.766Z,142375,startup,true,false,1,0,41.011,10.827,,0.000,145432,,73466,,16352,1551,3701920,1402592,,,,,,,,100.000,30.400,273.000,3,22518112,true,partial:gpu_util_N/R|fps_N/R
RUN-20260919-004,mi-a3,142,2026-09-19T15:07:05.217Z,142871,startup,true,false,1,0,39.737,13.947,,0.000,145404,,73466,,16352,1551,3701920,1402000,,,,,,,,100.000,30.400,273.000,3,22518112,true,partial:gpu_util_N/R|fps_N/R
RUN-20260919-004,mi-a3,143,2026-09-19T15:07:05.684Z,143322,startup,true,false,1,0,38.172,13.978,,0.000,145392,,73466,,16352,1551,3701920,1402364,,,,,,,,100.000,30.400,273.000,3,22518112,true,partial:gpu_util_N/R|fps_N/R
RUN-20260919-004,mi-a3,144,2026-09-19T15:07:06.378Z,144000,startup,true,false,1,0,33.273,13.636,,0.000,145384,,73466,,16352,1551,3701920,1402080,,,,,,,,100.000,30.400,273.000,3,22518112,true,partial:gpu_util_N/R|fps_N/R
RUN-20260919-004,mi-a3,145,2026-09-19T15:07:07.582Z,145000,startup,true,false,1,0,30.818,13.962,,0.000,145360,,74567,,16352,1551,3701920,1403848,,,,,,,,100.000,30.400,273.000,3,22518112,true,partial:gpu_util_N/R|fps_N/R
RUN-20260919-004,mi-a3,146,2026-09-19T15:07:08.328Z,146000,startup,true,false,1,0,34.869,13.200,,0.000,143748,,74567,,16352,1551,3701920,1402724,,,,,,,,100.000,30.400,273.000,3,22518112,true,partial:gpu_util_N/R|fps_N/R
RUN-20260919-004,mi-a3,147,2026-09-19T15:07:09.364Z,147000,startup,true,false,1,0,29.766,13.284,,0.000,144352,,74567,,16352,1551,3701920,1404768,,,,,,,,100.000,30.400,273.000,3,22518112,true,partial:gpu_util_N/R|fps_N/R
RUN-20260919-004,mi-a3,148,2026-09-19T15:07:10.342Z,148000,startup,true,false,1,0,33.086,12.716,,0.000,144336,,74567,,16352,1551,3701920,1406352,,,,,,,,100.000,30.400,273.000,3,22518112,true,partial:gpu_util_N/R|fps_N/R
RUN-20260919-004,mi-a3,149,2026-09-19T15:07:11.325Z,149000,startup,true,false,1,0,30.958,10.319,,0.000,144548,,74567,,16352,1551,3701920,1405832,,,,,,,,100.000,30.400,273.000,3,22518112,true,partial:gpu_util_N/R|fps_N/R
RUN-20260919-004,mi-a3,150,2026-09-19T15:07:14.254Z,150000,startup,true,false,1,0,32.130,9.868,,0.000,144524,,73912,,16352,1550,3701920,1407380,,,,,,,,100.000,30.500,273.000,3,21765368,true,partial:gpu_util_N/R|fps_N/R
RUN-20260919-004,mi-a3,151,2026-09-19T15:07:14.699Z,152360,startup,true,false,1,0,41.146,11.513,,0.000,144968,,73912,,16352,1550,3701920,1398736,,,,,,,,100.000,30.500,273.000,3,21765368,true,partial:gpu_util_N/R|fps_N/R
RUN-20260919-004,mi-a3,152,2026-09-19T15:07:15.187Z,152805,startup,true,false,1,0,34.349,10.526,,0.000,144964,,73912,,16352,1550,3701920,1400544,,,,,,,,100.000,30.500,273.000,3,21765368,true,partial:gpu_util_N/R|fps_N/R
RUN-20260919-004,mi-a3,153,2026-09-19T15:07:15.651Z,153293,startup,true,false,1,0,30.398,11.080,,0.000,145188,,73912,,16352,1550,3701920,1399284,,,,,,,,100.000,30.500,273.000,3,21765368,true,partial:gpu_util_N/R|fps_N/R
RUN-20260919-004,mi-a3,154,2026-09-19T15:07:16.339Z,154000,startup,true,false,1,0,30.561,9.765,,0.000,145424,,73912,,16352,1550,3701920,1400964,,,,,,,,100.000,30.500,273.000,3,21765368,true,partial:gpu_util_N/R|fps_N/R
RUN-20260919-004,mi-a3,155,2026-09-19T15:07:17.521Z,155000,startup,true,false,1,0,29.095,7.457,,0.000,146564,,76225,,16352,1542,3701920,1401032,,,,,,,,100.000,30.500,273.000,3,21765368,true,partial:gpu_util_N/R|fps_N/R
RUN-20260919-004,mi-a3,156,2026-09-19T15:07:18.352Z,156000,startup,true,false,1,0,28.242,10.909,,0.000,146552,,76225,,16352,1542,3701920,1402628,,,,,,,,100.000,30.500,273.000,3,21765368,true,partial:gpu_util_N/R|fps_N/R
RUN-20260919-004,mi-a3,157,2026-09-19T15:07:19.371Z,157000,startup,true,false,1,0,32.169,13.614,,0.000,146660,,76225,,16352,1542,3701920,1404132,,,,,,,,100.000,30.500,273.000,3,21765368,true,partial:gpu_util_N/R|fps_N/R
RUN-20260919-004,mi-a3,158,2026-09-19T15:07:20.370Z,158000,startup,true,false,1,0,32.290,13.267,,0.000,146660,,76225,,16352,1542,3701920,1404220,,,,,,,,100.000,30.500,273.000,3,21765368,true,partial:gpu_util_N/R|fps_N/R
RUN-20260919-004,mi-a3,159,2026-09-19T15:07:21.381Z,159000,startup,true,false,1,0,28.499,12.610,,0.000,146660,,76225,,16352,1542,3701920,1404960,,,,,,,,100.000,30.500,273.000,3,21765368,true,partial:gpu_util_N/R|fps_N/R
RUN-20260919-004,mi-a3,160,2026-09-19T15:07:24.308Z,160000,startup,true,false,1,0,28.482,9.159,,0.000,146852,,75842,,16352,1542,3701920,1405752,,,,,,,,100.000,30.600,195.000,3,21368844,true,partial:gpu_util_N/R|fps_N/R
RUN-20260919-004,mi-a3,161,2026-09-19T15:07:24.781Z,162414,startup,true,false,1,0,40.786,15.978,,0.000,154196,,75842,,16352,1542,3701920,1394412,,,,,,,,100.000,30.600,195.000,3,21368844,true,partial:gpu_util_N/R|fps_N/R
RUN-20260919-004,mi-a3,162,2026-09-19T15:07:25.266Z,162886,startup,true,false,1,0,38.381,13.838,,0.000,154196,,75842,,16352,1542,3701920,1394052,,,,,,,,100.000,30.600,195.000,3,21368844,true,partial:gpu_util_N/R|fps_N/R
RUN-20260919-004,mi-a3,163,2026-09-19T15:07:25.756Z,163371,startup,true,false,1,0,37.310,13.959,,0.000,154196,,75842,,16352,1542,3701920,1395992,,,,,,,,100.000,30.600,195.000,3,21368844,true,partial:gpu_util_N/R|fps_N/R
RUN-20260919-004,mi-a3,164,2026-09-19T15:07:26.372Z,164000,startup,true,false,1,0,34.343,13.333,,0.000,154196,,75842,,16352,1542,3701920,1396148,,,,,,,,100.000,30.600,195.000,3,21368844,true,partial:gpu_util_N/R|fps_N/R
RUN-20260919-004,mi-a3,165,2026-09-19T15:07:27.620Z,165000,startup,true,false,1,0,31.392,13.797,,0.000,154196,,83371,,16352,1570,3701920,1399428,,,,,,,,100.000,30.600,195.000,3,21368844,true,partial:gpu_util_N/R|fps_N/R
RUN-20260919-004,mi-a3,166,2026-09-19T15:07:28.379Z,166000,startup,true,false,1,0,34.597,14.548,,0.000,143968,,83371,,16352,1570,3701920,1411456,,,,,,,,100.000,30.600,195.000,3,21368844,true,partial:gpu_util_N/R|fps_N/R
RUN-20260919-004,mi-a3,167,2026-09-19T15:07:29.380Z,167000,startup,true,false,1,0,33.169,14.057,,0.000,143892,,83371,,16352,1570,3701920,1413300,,,,,,,,100.000,30.600,195.000,3,21368844,true,partial:gpu_util_N/R|fps_N/R
RUN-20260919-004,mi-a3,168,2026-09-19T15:07:30.360Z,168000,startup,true,false,1,0,32.368,13.980,,0.000,143892,,83371,,16352,1570,3701920,1417924,,,,,,,,100.000,30.600,195.000,3,21368844,true,partial:gpu_util_N/R|fps_N/R
RUN-20260919-004,mi-a3,169,2026-09-19T15:07:31.377Z,169000,startup,true,false,1,0,31.846,14.126,,0.000,143892,,83371,,16352,1570,3701920,1418312,,,,,,,,100.000,30.600,195.000,3,21368844,true,partial:gpu_util_N/R|fps_N/R
RUN-20260919-004,mi-a3,170,2026-09-19T15:07:34.401Z,170000,startup,true,false,1,0,31.864,14.358,,0.000,143868,,73048,,16352,1562,3701920,1418724,,,,,,,,100.000,30.800,117.000,3,21368836,true,partial:gpu_util_N/R|fps_N/R
RUN-20260919-004,mi-a3,171,2026-09-19T15:07:34.890Z,172507,startup,true,false,1,0,38.615,14.051,,0.000,143660,,73048,,16352,1562,3701920,1414104,,,,,,,,100.000,30.800,117.000,3,21368836,true,partial:gpu_util_N/R|fps_N/R
RUN-20260919-004,mi-a3,172,2026-09-19T15:07:35.362Z,172996,startup,true,false,1,0,37.468,13.924,,0.000,143660,,73048,,16352,1562,3701920,1414260,,,,,,,,100.000,30.800,117.000,3,21368836,true,partial:gpu_util_N/R|fps_N/R
RUN-20260919-004,mi-a3,173,2026-09-19T15:07:35.822Z,173467,startup,true,false,1,0,37.067,13.867,,0.000,143660,,73048,,16352,1562,3701920,1416788,,,,,,,,100.000,30.800,117.000,3,21368836,true,partial:gpu_util_N/R|fps_N/R
RUN-20260919-004,mi-a3,174,2026-09-19T15:07:36.378Z,174000,startup,true,false,1,0,37.188,14.059,,0.000,143660,,73048,,16352,1562,3701920,1416364,,,,,,,,100.000,30.800,117.000,3,21368836,true,partial:gpu_util_N/R|fps_N/R
RUN-20260919-004,mi-a3,175,2026-09-19T15:07:37.599Z,175000,startup,true,false,1,0,31.870,14.053,,0.000,143660,,72993,,16352,1562,3701920,1418744,,,,,,,,100.000,30.800,117.000,3,21368836,true,partial:gpu_util_N/R|fps_N/R
RUN-20260919-004,mi-a3,176,2026-09-19T15:07:38.361Z,176000,startup,true,false,1,0,33.544,14.628,,0.000,143728,,72993,,16352,1562,3701920,1421180,,,,,,,,100.000,30.800,117.000,3,21368836,true,partial:gpu_util_N/R|fps_N/R
RUN-20260919-004,mi-a3,177,2026-09-19T15:07:39.366Z,177000,startup,true,false,1,0,32.210,14.107,,0.000,143712,,72993,,16352,1562,3701920,1423216,,,,,,,,100.000,30.800,117.000,3,21368836,true,partial:gpu_util_N/R|fps_N/R
RUN-20260919-004,mi-a3,178,2026-09-19T15:07:40.381Z,178000,startup,true,false,1,0,32.756,13.844,,0.000,143720,,72993,,16352,1562,3701920,1425060,,,,,,,,100.000,30.800,117.000,3,21368836,true,partial:gpu_util_N/R|fps_N/R
RUN-20260919-004,mi-a3,179,2026-09-19T15:07:41.373Z,179000,startup,true,false,1,0,31.965,13.806,,0.000,143720,,72993,,16352,1562,3701920,1427044,,,,,,,,100.000,30.800,117.000,3,21368836,true,partial:gpu_util_N/R|fps_N/R
RUN-20260919-004,mi-a3,180,2026-09-19T15:07:44.395Z,180000,startup,true,false,1,0,31.768,13.721,,0.000,143720,,72988,,16352,1562,3701920,1429056,,,,,,,,100.000,30.900,195.000,3,21368836,true,partial:gpu_util_N/R|fps_N/R
RUN-20260919-004,mi-a3,181,2026-09-19T15:07:44.878Z,182501,startup,true,false,1,0,39.100,14.350,,0.000,143620,,72988,,16352,1562,3701920,1425076,,,,,,,,100.000,30.900,195.000,3,21368836,true,partial:gpu_util_N/R|fps_N/R
RUN-20260919-004,mi-a3,182,2026-09-19T15:07:45.345Z,182984,startup,true,false,1,0,36.856,14.433,,0.000,143616,,72988,,16352,1562,3701920,1428292,,,,,,,,100.000,30.900,195.000,3,21368836,true,partial:gpu_util_N/R|fps_N/R
RUN-20260919-004,mi-a3,183,2026-09-19T15:07:45.828Z,183451,startup,true,false,1,0,36.957,14.130,,0.000,143612,,72988,,16352,1562,3701920,1428272,,,,,,,,100.000,30.900,195.000,3,21368836,true,partial:gpu_util_N/R|fps_N/R
RUN-20260919-004,mi-a3,184,2026-09-19T15:07:46.367Z,184000,startup,true,false,1,0,35.080,13.895,,0.000,143592,,72988,,16352,1562,3701920,1429948,,,,,,,,100.000,30.900,195.000,3,21368836,true,partial:gpu_util_N/R|fps_N/R
RUN-20260919-004,mi-a3,185,2026-09-19T15:07:47.579Z,185000,startup,true,false,1,0,31.801,14.037,,0.000,143604,,72951,,16352,1562,3701920,1430672,,,,,,,,100.000,30.900,195.000,3,21368836,true,partial:gpu_util_N/R|fps_N/R
RUN-20260919-004,mi-a3,186,2026-09-19T15:07:48.361Z,186000,startup,true,false,1,0,33.627,14.610,,0.000,143544,,72951,,16352,1562,3701920,1433440,,,,,,,,100.000,30.900,195.000,3,21368836,true,partial:gpu_util_N/R|fps_N/R
RUN-20260919-004,mi-a3,187,2026-09-19T15:07:49.364Z,187000,startup,true,false,1,0,29.529,13.027,,0.000,144208,,72951,,16352,1562,3701920,1433724,,,,,,,,100.000,30.900,195.000,3,21368836,true,partial:gpu_util_N/R|fps_N/R
RUN-20260919-004,mi-a3,188,2026-09-19T15:07:50.436Z,188000,startup,true,false,1,0,26.276,13.010,,0.000,150400,,72951,,16352,1562,3701920,1413428,,,,,,,,100.000,30.900,195.000,3,21368836,true,partial:gpu_util_N/R|fps_N/R
RUN-20260919-004,mi-a3,189,2026-09-19T15:07:51.376Z,189000,startup,true,false,1,0,37.515,17.958,,0.000,163408,,72951,,16352,1562,3701920,1372684,,,,,,0,,100.000,30.900,195.000,3,21368836,true,partial:gpu_util_N/R|fps_N/R
RUN-20260919-004,mi-a3,190,2026-09-19T15:07:54.303Z,190000,startup,true,false,1,0,20.519,13.247,,0.000,165208,,112535,,35408,1408,3701920,1371152,,,,,0.000,0,surfaceflinger_latency,100.000,31.000,100.000,3,27292968,true,partial:gpu_util_N/R
RUN-20260919-004,mi-a3,191,2026-09-19T15:07:54.747Z,192409,startup,true,false,1,0,28.511,12.415,,0.000,320728,,112535,,35408,1408,3701920,1232684,,,,,0.000,0,surfaceflinger_latency,100.000,31.000,100.000,3,27292968,true,partial:gpu_util_N/R
RUN-20260919-004,mi-a3,192,2026-09-19T15:07:55.200Z,192853,startup,true,false,1,0,28.529,10.811,,0.000,252432,,112535,,35408,1408,3701920,1358816,,,,,0.000,0,surfaceflinger_latency,100.000,31.000,100.000,3,27292968,true,partial:gpu_util_N/R
RUN-20260919-004,mi-a3,193,2026-09-19T15:07:55.638Z,193306,startup,true,false,1,0,26.393,12.610,,0.000,169516,,112535,,35408,1408,3701920,1356868,,,,,0.000,0,surfaceflinger_latency,100.000,31.000,100.000,3,27292968,true,partial:gpu_util_N/R
RUN-20260919-004,mi-a3,194,2026-09-19T15:07:56.358Z,194000,startup,true,false,1,0,21.168,12.591,,0.000,170020,,112535,,35408,1408,3701920,1372380,,,,,0.000,0,surfaceflinger_latency,100.000,31.000,100.000,3,27292968,true,partial:gpu_util_N/R
RUN-20260919-004,mi-a3,195,2026-09-19T15:07:57.570Z,195000,startup,true,false,1,0,22.540,14.446,,0.000,163284,,110142,,35608,1404,3701920,1364660,,,,,0.000,0,surfaceflinger_latency,100.000,31.000,100.000,3,27292968,true,partial:gpu_util_N/R
RUN-20260919-004,mi-a3,196,2026-09-19T15:07:58.368Z,196000,startup,true,false,1,0,23.067,13.942,,0.000,157900,,110142,,35608,1404,3701920,1370368,,,,,0.000,0,surfaceflinger_latency,100.000,31.000,100.000,3,27292968,true,partial:gpu_util_N/R
RUN-20260919-004,mi-a3,197,2026-09-19T15:07:59.348Z,197000,startup,true,false,1,0,23.247,12.857,,0.000,159120,,110142,,35608,1404,3701920,1364488,,,,,0.000,0,surfaceflinger_latency,100.000,31.000,100.000,3,27292968,true,partial:gpu_util_N/R
RUN-20260919-004,mi-a3,198,2026-09-19T15:08:00.342Z,198000,startup,true,false,1,0,21.201,10.728,,0.000,167228,,110142,,35608,1404,3701920,1330016,,,,,0.000,0,surfaceflinger_latency,100.000,31.000,100.000,3,27292968,true,partial:gpu_util_N/R
RUN-20260919-004,mi-a3,199,2026-09-19T15:08:01.371Z,199000,startup,true,false,1,0,19.413,0.639,,0.000,167248,,110142,,35608,1404,3701920,1257108,,,,,0.000,0,surfaceflinger_latency,100.000,31.000,100.000,3,27292968,true,partial:gpu_util_N/R
RUN-20260919-004,mi-a3,200,2026-09-19T15:08:04.391Z,200000,startup,true,false,1,0,32.120,0.627,,0.000,167248,,111917,,35848,1377,3701920,1139056,,,,,0.000,0,surfaceflinger_latency,100.000,31.000,100.000,3,27110484,true,partial:gpu_util_N/R
RUN-20260919-004,mi-a3,201,2026-09-19T15:08:04.858Z,202497,startup,true,false,1,0,43.004,1.337,,0.000,161156,,111917,,35848,1377,3701920,1072996,,,,,0.000,0,surfaceflinger_latency,100.000,31.000,100.000,3,27110484,true,partial:gpu_util_N/R
RUN-20260919-004,mi-a3,202,2026-09-19T15:08:05.314Z,202963,startup,true,false,1,0,38.764,0.562,,0.000,161156,,111917,,35848,1377,3701920,1045472,,,,,0.000,0,surfaceflinger_latency,100.000,31.000,100.000,3,27110484,true,partial:gpu_util_N/R
RUN-20260919-004,mi-a3,203,2026-09-19T15:08:05.794Z,203419,startup,true,false,1,0,36.461,1.609,,0.000,160896,,111917,,35848,1377,3701920,1022100,,,,,2.193,1,surfaceflinger_latency,100.000,31.000,100.000,3,27110484,true,partial:gpu_util_N/R
RUN-20260919-004,mi-a3,204,2026-09-19T15:08:06.351Z,204000,startup,true,false,1,0,34.305,2.915,,0.000,160896,,111917,,35848,1377,3701920,1068544,,,,,17.235,10,surfaceflinger_latency,100.000,31.000,100.000,3,27110484,true,partial:gpu_util_N/R
RUN-20260919-004,mi-a3,205,2026-09-19T15:08:07.571Z,205000,startup,true,false,1,0,23.096,1.142,,0.000,161144,,96375,,25936,1369,3701920,985916,,,,,7.000,7,surfaceflinger_latency,100.000,31.000,100.000,3,27110484,true,partial:gpu_util_N/R
RUN-20260919-004,mi-a3,206,2026-09-19T15:08:08.406Z,206000,runtime,true,true,1,1,20.202,1.136,,0.000,160480,115200,96375,,25936,1369,3701920,915336,,,,,0.000,0,surfaceflinger_latency,100.000,31.000,100.000,3,27110484,true,partial:gpu_util_N/R
RUN-20260919-004,mi-a3,207,2026-09-19T15:08:09.399Z,207000,runtime,true,true,1,1,20.301,0.251,11.779,0.000,158008,187000,96375,,25936,1369,3701920,867796,,,,,0.000,0,surfaceflinger_latency,100.000,31.000,100.000,3,27110484,true,partial:gpu_util_N/R
RUN-20260919-004,mi-a3,208,2026-09-19T15:08:10.379Z,208000,runtime,true,true,1,1,23.439,0.382,11.338,0.000,158124,259012,96375,,25936,1369,3701920,811976,,,,,4.000,4,surfaceflinger_latency,100.000,31.000,100.000,3,27110484,true,partial:gpu_util_N/R
RUN-20260919-004,mi-a3,209,2026-09-19T15:08:11.410Z,209000,runtime,true,true,1,1,24.968,1.014,11.787,0.000,160648,305232,96375,,25936,1369,3701920,726624,,,,,0.000,0,surfaceflinger_latency,100.000,31.000,100.000,3,27110484,true,partial:gpu_util_N/R
RUN-20260919-004,mi-a3,210,2026-09-19T15:08:14.467Z,210000,runtime,true,true,1,1,25.443,1.013,11.392,0.000,160092,330140,95150,321473,34376,2382,3701920,702052,,,,,0.000,0,surfaceflinger_latency,100.000,31.100,100.000,3,27109932,true,partial:gpu_util_N/R
RUN-20260919-004,mi-a3,211,2026-09-19T15:08:14.985Z,212572,runtime,true,true,1,1,33.118,1.094,17.603,0.000,159456,352544,95150,321473,34376,2382,3701920,675032,,,,,0.000,0,surfaceflinger_latency,100.000,31.100,100.000,3,27109932,true,partial:gpu_util_N/R
RUN-20260919-004,mi-a3,212,2026-09-19T15:08:15.515Z,213090,runtime,true,true,1,1,39.259,2.222,16.296,0.000,169468,357544,95150,321473,34376,2382,3701920,598712,,,,,21.242,11,surfaceflinger_latency,100.000,31.100,100.000,3,27109932,true,partial:gpu_util_N/R
RUN-20260919-004,mi-a3,213,2026-09-19T15:08:16.010Z,213621,runtime,true,true,1,1,32.099,1.235,12.346,0.000,165724,379580,95150,321473,34376,2382,3701920,587632,,,,,0.000,0,surfaceflinger_latency,100.000,31.100,100.000,3,27109932,true,partial:gpu_util_N/R
RUN-20260919-004,mi-a3,214,2026-09-19T15:08:16.505Z,214116,runtime,true,true,1,1,24.603,0.529,12.963,0.000,165700,383672,95150,321473,34376,2382,3701920,583876,,,,,0.000,0,surfaceflinger_latency,100.000,31.100,100.000,3,27109932,true,partial:gpu_util_N/R
RUN-20260919-004,mi-a3,215,2026-09-19T15:08:17.694Z,215000,runtime,true,true,1,1,21.007,0.576,13.094,0.000,165668,393176,105588,457022,127180,3150,3701920,574468,,,,,0.000,0,surfaceflinger_latency,100.000,31.100,100.000,3,27109932,true,partial:gpu_util_N/R
RUN-20260919-004,mi-a3,216,2026-09-19T15:08:18.459Z,216000,runtime,true,true,1,1,24.079,1.447,13.684,0.000,165196,402344,105588,457022,127180,3150,3701920,562412,,,,,0.000,0,surfaceflinger_latency,100.000,31.100,100.000,3,27109932,true,partial:gpu_util_N/R
RUN-20260919-004,mi-a3,217,2026-09-19T15:08:19.397Z,217000,runtime,true,true,1,1,30.163,0.626,13.517,0.000,161980,420816,105588,457022,127180,3150,3701920,476164,,,,,0.000,0,surfaceflinger_latency,100.000,31.100,100.000,3,27109932,true,partial:gpu_util_N/R
RUN-20260919-004,mi-a3,218,2026-09-19T15:08:20.377Z,218000,runtime,true,true,1,1,21.751,0.663,15.252,0.000,161916,434020,105588,457022,127180,3150,3701920,461604,,,,,1.000,1,surfaceflinger_latency,100.000,31.100,100.000,3,27109932,true,partial:gpu_util_N/R
RUN-20260919-004,mi-a3,219,2026-09-19T15:08:21.499Z,219000,runtime,true,true,1,1,41.056,0.960,22.929,0.000,155248,511956,105588,457022,127180,3150,3701920,354088,,,,,2.000,2,surfaceflinger_latency,100.000,31.100,100.000,3,27109932,true,partial:gpu_util_N/R
RUN-20260919-004,mi-a3,220,2026-09-19T15:08:24.979Z,220000,runtime,true,true,1,1,45.686,0.566,33.663,0.000,153648,497804,102832,860015,457008,8771,3701920,336588,,,,,52.005,52,surfaceflinger_latency,100.000,31.100,390.000,3,27108256,true,partial:gpu_util_N/R
RUN-20260919-004,mi-a3,221,2026-09-19T15:08:25.565Z,223084,runtime,true,true,1,1,51.492,2.060,21.143,0.000,139992,739736,102832,860015,457008,8771,3701920,192504,,,,,9.077,28,surfaceflinger_latency,100.000,31.100,390.000,3,27108256,true,partial:gpu_util_N/R
RUN-20260919-004,mi-a3,222,2026-09-19T15:08:26.106Z,223671,runtime,true,true,1,1,52.262,4.072,24.661,0.000,140516,742588,102832,860015,457008,8771,3701920,193872,,,,,34.083,20,surfaceflinger_latency,100.000,31.100,390.000,3,27108256,true,partial:gpu_util_N/R
RUN-20260919-004,mi-a3,223,2026-09-19T15:08:26.580Z,224211,runtime,true,true,1,1,35.372,0.532,14.628,0.000,140184,747424,102832,860015,457008,8771,3701920,213808,,,,,0.000,0,surfaceflinger_latency,100.000,31.100,390.000,3,27108256,true,partial:gpu_util_N/R
RUN-20260919-004,mi-a3,224,2026-09-19T15:08:27.071Z,224685,runtime,true,true,1,1,27.749,0.785,15.183,0.000,139968,752352,102832,860015,457008,8771,3701920,211892,,,,,0.000,0,surfaceflinger_latency,100.000,31.100,390.000,3,27108256,true,partial:gpu_util_N/R
RUN-20260919-004,mi-a3,225,2026-09-19T15:08:27.958Z,225177,runtime,true,true,1,1,27.005,0.267,15.508,0.000,139752,755248,101322,1224174,655188,13831,3701920,208008,,,,,0.000,0,surfaceflinger_latency,100.000,31.100,390.000,3,27108256,true,partial:gpu_util_N/R
RUN-20260919-004,mi-a3,226,2026-09-19T15:08:28.442Z,226064,runtime,true,true,1,1,27.286,1.949,14.543,0.000,140656,763024,101322,1224174,655188,13831,3701920,208984,,,,,0.000,0,surfaceflinger_latency,100.000,31.100,390.000,3,27108256,true,partial:gpu_util_N/R
RUN-20260919-004,mi-a3,227,2026-09-19T15:08:29.379Z,227000,runtime,true,true,1,1,22.159,0.710,15.625,0.000,140612,769908,101322,1224174,655188,13831,3701920,206892,,,,,0.000,0,surfaceflinger_latency,100.000,31.100,390.000,3,27108256,true,partial:gpu_util_N/R
RUN-20260919-004,mi-a3,228,2026-09-19T15:08:30.385Z,228000,runtime,true,true,1,1,23.346,0.519,14.397,0.000,139476,803528,101322,1224174,655188,13831,3701920,203240,,,,,0.000,0,surfaceflinger_latency,100.000,31.100,390.000,3,27108256,true,partial:gpu_util_N/R
RUN-20260919-004,mi-a3,229,2026-09-19T15:08:31.425Z,229000,runtime,true,true,1,1,24.623,0.628,10.678,0.000,138728,841856,101322,1224174,655188,13831,3701920,210192,,,,,0.000,0,surfaceflinger_latency,100.000,31.100,390.000,3,27108256,true,partial:gpu_util_N/R
RUN-20260919-004,mi-a3,230,2026-09-19T15:08:35.602Z,230000,runtime,true,true,1,1,53.684,0.789,14.737,0.000,136632,869244,97862,1339056,655196,13943,3701920,229924,,,,,117.011,117,surfaceflinger_latency,100.000,31.200,351.000,3,27200800,true,partial:gpu_util_N/R
RUN-20260919-004,mi-a3,231,2026-09-19T15:08:36.136Z,233708,runtime,true,true,1,1,72.080,2.937,27.263,0.000,129028,869048,97862,1339056,655196,13943,3701920,144264,,,,,4.045,15,surfaceflinger_latency,100.000,31.200,351.000,3,27200800,true,partial:gpu_util_N/R
RUN-20260919-004,mi-a3,232,2026-09-19T15:08:36.615Z,234242,runtime,true,true,1,1,33.425,0.552,17.403,0.000,127892,873900,97862,1339056,655196,13943,3701920,143472,,,,,0.000,0,surfaceflinger_latency,100.000,31.200,351.000,3,27200800,true,partial:gpu_util_N/R
RUN-20260919-004,mi-a3,233,2026-09-19T15:08:37.132Z,234721,runtime,true,true,1,1,30.376,0.538,18.548,0.000,126800,881008,97862,1339056,655196,13943,3701920,139948,,,,,2.087,1,surfaceflinger_latency,100.000,31.200,351.000,3,27200800,true,partial:gpu_util_N/R
RUN-20260919-004,mi-a3,234,2026-09-19T15:08:37.675Z,235237,runtime,true,true,1,1,37.468,1.550,22.222,0.000,126480,883048,97862,1339056,655196,13943,3701920,143284,,,,,40.674,21,surfaceflinger_latency,100.000,31.200,351.000,3,27200800,true,partial:gpu_util_N/R
RUN-20260919-004,mi-a3,235,2026-09-19T15:08:38.665Z,235781,runtime,true,true,1,1,44.395,2.915,22.870,0.000,125804,883764,93357,1685045,983524,14524,3701920,142080,,,,,92.006,50,surfaceflinger_latency,100.000,31.200,351.000,3,27200800,true,partial:gpu_util_N/R
RUN-20260919-004,mi-a3,236,2026-09-19T15:08:39.242Z,236771,runtime,true,true,1,1,43.421,4.342,22.237,0.000,132552,884960,93357,1685045,983524,14524,3701920,146492,,,,,30.302,30,surfaceflinger_latency,100.000,31.200,351.000,3,27200800,true,partial:gpu_util_N/R
RUN-20260919-004,mi-a3,237,2026-09-19T15:08:39.882Z,237348,runtime,true,true,1,1,53.159,2.832,25.708,0.000,132704,884996,93357,1685045,983524,14524,3701920,131356,,,,,57.200,33,surfaceflinger_latency,100.000,31.200,351.000,3,27200800,true,partial:gpu_util_N/R
RUN-20260919-004,mi-a3,238,2026-09-19T15:08:40.464Z,238000,runtime,true,true,1,1,58.522,3.080,24.846,0.000,132688,885420,93357,1685045,983524,14524,3701920,152588,,,,,46.022,30,surfaceflinger_latency,100.000,31.200,351.000,3,27200800,true,partial:gpu_util_N/R
RUN-20260919-004,mi-a3,239,2026-09-19T15:08:41.460Z,239000,runtime,true,true,1,1,37.741,2.824,22.208,0.000,132872,885924,93357,1685045,983524,14524,3701920,150052,,,,,54.000,54,surfaceflinger_latency,100.000,31.200,351.000,3,27200800,true,partial:gpu_util_N/R
RUN-20260919-004,mi-a3,240,2026-09-19T15:08:44.902Z,240000,runtime,true,true,1,1,38.383,3.209,22.978,0.000,134324,886084,100452,1686817,984020,13294,3701920,149136,,,,,125.994,126,surfaceflinger_latency,100.000,31.200,546.000,3,27200692,true,partial:gpu_util_N/R
RUN-20260919-004,mi-a3,241,2026-09-19T15:08:45.470Z,243007,runtime,true,true,1,1,51.217,3.118,23.580,0.000,134280,868572,100452,1686817,984020,13294,3701920,147652,,,,,9.642,29,surfaceflinger_latency,100.000,31.200,546.000,3,27200692,true,partial:gpu_util_N/R
RUN-20260919-004,mi-a3,242,2026-09-19T15:08:46.035Z,243576,runtime,true,true,1,1,42.697,2.697,22.921,0.000,134320,868572,100452,1686817,984020,13294,3701920,146200,,,,,52.783,30,surfaceflinger_latency,100.000,31.200,546.000,3,27200692,true,partial:gpu_util_N/R
RUN-20260919-004,mi-a3,243,2026-09-19T15:08:46.601Z,244141,runtime,true,true,1,1,41.706,3.081,25.592,0.000,134320,868488,100452,1686817,984020,13294,3701920,146932,,,,,53.108,30,surfaceflinger_latency,100.000,31.200,546.000,3,27200692,true,partial:gpu_util_N/R
RUN-20260919-004,mi-a3,244,2026-09-19T15:08:47.150Z,244707,runtime,true,true,1,1,45.139,2.778,23.611,0.000,134320,868488,100452,1686817,984020,13294,3701920,146692,,,,,47.663,27,surfaceflinger_latency,100.000,31.200,546.000,3,27200692,true,partial:gpu_util_N/R
RUN-20260919-004,mi-a3,245,2026-09-19T15:08:48.143Z,245255,runtime,true,true,1,1,44.444,2.948,23.356,0.000,134352,868488,100423,1703141,1000568,31346,3701920,147844,,,,,91.199,50,surfaceflinger_latency,100.000,31.200,546.000,3,27200692,true,partial:gpu_util_N/R
RUN-20260919-004,mi-a3,246,2026-09-19T15:08:48.721Z,246249,runtime,true,true,1,1,42.098,3.886,23.575,0.000,134308,867680,100423,1703141,1000568,31346,3701920,147280,,,,,30.184,30,surfaceflinger_latency,100.000,31.200,546.000,3,27200692,true,partial:gpu_util_N/R
RUN-20260919-004,mi-a3,247,2026-09-19T15:08:49.477Z,247000,runtime,true,true,1,1,39.609,2.842,24.334,0.000,134304,867680,100423,1703141,1000568,31346,3701920,146272,,,,,51.974,39,surfaceflinger_latency,100.000,31.200,546.000,3,27200692,true,partial:gpu_util_N/R
RUN-20260919-004,mi-a3,248,2026-09-19T15:08:50.454Z,248000,runtime,true,true,1,1,41.797,2.865,24.089,0.000,134296,861336,100423,1703141,1000568,31346,3701920,148664,,,,,52.000,52,surfaceflinger_latency,100.000,31.200,546.000,3,27200692,true,partial:gpu_util_N/R
RUN-20260919-004,mi-a3,249,2026-09-19T15:08:51.451Z,249000,runtime,true,true,1,1,38.579,2.792,23.477,0.000,134296,861336,100423,1703141,1000568,31346,3701920,147696,,,,,50.996,51,surfaceflinger_latency,100.000,31.200,546.000,3,27200692,true,partial:gpu_util_N/R
RUN-20260919-004,mi-a3,250,2026-09-19T15:08:55.189Z,250000,runtime,true,true,1,1,36.258,2.839,22.968,0.000,134296,861336,100391,1703093,1000664,39294,3701920,148568,,,,,126.009,126,surfaceflinger_latency,100.000,31.400,273.000,3,27200692,true,partial:gpu_util_N/R
RUN-20260919-004,mi-a3,251,2026-09-19T15:08:55.914Z,253295,runtime,true,true,1,1,61.259,3.071,24.678,0.000,133336,740972,100391,1703093,1000664,39294,3701920,200680,,,,,9.103,30,surfaceflinger_latency,100.000,31.400,273.000,3,27200692,true,partial:gpu_util_N/R
RUN-20260919-004,mi-a3,252,2026-09-19T15:08:56.735Z,254020,runtime,true,true,1,1,90.785,2.730,27.474,0.000,133004,716132,100391,1703093,1000664,39294,3701920,214084,,,,,41.391,30,surfaceflinger_latency,100.000,31.400,273.000,3,27200692,true,partial:gpu_util_N/R
RUN-20260919-004,mi-a3,253,2026-09-19T15:08:57.448Z,254841,runtime,true,true,1,1,88.438,2.344,23.750,0.000,130004,689128,100391,1703093,1000664,39294,3701920,258080,,,,,36.545,30,surfaceflinger_latency,100.000,31.400,273.000,3,27200692,true,partial:gpu_util_N/R
RUN-20260919-004,mi-a3,254,2026-09-19T15:08:58.039Z,255554,runtime,true,true,1,1,72.984,2.823,23.589,0.000,129228,685572,100391,1703093,1000664,39294,3701920,256676,,,,,42.066,30,surfaceflinger_latency,100.000,31.400,273.000,3,27200692,true,partial:gpu_util_N/R
RUN-20260919-004,mi-a3,255,2026-09-19T15:08:59.084Z,256145,runtime,true,true,1,1,44.298,2.851,23.246,0.000,128928,681112,96204,1700320,1000776,223188,3701920,257004,,,,,86.284,51,surfaceflinger_latency,100.000,31.400,273.000,3,27200692,true,partial:gpu_util_N/R
RUN-20260919-004,mi-a3,256,2026-09-19T15:08:59.672Z,257189,runtime,true,true,1,1,50.061,3.785,22.833,0.000,132396,673856,96204,1700320,1000776,223188,3701920,253932,,,,,28.725,30,surfaceflinger_latency,100.000,31.400,273.000,3,27200692,true,partial:gpu_util_N/R
RUN-20260919-004,mi-a3,257,2026-09-19T15:09:00.253Z,257777,runtime,true,true,1,1,41.189,3.084,24.009,0.000,132456,673856,96204,1700320,1000776,223188,3701920,255336,,,,,52.733,31,surfaceflinger_latency,100.000,31.400,273.000,3,27200692,true,partial:gpu_util_N/R
RUN-20260919-004,mi-a3,258,2026-09-19T15:09:00.828Z,258359,runtime,true,true,1,1,43.256,2.791,24.884,0.000,132456,673264,96204,1700320,1000776,223188,3701920,256408,,,,,51.579,30,surfaceflinger_latency,100.000,31.400,273.000,3,27200692,true,partial:gpu_util_N/R
RUN-20260919-004,mi-a3,259,2026-09-19T15:09:01.476Z,259000,runtime,true,true,1,1,42.449,3.061,23.878,0.000,132456,673252,96204,1700320,1000776,223188,3701920,256188,,,,,49.949,32,surfaceflinger_latency,100.000,31.400,273.000,3,27200692,true,partial:gpu_util_N/R
RUN-20260919-004,mi-a3,260,2026-09-19T15:09:05.026Z,260000,runtime,true,true,1,1,53.409,2.652,25.884,0.000,128796,658656,98541,1699921,1000860,242190,3701920,266356,,,,,126.003,126,surfaceflinger_latency,99.000,31.600,429.000,3,27200640,true,partial:gpu_util_N/R
RUN-20260919-004,mi-a3,261,2026-09-19T15:09:05.592Z,263132,runtime,true,true,1,1,52.794,3.169,24.479,0.000,128772,648260,98541,1699921,1000860,242190,3701920,255372,,,,,9.259,29,surfaceflinger_latency,99.000,31.600,429.000,3,27200640,true,partial:gpu_util_N/R
RUN-20260919-004,mi-a3,262,2026-09-19T15:09:06.179Z,263698,runtime,true,true,1,1,43.908,2.989,24.598,0.000,128772,648260,98541,1699921,1000860,242190,3701920,257256,,,,,54.742,31,surfaceflinger_latency,99.000,31.600,429.000,3,27200640,true,partial:gpu_util_N/R
RUN-20260919-004,mi-a3,263,2026-09-19T15:09:06.760Z,264285,runtime,true,true,1,1,41.741,2.902,24.777,0.000,128772,648260,98541,1699921,1000860,242190,3701920,257172,,,,,51.090,30,surfaceflinger_latency,99.000,31.600,429.000,3,27200640,true,partial:gpu_util_N/R
RUN-20260919-004,mi-a3,264,2026-09-19T15:09:07.364Z,264865,runtime,true,true,1,1,43.326,2.810,22.951,0.000,128772,648260,98541,1699921,1000860,242190,3701920,258036,,,,,51.711,30,surfaceflinger_latency,99.000,31.600,429.000,3,27200640,true,partial:gpu_util_N/R
RUN-20260919-004,mi-a3,265,2026-09-19T15:09:08.469Z,265470,runtime,true,true,1,1,66.211,2.930,29.883,0.000,128460,626396,97907,1697922,1000940,274938,3701920,245040,,,,,84.372,51,surfaceflinger_latency,99.000,31.600,429.000,3,27200640,true,partial:gpu_util_N/R
RUN-20260919-004,mi-a3,266,2026-09-19T15:09:09.040Z,266575,runtime,true,true,1,1,59.553,3.598,23.077,0.000,128192,623440,97907,1697922,1000940,274938,3701920,250328,,,,,26.243,29,surfaceflinger_latency,99.000,31.600,429.000,3,27200640,true,partial:gpu_util_N/R
RUN-20260919-004,mi-a3,267,2026-09-19T15:09:09.631Z,267146,runtime,true,true,1,1,42.605,2.649,23.400,0.000,128196,623440,97907,1697922,1000940,274938,3701920,250560,,,,,54.261,31,surfaceflinger_latency,99.000,31.600,429.000,3,27200640,true,partial:gpu_util_N/R
RUN-20260919-004,mi-a3,268,2026-09-19T15:09:10.463Z,268000,runtime,true,true,1,1,37.876,3.011,24.564,0.000,128196,623440,97907,1697922,1000940,274938,3701920,250556,,,,,50.387,43,surfaceflinger_latency,99.000,31.600,429.000,3,27200640,true,partial:gpu_util_N/R
RUN-20260919-004,mi-a3,269,2026-09-19T15:09:11.479Z,269000,runtime,true,true,1,1,35.648,2.804,24.967,0.000,128168,622204,97907,1697922,1000940,274938,3701920,248892,,,,,53.998,54,surfaceflinger_latency,99.000,31.600,429.000,3,27200640,true,partial:gpu_util_N/R
RUN-20260919-004,mi-a3,270,2026-09-19T15:09:15.121Z,270000,runtime,true,true,1,1,52.840,2.716,26.049,0.000,126148,598180,96910,1697630,1001004,321282,3701920,265256,,,,,126.006,126,surfaceflinger_latency,99.000,31.700,312.000,3,27200596,true,partial:gpu_util_N/R
RUN-20260919-004,mi-a3,271,2026-09-19T15:09:15.696Z,273227,runtime,true,true,1,1,54.643,3.095,24.350,0.000,120568,561832,96910,1697630,1001004,321282,3701920,270736,,,,,8.986,29,surfaceflinger_latency,99.000,31.700,312.000,3,27200596,true,partial:gpu_util_N/R
RUN-20260919-004,mi-a3,272,2026-09-19T15:09:16.250Z,273801,runtime,true,true,1,1,40.528,2.878,23.501,0.000,120568,561988,96910,1697630,1001004,321282,3701920,271484,,,,,50.475,29,surfaceflinger_latency,99.000,31.700,312.000,3,27200596,true,partial:gpu_util_N/R
RUN-20260919-004,mi-a3,273,2026-09-19T15:09:16.814Z,274356,runtime,true,true,1,1,42.989,2.759,24.368,0.000,120576,561968,96910,1697630,1001004,321282,3701920,271008,,,,,52.293,29,surfaceflinger_latency,99.000,31.700,312.000,3,27200596,true,partial:gpu_util_N/R
RUN-20260919-004,mi-a3,274,2026-09-19T15:09:17.377Z,274920,runtime,true,true,1,1,41.587,2.885,24.519,0.000,120576,561968,96910,1697630,1001004,321282,3701920,269808,,,,,49.638,28,surfaceflinger_latency,99.000,31.700,312.000,3,27200596,true,partial:gpu_util_N/R
RUN-20260919-004,mi-a3,275,2026-09-19T15:09:18.373Z,275483,runtime,true,true,1,1,43.478,3.204,23.570,0.000,120892,561668,96355,1698728,1001012,345342,3701920,268288,,,,,87.111,49,surfaceflinger_latency,99.000,31.700,312.000,3,27200596,true,partial:gpu_util_N/R
RUN-20260919-004,mi-a3,276,2026-09-19T15:09:18.932Z,276478,runtime,true,true,1,1,52.294,3.801,24.246,0.000,120612,557580,96355,1698728,1001012,345342,3701920,277316,,,,,30.125,30,surfaceflinger_latency,99.000,31.700,312.000,3,27200596,true,partial:gpu_util_N/R
RUN-20260919-004,mi-a3,277,2026-09-19T15:09:19.498Z,277038,runtime,true,true,1,1,41.822,3.037,23.832,0.000,120612,557580,96355,1698728,1001012,345342,3701920,275820,,,,,53.607,30,surfaceflinger_latency,99.000,31.700,312.000,3,27200596,true,partial:gpu_util_N/R
RUN-20260919-004,mi-a3,278,2026-09-19T15:09:20.454Z,278000,runtime,true,true,1,1,36.602,2.624,23.757,0.000,120612,557524,96355,1698728,1001012,345342,3701920,276768,,,,,50.960,49,surfaceflinger_latency,99.000,31.700,312.000,3,27200596,true,partial:gpu_util_N/R
RUN-20260919-004,mi-a3,279,2026-09-19T15:09:21.459Z,279000,runtime,true,true,1,1,36.706,2.853,24.254,0.000,120612,557524,96355,1698728,1001012,345342,3701920,275572,,,,,51.000,51,surfaceflinger_latency,99.000,31.700,312.000,3,27200596,true,partial:gpu_util_N/R
RUN-20260919-004,mi-a3,280,2026-09-19T15:09:24.881Z,280000,runtime,true,true,1,1,35.752,2.770,23.747,0.000,120612,557468,96195,1698752,1001012,345470,3701920,269208,,,,,127.016,127,surfaceflinger_latency,99.000,31.800,351.000,3,27200576,true,partial:gpu_util_N/R
RUN-20260919-004,mi-a3,281,2026-09-19T15:09:25.490Z,282987,runtime,true,true,1,1,48.761,3.129,24.685,0.000,120340,540792,96195,1698752,1001012,345470,3701920,304420,,,,,9.707,29,surfaceflinger_latency,99.000,31.800,351.000,3,27200576,true,partial:gpu_util_N/R
RUN-20260919-004,mi-a3,282,2026-09-19T15:09:26.050Z,283596,runtime,true,true,1,1,47.768,2.679,23.884,0.000,120464,540708,96195,1698752,1001012,345470,3701920,305020,,,,,47.606,29,surfaceflinger_latency,99.000,31.800,351.000,3,27200576,true,partial:gpu_util_N/R
RUN-20260919-004,mi-a3,283,2026-09-19T15:09:26.603Z,284156,runtime,true,true,1,1,41.844,2.837,23.641,0.000,120464,540872,96195,1698752,1001012,345470,3701920,304208,,,,,50.009,28,surfaceflinger_latency,99.000,31.800,351.000,3,27200576,true,partial:gpu_util_N/R
RUN-20260919-004,mi-a3,284,2026-09-19T15:09:27.165Z,284709,runtime,true,true,1,1,41.304,2.657,24.396,0.000,120464,540876,96195,1698752,1001012,345470,3701920,303612,,,,,52.439,29,surfaceflinger_latency,99.000,31.800,351.000,3,27200576,true,partial:gpu_util_N/R
RUN-20260919-004,mi-a3,285,2026-09-19T15:09:28.141Z,285270,runtime,true,true,1,1,44.084,2.784,23.666,0.000,120464,540876,96088,1698670,1001012,361927,3701920,300652,,,,,87.320,49,surfaceflinger_latency,99.000,31.800,351.000,3,27200576,true,partial:gpu_util_N/R
RUN-20260919-004,mi-a3,286,2026-09-19T15:09:28.719Z,286247,runtime,true,true,1,1,44.032,3.714,23.740,0.000,120420,540876,96088,1698670,1001012,361927,3701920,304352,,,,,30.713,30,surfaceflinger_latency,99.000,31.800,351.000,3,27200576,true,partial:gpu_util_N/R
RUN-20260919-004,mi-a3,287,2026-09-19T15:09:29.453Z,287000,runtime,true,true,1,1,40.422,2.812,24.077,0.000,120420,540856,96088,1698670,1001012,361927,3701920,303672,,,,,51.819,39,surfaceflinger_latency,99.000,31.800,351.000,3,27200576,true,partial:gpu_util_N/R
RUN-20260919-004,mi-a3,288,2026-09-19T15:09:30.458Z,288000,runtime,true,true,1,1,36.732,2.745,23.791,0.000,120420,540856,96088,1698670,1001012,361927,3701920,303004,,,,,52.004,52,surfaceflinger_latency,99.000,31.800,351.000,3,27200576,true,partial:gpu_util_N/R
RUN-20260919-004,mi-a3,289,2026-09-19T15:09:31.483Z,289000,runtime,true,true,1,1,38.186,2.810,23.499,0.000,120516,540856,96088,1698670,1001012,361927,3701920,299580,,,,,54.002,54,surfaceflinger_latency,99.000,31.800,351.000,3,27200576,true,partial:gpu_util_N/R
RUN-20260919-004,mi-a3,290,2026-09-19T15:09:34.826Z,290000,runtime,true,true,1,1,37.467,2.611,23.368,0.000,120516,540880,96080,1698734,1001012,361899,3701920,297580,,,,,125.992,126,surfaceflinger_latency,99.000,31.900,117.000,3,27200576,true,partial:gpu_util_N/R
RUN-20260919-004,mi-a3,291,2026-09-19T15:09:35.382Z,292931,runtime,true,true,1,1,45.354,3.097,24.027,0.000,120532,540964,96080,1698734,1001012,361899,3701920,290804,,,,,9.891,29,surfaceflinger_latency,99.000,31.900,117.000,3,27200576,true,partial:gpu_util_N/R
RUN-20260919-004,mi-a3,292,2026-09-19T15:09:35.948Z,293488,runtime,true,true,1,1,40.610,2.817,24.413,0.000,120532,540964,96080,1698734,1001012,361899,3701920,290832,,,,,53.913,30,surfaceflinger_latency,99.000,31.900,117.000,3,27200576,true,partial:gpu_util_N/R
RUN-20260919-004,mi-a3,293,2026-09-19T15:09:36.500Z,294053,runtime,true,true,1,1,43.578,2.752,23.394,0.000,120532,540964,96080,1698734,1001012,361899,3701920,290628,,,,,47.758,27,surfaceflinger_latency,99.000,31.900,117.000,3,27200576,true,partial:gpu_util_N/R
RUN-20260919-004,mi-a3,294,2026-09-19T15:09:37.072Z,294606,runtime,true,true,1,1,42.056,3.037,22.897,0.000,120532,540964,96080,1698734,1001012,361899,3701920,291316,,,,,54.291,30,surfaceflinger_latency,99.000,31.900,117.000,3,27200576,true,partial:gpu_util_N/R
RUN-20260919-004,mi-a3,295,2026-09-19T15:09:38.017Z,295178,runtime,true,true,1,1,42.353,2.588,24.941,0.000,120532,540964,96159,1698766,1001012,361935,3701920,290220,,,,,82.154,47,surfaceflinger_latency,99.000,31.900,117.000,3,27200576,true,partial:gpu_util_N/R
RUN-20260919-004,mi-a3,296,2026-09-19T15:09:38.594Z,296123,runtime,true,true,1,1,42.453,3.774,22.507,0.000,120656,540948,96159,1698766,1001012,361935,3701920,289432,,,,,31.743,30,surfaceflinger_latency,99.000,31.900,117.000,3,27200576,true,partial:gpu_util_N/R
RUN-20260919-004,mi-a3,297,2026-09-19T15:09:39.462Z,297000,runtime,true,true,1,1,37.329,2.731,23.369,0.000,120656,540948,96159,1698766,1001012,361935,3701920,289524,,,,,51.334,45,surfaceflinger_latency,99.000,31.900,117.000,3,27200576,true,partial:gpu_util_N/R
RUN-20260919-004,mi-a3,298,2026-09-19T15:09:40.447Z,298000,runtime,true,true,1,1,36.268,2.760,23.916,0.000,120656,540948,96159,1698766,1001012,361935,3701920,290268,,,,,51.004,51,surfaceflinger_latency,99.000,31.900,117.000,3,27200576,true,partial:gpu_util_N/R
RUN-20260919-004,mi-a3,299,2026-09-19T15:09:41.465Z,299000,runtime,true,true,1,1,34.914,2.767,24.111,0.000,120656,540932,96159,1698766,1001012,361935,3701920,289932,,,,,53.000,53,surfaceflinger_latency,99.000,31.900,117.000,3,27200576,true,partial:gpu_util_N/R
RUN-20260919-004,mi-a3,300,2026-09-19T15:09:44.832Z,300000,runtime,true,true,1,1,35.827,2.756,23.753,0.000,120656,540932,96141,1698794,1001012,361951,3701920,286728,,,,,125.991,126,surfaceflinger_latency,99.000,32.100,273.000,3,27200616,true,partial:gpu_util_N/R
RUN-20260919-004,redmi-note-8,0,2026-09-19T15:16:48.584Z,1848,startup,false,false,0,0,,,,0.000,,,,,,,3728280,1077952,,,,,,,,100.000,31.700,312.000,0,8524148,true,partial:gpu_util_N/R|fps_N/R
RUN-20260919-004,redmi-note-8,1,2026-09-19T15:16:49.050Z,4292,startup,true,false,1,0,71.026,,,0.000,207872,,,,,,3728280,1133652,,,,,,,,100.000,31.700,312.000,0,8524148,true,partial:gpu_util_N/R|fps_N/R
RUN-20260919-004,redmi-note-8,2,2026-09-19T15:16:49.550Z,4758,startup,true,false,1,0,46.684,29.847,,0.000,213904,,,,,,3728280,1142816,,,,,,,,100.000,31.700,312.000,0,8524148,true,partial:gpu_util_N/R|fps_N/R
RUN-20260919-004,redmi-note-8,3,2026-09-19T15:16:50.050Z,5258,startup,true,false,1,0,34.574,16.755,,0.000,223160,,,,,,3728280,1142712,,,,,,,,100.000,31.700,312.000,0,8524148,true,partial:gpu_util_N/R|fps_N/R
RUN-20260919-004,redmi-note-8,4,2026-09-19T15:16:50.550Z,5758,startup,true,false,1,0,32.134,17.224,,0.000,242168,,,,,,3728280,1141496,,,,,,,,100.000,31.700,312.000,0,8524148,true,partial:gpu_util_N/R|fps_N/R
RUN-20260919-004,redmi-note-8,5,2026-09-19T15:16:51.329Z,6259,startup,true,false,1,0,35.917,15.762,,0.000,250928,,206863,,61668,375,3728280,1145700,,,,,,,,100.000,31.700,312.000,0,8524148,true,partial:gpu_util_N/R|fps_N/R
RUN-20260919-004,redmi-note-8,6,2026-09-19T15:16:51.788Z,7037,startup,true,false,1,0,34.761,17.298,,0.000,273096,,206863,,61668,375,3728280,1134968,,,,,,,,100.000,31.700,312.000,0,8524148,true,partial:gpu_util_N/R|fps_N/R
RUN-20260919-004,redmi-note-8,7,2026-09-19T15:16:52.264Z,7496,startup,true,false,1,0,34.565,14.248,,0.000,197736,,206863,,61668,375,3728280,1135832,,,,,,,,100.000,31.700,312.000,0,8524148,true,partial:gpu_util_N/R|fps_N/R
RUN-20260919-004,redmi-note-8,8,2026-09-19T15:16:52.758Z,8000,startup,true,false,1,0,37.811,16.915,,0.000,188816,,206863,,61668,375,3728280,1139928,,,,,,,,100.000,31.700,312.000,0,8524148,true,partial:gpu_util_N/R|fps_N/R
RUN-20260919-004,redmi-note-8,9,2026-09-19T15:16:53.780Z,9000,startup,true,false,1,0,35.521,16.860,,0.000,218664,,206863,,61668,375,3728280,1132008,,,,,,,,100.000,31.700,312.000,0,8524148,true,partial:gpu_util_N/R|fps_N/R
RUN-20260919-004,redmi-note-8,10,2026-09-19T15:16:56.823Z,10000,startup,true,false,1,0,32.913,15.511,,0.000,241664,,178724,,61764,548,3728280,1128964,,,,,,,,100.000,31.800,273.000,0,8493288,true,partial:gpu_util_N/R|fps_N/R
RUN-20260919-004,redmi-note-8,11,2026-09-19T15:16:57.329Z,12531,startup,true,false,1,0,41.994,16.516,,0.000,260908,,178724,,61764,548,3728280,1185696,,,,,,,,100.000,31.800,273.000,0,8493288,true,partial:gpu_util_N/R|fps_N/R
RUN-20260919-004,redmi-note-8,12,2026-09-19T15:16:57.781Z,13037,startup,true,false,1,0,36.579,15.263,,0.000,269144,,178724,,61764,548,3728280,1190592,,,,,,,,100.000,31.800,273.000,0,8493288,true,partial:gpu_util_N/R|fps_N/R
RUN-20260919-004,redmi-note-8,13,2026-09-19T15:16:58.235Z,13490,startup,true,false,1,0,36.254,15.408,,0.000,286292,,178724,,61764,548,3728280,1182536,,,,,,,,100.000,31.800,273.000,0,8493288,true,partial:gpu_util_N/R|fps_N/R
RUN-20260919-004,redmi-note-8,14,2026-09-19T15:16:58.797Z,14000,startup,true,false,1,0,43.982,17.724,,0.000,180620,,178724,,61764,548,3728280,1223396,,,,,,,,100.000,31.800,273.000,0,8493288,true,partial:gpu_util_N/R|fps_N/R
RUN-20260919-004,redmi-note-8,15,2026-09-19T15:16:59.920Z,15000,startup,true,false,1,0,37.402,13.780,,0.000,183736,,105567,,33120,1002,3728280,1217564,,,,,,,,100.000,31.800,273.000,0,8493288,true,partial:gpu_util_N/R|fps_N/R
RUN-20260919-004,redmi-note-8,16,2026-09-19T15:17:00.731Z,16000,startup,true,false,1,0,24.396,5.464,,0.000,173840,,105567,,33120,1002,3728280,1224504,,,,,,,,100.000,31.800,273.000,0,8493288,true,partial:gpu_util_N/R|fps_N/R
RUN-20260919-004,redmi-note-8,17,2026-09-19T15:17:01.803Z,17000,startup,true,false,1,0,22.497,4.005,,0.000,172512,,105567,,33120,1002,3728280,1225560,,,,,,,,100.000,31.800,273.000,0,8493288,true,partial:gpu_util_N/R|fps_N/R
RUN-20260919-004,redmi-note-8,18,2026-09-19T15:17:02.800Z,18000,startup,true,false,1,0,22.279,5.122,,0.000,172964,,105567,,33120,1002,3728280,1227036,,,,,,,,100.000,31.800,273.000,0,8493288,true,partial:gpu_util_N/R|fps_N/R
RUN-20260919-004,redmi-note-8,19,2026-09-19T15:17:03.766Z,19000,startup,true,false,1,0,23.298,6.414,,0.000,173480,,105567,,33120,1002,3728280,1226112,,,,,,,,100.000,31.800,273.000,0,8493288,true,partial:gpu_util_N/R|fps_N/R
RUN-20260919-004,redmi-note-8,20,2026-09-19T15:17:06.870Z,20000,startup,true,false,1,0,19.441,5.718,,0.000,174536,,97609,,33812,1124,3728280,1225588,,,,,,,,100.000,31.900,273.000,0,8079816,true,partial:gpu_util_N/R|fps_N/R
RUN-20260919-004,redmi-note-8,21,2026-09-19T15:17:07.343Z,22579,startup,true,false,1,0,33.232,10.483,,0.000,171904,,97609,,33812,1124,3728280,1226428,,,,,,,,100.000,31.900,273.000,0,8079816,true,partial:gpu_util_N/R|fps_N/R
RUN-20260919-004,redmi-note-8,22,2026-09-19T15:17:07.829Z,23052,startup,true,false,1,0,35.897,10.513,,0.000,171796,,97609,,33812,1124,3728280,1228168,,,,,,,,100.000,31.900,273.000,0,8079816,true,partial:gpu_util_N/R|fps_N/R
RUN-20260919-004,redmi-note-8,23,2026-09-19T15:17:08.299Z,23537,startup,true,false,1,0,34.759,10.160,,0.000,171764,,97609,,33812,1124,3728280,1227412,,,,,,,,100.000,31.900,273.000,0,8079816,true,partial:gpu_util_N/R|fps_N/R
RUN-20260919-004,redmi-note-8,24,2026-09-19T15:17:08.702Z,24007,startup,true,false,1,0,25.882,5.000,,0.000,171764,,97609,,33812,1124,3728280,1228696,,,,,,,,100.000,31.900,273.000,0,8079816,true,partial:gpu_util_N/R|fps_N/R
RUN-20260919-004,redmi-note-8,25,2026-09-19T15:17:09.960Z,25000,startup,true,false,1,0,23.536,4.215,,0.000,171736,,94345,,33696,1140,3728280,1230136,,,,,,,,100.000,31.900,273.000,0,8079816,true,partial:gpu_util_N/R|fps_N/R
RUN-20260919-004,redmi-note-8,26,2026-09-19T15:17:10.782Z,26000,startup,true,false,1,0,30.114,10.038,,0.000,171040,,94345,,33696,1140,3728280,1232052,,,,,,,,100.000,31.900,273.000,0,8079816,true,partial:gpu_util_N/R|fps_N/R
RUN-20260919-004,redmi-note-8,27,2026-09-19T15:17:11.774Z,27000,startup,true,false,1,0,32.125,9.750,,0.000,170832,,94345,,33696,1140,3728280,1236984,,,,,,,,100.000,31.900,273.000,0,8079816,true,partial:gpu_util_N/R|fps_N/R
RUN-20260919-004,redmi-note-8,28,2026-09-19T15:17:12.779Z,28000,startup,true,false,1,0,29.028,9.974,,0.000,170236,,94345,,33696,1140,3728280,1238732,,,,,,,,100.000,31.900,273.000,0,8079816,true,partial:gpu_util_N/R|fps_N/R
RUN-20260919-004,redmi-note-8,29,2026-09-19T15:17:13.745Z,29000,startup,true,false,1,0,28.961,10.649,,0.000,169692,,94345,,33696,1140,3728280,1241792,,,,,,,,100.000,31.900,273.000,0,8079816,true,partial:gpu_util_N/R|fps_N/R
RUN-20260919-004,redmi-note-8,30,2026-09-19T15:17:16.765Z,30000,startup,true,false,1,0,25.631,8.234,,0.000,169624,,90767,,31704,1148,3728280,1242688,,,,,,,,100.000,32.000,273.000,0,8079816,true,partial:gpu_util_N/R|fps_N/R
RUN-20260919-004,redmi-note-8,31,2026-09-19T15:17:17.253Z,32474,startup,true,false,1,0,34.139,10.347,,0.000,168604,,90767,,31704,1148,3728280,1240004,,,,,,,,100.000,32.000,273.000,0,8079816,true,partial:gpu_util_N/R|fps_N/R
RUN-20260919-004,redmi-note-8,32,2026-09-19T15:17:17.708Z,32962,startup,true,false,1,0,35.200,9.867,,0.000,168524,,90767,,31704,1148,3728280,1242500,,,,,,,,100.000,32.000,273.000,0,8079816,true,partial:gpu_util_N/R|fps_N/R
RUN-20260919-004,redmi-note-8,33,2026-09-19T15:17:18.183Z,33416,startup,true,false,1,0,32.402,9.777,,0.000,168484,,90767,,31704,1148,3728280,1243852,,,,,,,,100.000,32.000,273.000,0,8079816,true,partial:gpu_util_N/R|fps_N/R
RUN-20260919-004,redmi-note-8,34,2026-09-19T15:17:18.774Z,34000,startup,true,false,1,0,33.262,9.871,,0.000,168396,,90767,,31704,1148,3728280,1242348,,,,,,,,100.000,32.000,273.000,0,8079816,true,partial:gpu_util_N/R|fps_N/R
RUN-20260919-004,redmi-note-8,35,2026-09-19T15:17:19.968Z,35000,startup,true,false,1,0,30.615,9.661,,0.000,168292,,90131,,31760,1149,3728280,1245500,,,,,,,,100.000,32.000,273.000,0,8079816,true,partial:gpu_util_N/R|fps_N/R
RUN-20260919-004,redmi-note-8,36,2026-09-19T15:17:20.795Z,36000,startup,true,false,1,0,33.894,10.337,,0.000,168000,,90131,,31760,1149,3728280,1248248,,,,,,,,100.000,32.000,273.000,0,8079816,true,partial:gpu_util_N/R|fps_N/R
RUN-20260919-004,redmi-note-8,37,2026-09-19T15:17:21.823Z,37000,startup,true,false,1,0,32.393,9.571,,0.000,167520,,90131,,31760,1149,3728280,1251436,,,,,,,,100.000,32.000,273.000,0,8079816,true,partial:gpu_util_N/R|fps_N/R
RUN-20260919-004,redmi-note-8,38,2026-09-19T15:17:22.794Z,38000,startup,true,false,1,0,30.169,10.013,,0.000,166308,,90131,,31760,1149,3728280,1251936,,,,,,,,100.000,32.000,273.000,0,8079816,true,partial:gpu_util_N/R|fps_N/R
RUN-20260919-004,redmi-note-8,39,2026-09-19T15:17:23.772Z,39000,startup,true,false,1,0,28.010,10.079,,0.000,165448,,90131,,31760,1149,3728280,1251916,,,,,,,,100.000,32.000,273.000,0,8079816,true,partial:gpu_util_N/R|fps_N/R
RUN-20260919-004,redmi-note-8,40,2026-09-19T15:17:26.843Z,40000,startup,true,false,1,0,28.165,10.078,,0.000,165088,,88507,,31816,1152,3728280,1254740,,,,,,,,100.000,32.100,234.000,0,8079832,true,partial:gpu_util_N/R|fps_N/R
RUN-20260919-004,redmi-note-8,41,2026-09-19T15:17:27.304Z,42552,startup,true,false,1,0,35.789,10.326,,0.000,164576,,88507,,31816,1152,3728280,1252752,,,,,,,,100.000,32.100,234.000,0,8079832,true,partial:gpu_util_N/R|fps_N/R
RUN-20260919-004,redmi-note-8,42,2026-09-19T15:17:27.774Z,43012,startup,true,false,1,0,35.511,11.932,,0.000,164448,,88507,,31816,1152,3728280,1254836,,,,,,,,100.000,32.100,234.000,0,8079832,true,partial:gpu_util_N/R|fps_N/R
RUN-20260919-004,redmi-note-8,43,2026-09-19T15:17:28.267Z,43483,startup,true,false,1,0,31.436,10.298,,0.000,164320,,88507,,31816,1152,3728280,1254384,,,,,,,,100.000,32.100,234.000,0,8079832,true,partial:gpu_util_N/R|fps_N/R
RUN-20260919-004,redmi-note-8,44,2026-09-19T15:17:28.767Z,44000,startup,true,false,1,0,32.090,10.199,,0.000,164204,,88507,,31816,1152,3728280,1256424,,,,,,,,100.000,32.100,234.000,0,8079832,true,partial:gpu_util_N/R|fps_N/R
RUN-20260919-004,redmi-note-8,45,2026-09-19T15:17:30.001Z,45000,startup,true,false,1,0,30.177,10.101,,0.000,163748,,88112,,31872,1168,3728280,1260220,,,,,,,,100.000,32.100,234.000,0,8079832,true,partial:gpu_util_N/R|fps_N/R
RUN-20260919-004,redmi-note-8,46,2026-09-19T15:17:30.777Z,46000,startup,true,false,1,0,31.012,10.644,,0.000,163408,,88112,,31872,1168,3728280,1263144,,,,,,,,100.000,32.100,234.000,0,8079832,true,partial:gpu_util_N/R|fps_N/R
RUN-20260919-004,redmi-note-8,47,2026-09-19T15:17:31.745Z,47000,startup,true,false,1,0,29.688,10.547,,0.000,163612,,88112,,31872,1168,3728280,1265844,,,,,,,,100.000,32.100,234.000,0,8079832,true,partial:gpu_util_N/R|fps_N/R
RUN-20260919-004,redmi-note-8,48,2026-09-19T15:17:32.781Z,48000,startup,true,false,1,0,27.296,10.332,,0.000,163456,,88112,,31872,1168,3728280,1267912,,,,,,,,100.000,32.100,234.000,0,8079832,true,partial:gpu_util_N/R|fps_N/R
RUN-20260919-004,redmi-note-8,49,2026-09-19T15:17:33.744Z,49000,startup,true,false,1,0,32.353,11.253,,0.000,163480,,88112,,31872,1168,3728280,1269836,,,,,,,,100.000,32.100,234.000,0,8079832,true,partial:gpu_util_N/R|fps_N/R
RUN-20260919-004,redmi-note-8,50,2026-09-19T15:17:36.816Z,50000,startup,true,false,1,0,31.835,10.085,,0.000,163496,,88002,,31884,1171,3728280,1270784,,,,,,,,100.000,32.300,312.000,0,8079956,true,partial:gpu_util_N/R|fps_N/R
RUN-20260919-004,redmi-note-8,51,2026-09-19T15:17:37.390Z,52525,startup,true,false,1,0,36.535,10.545,,0.000,163100,,88002,,31884,1171,3728280,1278748,,,,,,,,100.000,32.300,312.000,0,8079956,true,partial:gpu_util_N/R|fps_N/R
RUN-20260919-004,redmi-note-8,52,2026-09-19T15:17:37.889Z,53098,startup,true,false,1,0,34.426,9.368,,0.000,163108,,88002,,31884,1171,3728280,1278612,,,,,,,,100.000,32.300,312.000,0,8079956,true,partial:gpu_util_N/R|fps_N/R
RUN-20260919-004,redmi-note-8,53,2026-09-19T15:17:38.356Z,53597,startup,true,false,1,0,32.172,10.456,,0.000,163092,,88002,,31884,1171,3728280,1280056,,,,,,,,100.000,32.300,312.000,0,8079956,true,partial:gpu_util_N/R|fps_N/R
RUN-20260919-004,redmi-note-8,54,2026-09-19T15:17:38.849Z,54064,startup,true,false,1,0,36.203,9.873,,0.000,162924,,88002,,31884,1171,3728280,1278932,,,,,,,,100.000,32.300,312.000,0,8079956,true,partial:gpu_util_N/R|fps_N/R
RUN-20260919-004,redmi-note-8,55,2026-09-19T15:17:39.991Z,55000,startup,true,false,1,0,30.506,10.260,,0.000,162604,,87397,,31884,1185,3728280,1282036,,,,,,,,100.000,32.300,312.000,0,8079956,true,partial:gpu_util_N/R|fps_N/R
RUN-20260919-004,redmi-note-8,56,2026-09-19T15:17:40.766Z,56000,startup,true,false,1,0,29.605,11.053,,0.000,162220,,87397,,31884,1185,3728280,1283732,,,,,,,,100.000,32.300,312.000,0,8079956,true,partial:gpu_util_N/R|fps_N/R
RUN-20260919-004,redmi-note-8,57,2026-09-19T15:17:41.782Z,57000,startup,true,false,1,0,31.533,11.683,,0.000,161728,,87397,,31884,1185,3728280,1287376,,,,,,,,100.000,32.300,312.000,0,8079956,true,partial:gpu_util_N/R|fps_N/R
RUN-20260919-004,redmi-note-8,58,2026-09-19T15:17:42.784Z,58000,startup,true,false,1,0,29.634,10.183,,0.000,161736,,87397,,31884,1185,3728280,1288720,,,,,,,,100.000,32.300,312.000,0,8079956,true,partial:gpu_util_N/R|fps_N/R
RUN-20260919-004,redmi-note-8,59,2026-09-19T15:17:43.793Z,59000,startup,true,false,1,0,28.944,11.082,,0.000,161584,,87397,,31884,1185,3728280,1292596,,,,,,,,100.000,32.300,312.000,0,8079956,true,partial:gpu_util_N/R|fps_N/R
RUN-20260919-004,redmi-note-8,60,2026-09-19T15:17:46.863Z,60000,startup,true,false,1,0,30.341,9.735,,0.000,161288,,86371,,31884,1200,3728280,1294844,,,,,,,,100.000,32.400,195.000,0,8079956,true,partial:gpu_util_N/R|fps_N/R
RUN-20260919-004,redmi-note-8,61,2026-09-19T15:17:47.360Z,62572,startup,true,false,1,0,40.078,9.874,,0.000,158956,,86371,,31884,1200,3728280,1296416,,,,,,,,100.000,32.400,195.000,0,8079956,true,partial:gpu_util_N/R|fps_N/R
RUN-20260919-004,redmi-note-8,62,2026-09-19T15:17:47.877Z,63068,startup,true,false,1,0,34.085,10.276,,0.000,158700,,86371,,31884,1200,3728280,1297352,,,,,,,,100.000,32.400,195.000,0,8079956,true,partial:gpu_util_N/R|fps_N/R
RUN-20260919-004,redmi-note-8,63,2026-09-19T15:17:48.351Z,63585,startup,true,false,1,0,31.414,9.686,,0.000,158668,,86371,,31884,1200,3728280,1298180,,,,,,,,100.000,32.400,195.000,0,8079956,true,partial:gpu_util_N/R|fps_N/R
RUN-20260919-004,redmi-note-8,64,2026-09-19T15:17:48.831Z,64059,startup,true,false,1,0,34.492,11.497,,0.000,158600,,86371,,31884,1200,3728280,1298996,,,,,,,,100.000,32.400,195.000,0,8079956,true,partial:gpu_util_N/R|fps_N/R
RUN-20260919-004,redmi-note-8,65,2026-09-19T15:17:49.954Z,65000,startup,true,false,1,0,31.701,11.565,,0.000,158552,,85456,,31884,1260,3728280,1304228,,,,,,,,100.000,32.400,195.000,0,8079956,true,partial:gpu_util_N/R|fps_N/R
RUN-20260919-004,redmi-note-8,66,2026-09-19T15:17:50.770Z,66000,startup,true,false,1,0,31.017,10.940,,0.000,158524,,85456,,31884,1260,3728280,1303724,,,,,,,,100.000,32.400,195.000,0,8079956,true,partial:gpu_util_N/R|fps_N/R
RUN-20260919-004,redmi-note-8,67,2026-09-19T15:17:51.779Z,67000,startup,true,false,1,0,32.206,11.404,,0.000,158504,,85456,,31884,1260,3728280,1308372,,,,,,,,100.000,32.400,195.000,0,8079956,true,partial:gpu_util_N/R|fps_N/R
RUN-20260919-004,redmi-note-8,68,2026-09-19T15:17:52.780Z,68000,startup,true,false,1,0,29.542,11.111,,0.000,158496,,85456,,31884,1260,3728280,1310820,,,,,,,,100.000,32.400,195.000,0,8079956,true,partial:gpu_util_N/R|fps_N/R
RUN-20260919-004,redmi-note-8,69,2026-09-19T15:17:53.798Z,69000,startup,true,false,1,0,29.811,11.069,,0.000,158400,,85456,,31884,1260,3728280,1313040,,,,,,,,100.000,32.400,195.000,0,8079956,true,partial:gpu_util_N/R|fps_N/R
RUN-20260919-004,redmi-note-8,70,2026-09-19T15:17:56.763Z,70000,startup,true,false,1,0,30.026,10.966,,0.000,158384,,85478,,31884,1260,3728280,1315764,,,,,,,,100.000,32.500,312.000,0,8079956,true,partial:gpu_util_N/R|fps_N/R
RUN-20260919-004,redmi-note-8,71,2026-09-19T15:17:57.252Z,72471,startup,true,false,1,0,38.493,10.969,,0.000,158224,,85478,,31884,1260,3728280,1367544,,,,,,,,100.000,32.500,312.000,0,8079956,true,partial:gpu_util_N/R|fps_N/R
RUN-20260919-004,redmi-note-8,72,2026-09-19T15:17:57.701Z,72960,startup,true,false,1,0,36.288,11.080,,0.000,158164,,85478,,31884,1260,3728280,1367696,,,,,,,,100.000,32.500,312.000,0,8079956,true,partial:gpu_util_N/R|fps_N/R
RUN-20260919-004,redmi-note-8,73,2026-09-19T15:17:58.163Z,73409,startup,true,false,1,0,38.338,11.528,,0.000,158084,,85478,,31884,1260,3728280,1368524,,,,,,,,100.000,32.500,312.000,0,8079956,true,partial:gpu_util_N/R|fps_N/R
RUN-20260919-004,redmi-note-8,74,2026-09-19T15:17:58.758Z,74000,startup,true,false,1,0,32.230,11.700,,0.000,157936,,85478,,31884,1260,3728280,1370596,,,,,,,,100.000,32.500,312.000,0,8079956,true,partial:gpu_util_N/R|fps_N/R
RUN-20260919-004,redmi-note-8,75,2026-09-19T15:17:59.953Z,75000,startup,true,false,1,0,30.385,10.769,,0.000,157820,,85458,,31884,1297,3728280,1369592,,,,,,,,100.000,32.500,312.000,0,8079956,true,partial:gpu_util_N/R|fps_N/R
RUN-20260919-004,redmi-note-8,76,2026-09-19T15:18:00.789Z,76000,startup,true,false,1,0,36.421,11.168,,0.000,157832,,85458,,31884,1297,3728280,1360388,,,,,,,,100.000,32.500,312.000,0,8079956,true,partial:gpu_util_N/R|fps_N/R
RUN-20260919-004,redmi-note-8,77,2026-09-19T15:18:01.764Z,77000,startup,true,false,1,0,30.633,11.139,,0.000,157756,,85458,,31884,1297,3728280,1362216,,,,,,,,100.000,32.500,312.000,0,8079956,true,partial:gpu_util_N/R|fps_N/R
RUN-20260919-004,redmi-note-8,78,2026-09-19T15:18:02.811Z,78000,startup,true,false,1,0,30.846,10.945,,0.000,157744,,85458,,31884,1297,3728280,1364084,,,,,,,,100.000,32.500,312.000,0,8079956,true,partial:gpu_util_N/R|fps_N/R
RUN-20260919-004,redmi-note-8,79,2026-09-19T15:18:03.781Z,79000,startup,true,false,1,0,29.973,11.008,,0.000,157740,,85458,,31884,1297,3728280,1365892,,,,,,,,100.000,32.500,312.000,0,8079956,true,partial:gpu_util_N/R|fps_N/R
RUN-20260919-004,redmi-note-8,80,2026-09-19T15:18:06.888Z,80000,startup,true,false,1,0,30.038,11.640,,0.000,157760,,85475,,31884,1300,3728280,1366924,,,,,,,,100.000,32.600,234.000,0,8079944,true,partial:gpu_util_N/R|fps_N/R
RUN-20260919-004,redmi-note-8,81,2026-09-19T15:18:07.387Z,82596,startup,true,false,1,0,36.422,10.892,,0.000,157660,,85475,,31884,1300,3728280,1361440,,,,,,,,100.000,32.600,234.000,0,8079944,true,partial:gpu_util_N/R|fps_N/R
RUN-20260919-004,redmi-note-8,82,2026-09-19T15:18:07.866Z,83095,startup,true,false,1,0,37.905,10.474,,0.000,157648,,85475,,31884,1300,3728280,1360004,,,,,,,,100.000,32.600,234.000,0,8079944,true,partial:gpu_util_N/R|fps_N/R
RUN-20260919-004,redmi-note-8,83,2026-09-19T15:18:08.349Z,83575,startup,true,false,1,0,34.316,10.724,,0.000,157644,,85475,,31884,1300,3728280,1361536,,,,,,,,100.000,32.600,234.000,0,8079944,true,partial:gpu_util_N/R|fps_N/R
RUN-20260919-004,redmi-note-8,84,2026-09-19T15:18:08.853Z,84057,startup,true,false,1,0,34.704,10.797,,0.000,157644,,85475,,31884,1300,3728280,1363376,,,,,,,,100.000,32.600,234.000,0,8079944,true,partial:gpu_util_N/R|fps_N/R
RUN-20260919-004,redmi-note-8,85,2026-09-19T15:18:09.972Z,85000,startup,true,false,1,0,30.411,10.959,,0.000,157588,,85428,,31884,1300,3728280,1362276,,,,,,,,100.000,32.600,234.000,0,8079944,true,partial:gpu_util_N/R|fps_N/R
RUN-20260919-004,redmi-note-8,86,2026-09-19T15:18:10.775Z,86000,startup,true,false,1,0,29.554,10.701,,0.000,157560,,85428,,31884,1300,3728280,1364120,,,,,,,,100.000,32.600,234.000,0,8079944,true,partial:gpu_util_N/R|fps_N/R
RUN-20260919-004,redmi-note-8,87,2026-09-19T15:18:11.775Z,87000,startup,true,false,1,0,30.545,10.646,,0.000,157648,,85428,,31884,1300,3728280,1364824,,,,,,,,100.000,32.600,234.000,0,8079944,true,partial:gpu_util_N/R|fps_N/R
RUN-20260919-004,redmi-note-8,88,2026-09-19T15:18:12.790Z,88000,startup,true,false,1,0,30.789,11.772,,0.000,157644,,85428,,31884,1300,3728280,1366860,,,,,,,,100.000,32.600,234.000,0,8079944,true,partial:gpu_util_N/R|fps_N/R
RUN-20260919-004,redmi-note-8,89,2026-09-19T15:18:13.804Z,89000,startup,true,false,1,0,29.849,10.957,,0.000,157632,,85428,,31884,1300,3728280,1366660,,,,,,,,100.000,32.600,234.000,0,8079944,true,partial:gpu_util_N/R|fps_N/R
RUN-20260919-004,redmi-note-8,90,2026-09-19T15:18:16.818Z,90000,startup,true,false,1,0,31.530,11.346,,0.000,157632,,85556,,31884,1301,3728280,1368024,,,,,,,,100.000,32.800,273.000,0,8079956,true,partial:gpu_util_N/R|fps_N/R
RUN-20260919-004,redmi-note-8,91,2026-09-19T15:18:17.339Z,92526,startup,true,false,1,0,36.160,10.623,,0.000,157528,,85556,,31884,1301,3728280,1363580,,,,,,,,100.000,32.800,273.000,0,8079956,true,partial:gpu_util_N/R|fps_N/R
RUN-20260919-004,redmi-note-8,92,2026-09-19T15:18:17.834Z,93047,startup,true,false,1,0,35.714,9.852,,0.000,157504,,85556,,31884,1301,3728280,1361028,,,,,,,,100.000,32.800,273.000,0,8079956,true,partial:gpu_util_N/R|fps_N/R
RUN-20260919-004,redmi-note-8,93,2026-09-19T15:18:18.299Z,93543,startup,true,false,1,0,35.567,10.567,,0.000,157488,,85556,,31884,1301,3728280,1360772,,,,,,,,100.000,32.800,273.000,0,8079956,true,partial:gpu_util_N/R|fps_N/R
RUN-20260919-004,redmi-note-8,94,2026-09-19T15:18:18.776Z,94008,startup,true,false,1,0,35.938,10.417,,0.000,157476,,85556,,31884,1301,3728280,1362064,,,,,,,,100.000,32.800,273.000,0,8079956,true,partial:gpu_util_N/R|fps_N/R
RUN-20260919-004,redmi-note-8,95,2026-09-19T15:18:19.991Z,95000,startup,true,false,1,0,32.625,11.000,,0.000,157104,,85350,,31884,1301,3728280,1363384,,,,,,,,100.000,32.800,273.000,0,8079956,true,partial:gpu_util_N/R|fps_N/R
RUN-20260919-004,redmi-note-8,96,2026-09-19T15:18:20.786Z,96000,startup,true,false,1,0,30.350,11.673,,0.000,156920,,85350,,31884,1301,3728280,1363148,,,,,,,,100.000,32.800,273.000,0,8079956,true,partial:gpu_util_N/R|fps_N/R
RUN-20260919-004,redmi-note-8,97,2026-09-19T15:18:21.808Z,97000,startup,true,false,1,0,31.226,11.757,,0.000,156752,,85350,,31884,1301,3728280,1364192,,,,,,,,100.000,32.800,273.000,0,8079956,true,partial:gpu_util_N/R|fps_N/R
RUN-20260919-004,redmi-note-8,98,2026-09-19T15:18:22.805Z,98000,startup,true,false,1,0,31.100,10.493,,0.000,156608,,85350,,31884,1301,3728280,1364064,,,,,,,,100.000,32.800,273.000,0,8079956,true,partial:gpu_util_N/R|fps_N/R
RUN-20260919-004,redmi-note-8,99,2026-09-19T15:18:23.785Z,99000,startup,true,false,1,0,28.968,11.111,,0.000,156484,,85350,,31884,1301,3728280,1366184,,,,,,,,100.000,32.800,273.000,0,8079956,true,partial:gpu_util_N/R|fps_N/R
RUN-20260919-004,redmi-note-8,100,2026-09-19T15:18:26.763Z,100000,startup,true,false,1,0,27.922,10.260,,0.000,156480,,85072,,31884,1301,3728280,1365676,,,,,,,,100.000,32.800,351.000,0,8079960,true,partial:gpu_util_N/R|fps_N/R
RUN-20260919-004,redmi-note-8,101,2026-09-19T15:18:27.253Z,102472,startup,true,false,1,0,35.973,11.232,,0.000,156376,,85072,,31884,1301,3728280,1361968,,,,,,,,100.000,32.800,351.000,0,8079960,true,partial:gpu_util_N/R|fps_N/R
RUN-20260919-004,redmi-note-8,102,2026-09-19T15:18:27.744Z,102962,startup,true,false,1,0,33.600,11.200,,0.000,156376,,85072,,31884,1301,3728280,1363276,,,,,,,,100.000,32.800,351.000,0,8079960,true,partial:gpu_util_N/R|fps_N/R
RUN-20260919-004,redmi-note-8,103,2026-09-19T15:18:28.205Z,103452,startup,true,false,1,0,37.240,11.198,,0.000,156376,,85072,,31884,1301,3728280,1363848,,,,,,,,100.000,32.800,351.000,0,8079960,true,partial:gpu_util_N/R|fps_N/R
RUN-20260919-004,redmi-note-8,104,2026-09-19T15:18:28.763Z,104000,startup,true,false,1,0,32.558,11.395,,0.000,156212,,85072,,31884,1301,3728280,1365556,,,,,,,,100.000,32.800,351.000,0,8079960,true,partial:gpu_util_N/R|fps_N/R
RUN-20260919-004,redmi-note-8,105,2026-09-19T15:18:29.958Z,105000,startup,true,false,1,0,31.304,10.807,,0.000,155176,,85006,,31884,1301,3728280,1367376,,,,,,,,100.000,32.800,351.000,0,8079960,true,partial:gpu_util_N/R|fps_N/R
RUN-20260919-004,redmi-note-8,106,2026-09-19T15:18:30.796Z,106000,startup,true,false,1,0,32.246,11.041,,0.000,155092,,85006,,31884,1301,3728280,1368924,,,,,,,,100.000,32.800,351.000,0,8079960,true,partial:gpu_util_N/R|fps_N/R
RUN-20260919-004,redmi-note-8,107,2026-09-19T15:18:31.790Z,107000,startup,true,false,1,0,31.801,10.728,,0.000,155008,,85006,,31884,1301,3728280,1370180,,,,,,,,100.000,32.800,351.000,0,8079960,true,partial:gpu_util_N/R|fps_N/R
RUN-20260919-004,redmi-note-8,108,2026-09-19T15:18:32.791Z,108000,startup,true,false,1,0,30.721,10.872,,0.000,155008,,85006,,31884,1301,3728280,1373088,,,,,,,,100.000,32.800,351.000,0,8079960,true,partial:gpu_util_N/R|fps_N/R
RUN-20260919-004,redmi-note-8,109,2026-09-19T15:18:33.772Z,109000,startup,true,false,1,0,28.895,11.052,,0.000,154988,,85006,,31884,1301,3728280,1374988,,,,,,,,100.000,32.800,351.000,0,8079960,true,partial:gpu_util_N/R|fps_N/R
RUN-20260919-004,redmi-note-8,110,2026-09-19T15:18:36.876Z,110000,startup,true,false,1,0,29.733,11.055,,0.000,154964,,85033,,31884,1313,3728280,1376292,,,,,,,,100.000,32.900,156.000,0,8079940,true,partial:gpu_util_N/R|fps_N/R
RUN-20260919-004,redmi-note-8,111,2026-09-19T15:18:37.372Z,112584,startup,true,false,1,0,35.347,11.083,,0.000,154896,,85033,,31884,1313,3728280,1375032,,,,,,,,100.000,32.900,156.000,0,8079940,true,partial:gpu_util_N/R|fps_N/R
RUN-20260919-004,redmi-note-8,112,2026-09-19T15:18:37.847Z,113080,startup,true,false,1,0,34.635,10.677,,0.000,154888,,85033,,31884,1313,3728280,1376488,,,,,,,,100.000,32.900,156.000,0,8079940,true,partial:gpu_util_N/R|fps_N/R
RUN-20260919-004,redmi-note-8,113,2026-09-19T15:18:38.325Z,113556,startup,true,false,1,0,33.333,10.933,,0.000,154876,,85033,,31884,1313,3728280,1377132,,,,,,,,100.000,32.900,156.000,0,8079940,true,partial:gpu_util_N/R|fps_N/R
RUN-20260919-004,redmi-note-8,114,2026-09-19T15:18:38.830Z,114034,startup,true,false,1,0,35.000,10.789,,0.000,154868,,85033,,31884,1313,3728280,1375980,,,,,,,,100.000,32.900,156.000,0,8079940,true,partial:gpu_util_N/R|fps_N/R
RUN-20260919-004,redmi-note-8,115,2026-09-19T15:18:39.996Z,115000,startup,true,false,1,0,31.806,10.864,,0.000,154860,,85016,,31884,1313,3728280,1377392,,,,,,,,100.000,32.900,156.000,0,8079940,true,partial:gpu_util_N/R|fps_N/R
RUN-20260919-004,redmi-note-8,116,2026-09-19T15:18:40.766Z,116000,startup,true,false,1,0,31.818,10.985,,0.000,154676,,85016,,31884,1313,3728280,1379192,,,,,,,,100.000,32.900,156.000,0,8079940,true,partial:gpu_util_N/R|fps_N/R
RUN-20260919-004,redmi-note-8,117,2026-09-19T15:18:41.792Z,117000,startup,true,false,1,0,30.779,10.678,,0.000,154072,,85016,,31884,1313,3728280,1379392,,,,,,,,100.000,32.900,156.000,0,8079940,true,partial:gpu_util_N/R|fps_N/R
RUN-20260919-004,redmi-note-8,118,2026-09-19T15:18:42.792Z,118000,startup,true,false,1,0,29.373,11.227,,0.000,154048,,85016,,31884,1313,3728280,1381260,,,,,,,,100.000,32.900,156.000,0,8079940,true,partial:gpu_util_N/R|fps_N/R
RUN-20260919-004,redmi-note-8,119,2026-09-19T15:18:43.755Z,119000,startup,true,false,1,0,30.859,11.328,,0.000,153980,,85016,,31884,1313,3728280,1381924,,,,,,,,100.000,32.900,156.000,0,8079940,true,partial:gpu_util_N/R|fps_N/R
RUN-20260919-004,redmi-note-8,120,2026-09-19T15:18:46.828Z,120000,startup,true,false,1,0,29.367,11.266,,0.000,153968,,84937,,31884,1313,3728280,1385048,,,,,,,,100.000,33.100,312.000,0,8079940,true,partial:gpu_util_N/R|fps_N/R
RUN-20260919-004,redmi-note-8,121,2026-09-19T15:18:47.317Z,122537,startup,true,false,1,0,36.593,10.786,,0.000,153656,,84937,,31884,1313,3728280,1379248,,,,,,,,100.000,33.100,312.000,0,8079940,true,partial:gpu_util_N/R|fps_N/R
RUN-20260919-004,redmi-note-8,122,2026-09-19T15:18:47.784Z,123025,startup,true,false,1,0,34.959,11.111,,0.000,153636,,84937,,31884,1313,3728280,1379856,,,,,,,,100.000,33.100,312.000,0,8079940,true,partial:gpu_util_N/R|fps_N/R
RUN-20260919-004,redmi-note-8,123,2026-09-19T15:18:48.276Z,123493,startup,true,false,1,0,32.979,10.904,,0.000,153616,,84937,,31884,1313,3728280,1380276,,,,,,,,100.000,33.100,312.000,0,8079940,true,partial:gpu_util_N/R|fps_N/R
RUN-20260919-004,redmi-note-8,124,2026-09-19T15:18:48.786Z,124000,startup,true,false,1,0,31.135,11.609,,0.000,153608,,84937,,31884,1313,3728280,1380828,,,,,,,,100.000,33.100,312.000,0,8079940,true,partial:gpu_util_N/R|fps_N/R
RUN-20260919-004,redmi-note-8,125,2026-09-19T15:18:49.963Z,125000,startup,true,false,1,0,29.209,10.969,,0.000,153600,,84805,,31884,1313,3728280,1382672,,,,,,,,100.000,33.100,312.000,0,8079940,true,partial:gpu_util_N/R|fps_N/R
RUN-20260919-004,redmi-note-8,126,2026-09-19T15:18:50.780Z,126000,startup,true,false,1,0,31.620,12.339,,0.000,153816,,84805,,31884,1313,3728280,1383548,,,,,,,,100.000,33.100,312.000,0,8079940,true,partial:gpu_util_N/R|fps_N/R
RUN-20260919-004,redmi-note-8,127,2026-09-19T15:18:51.778Z,127000,startup,true,false,1,0,33.712,11.237,,0.000,155388,,84805,,31884,1313,3728280,1383208,,,,,,,,100.000,33.100,312.000,0,8079940,true,partial:gpu_util_N/R|fps_N/R
RUN-20260919-004,redmi-note-8,128,2026-09-19T15:18:52.797Z,128000,startup,true,false,1,0,25.063,5.542,,0.000,155336,,84805,,31884,1313,3728280,1382960,,,,,,,,100.000,33.100,312.000,0,8079940,true,partial:gpu_util_N/R|fps_N/R
RUN-20260919-004,redmi-note-8,129,2026-09-19T15:18:53.816Z,129000,startup,true,false,1,0,16.774,4.129,,0.000,155240,,84805,,31884,1313,3728280,1384140,,,,,,,,100.000,33.100,312.000,0,8079940,true,partial:gpu_util_N/R|fps_N/R
RUN-20260919-004,redmi-note-8,130,2026-09-19T15:18:56.964Z,130000,startup,true,false,1,0,24.677,7.106,,0.000,155144,,86223,,31884,1313,3728280,1385708,,,,,,,,100.000,33.100,117.000,0,7719764,true,partial:gpu_util_N/R|fps_N/R
RUN-20260919-004,redmi-note-8,131,2026-09-19T15:18:57.481Z,132672,startup,true,false,1,0,27.962,5.468,,0.000,154124,,86223,,31884,1313,3728280,1369848,,,,,,,,100.000,33.100,117.000,0,7719764,true,partial:gpu_util_N/R|fps_N/R
RUN-20260919-004,redmi-note-8,132,2026-09-19T15:18:57.983Z,133190,startup,true,false,1,0,30.657,3.893,,0.000,154280,,86223,,31884,1313,3728280,1424200,,,,,,,,100.000,33.100,117.000,0,7719764,true,partial:gpu_util_N/R|fps_N/R
RUN-20260919-004,redmi-note-8,133,2026-09-19T15:18:58.486Z,133691,startup,true,false,1,0,31.622,10.000,,0.000,154312,,86223,,31884,1313,3728280,1424672,,,,,,,,100.000,33.100,117.000,0,7719764,true,partial:gpu_util_N/R|fps_N/R
RUN-20260919-004,redmi-note-8,134,2026-09-19T15:18:59.014Z,134195,startup,true,false,1,0,25.060,3.614,,0.000,154312,,86223,,31884,1313,3728280,1425632,,,,,,,,100.000,33.100,117.000,0,7719764,true,partial:gpu_util_N/R|fps_N/R
RUN-20260919-004,redmi-note-8,135,2026-09-19T15:18:59.941Z,135000,startup,true,false,1,0,27.358,6.132,,0.000,154288,,85593,,31884,1313,3728280,1424688,,,,,,,,100.000,33.100,117.000,0,7719764,true,partial:gpu_util_N/R|fps_N/R
RUN-20260919-004,redmi-note-8,136,2026-09-19T15:19:00.742Z,136000,startup,true,false,1,0,22.523,4.762,,0.000,154068,,85593,,31884,1313,3728280,1418384,,,,,,,,100.000,33.100,117.000,0,7719764,true,partial:gpu_util_N/R|fps_N/R
RUN-20260919-004,redmi-note-8,137,2026-09-19T15:19:01.786Z,137000,startup,true,false,1,0,25.791,5.718,,0.000,153900,,85593,,31884,1313,3728280,1419396,,,,,,,,100.000,33.100,117.000,0,7719764,true,partial:gpu_util_N/R|fps_N/R
RUN-20260919-004,redmi-note-8,138,2026-09-19T15:19:02.756Z,138000,startup,true,false,1,0,18.336,4.811,,0.000,153896,,85593,,31884,1313,3728280,1419788,,,,,,,,100.000,33.100,117.000,0,7719764,true,partial:gpu_util_N/R|fps_N/R
RUN-20260919-004,redmi-note-8,139,2026-09-19T15:19:03.792Z,139000,startup,true,false,1,0,25.926,5.556,,0.000,153884,,85593,,31884,1313,3728280,1415272,,,,,,,,100.000,33.100,117.000,0,7719764,true,partial:gpu_util_N/R|fps_N/R
RUN-20260919-004,redmi-note-8,140,2026-09-19T15:19:06.815Z,140000,startup,true,false,1,0,20.546,5.852,,0.000,153868,,85180,,31884,1313,3728280,1417908,,,,,,,,100.000,33.200,117.000,0,7318096,true,partial:gpu_util_N/R|fps_N/R
RUN-20260919-004,redmi-note-8,141,2026-09-19T15:19:07.300Z,142524,startup,true,false,1,0,26.228,4.810,,0.000,153996,,85180,,31884,1313,3728280,1410392,,,,,,,,100.000,33.200,117.000,0,7318096,true,partial:gpu_util_N/R|fps_N/R
RUN-20260919-004,redmi-note-8,142,2026-09-19T15:19:07.801Z,143009,startup,true,false,1,0,20.611,3.308,,0.000,153976,,85180,,31884,1313,3728280,1410964,,,,,,,,100.000,33.200,117.000,0,7318096,true,partial:gpu_util_N/R|fps_N/R
RUN-20260919-004,redmi-note-8,143,2026-09-19T15:19:08.338Z,143509,startup,true,false,1,0,21.642,2.736,,0.000,153956,,85180,,31884,1313,3728280,1411544,,,,,,,,100.000,33.200,117.000,0,7318096,true,partial:gpu_util_N/R|fps_N/R
RUN-20260919-004,redmi-note-8,144,2026-09-19T15:19:08.858Z,144047,startup,true,false,1,0,20.000,2.619,,0.000,153956,,85180,,31884,1313,3728280,1411136,,,,,,,,100.000,33.200,117.000,0,7318096,true,partial:gpu_util_N/R|fps_N/R
RUN-20260919-004,redmi-note-8,145,2026-09-19T15:19:09.985Z,145000,startup,true,false,1,0,17.196,2.778,,0.000,153924,,84996,,31884,1313,3728280,1409728,,,,,,,,100.000,33.200,117.000,0,7318096,true,partial:gpu_util_N/R|fps_N/R
RUN-20260919-004,redmi-note-8,146,2026-09-19T15:19:10.759Z,146000,startup,true,false,1,0,15.959,3.475,,0.000,153876,,84996,,31884,1313,3728280,1410840,,,,,,,,100.000,33.200,117.000,0,7318096,true,partial:gpu_util_N/R|fps_N/R
RUN-20260919-004,redmi-note-8,147,2026-09-19T15:19:11.700Z,147000,startup,true,false,1,0,28.165,6.460,,0.000,153840,,84996,,31884,1313,3728280,1408572,,,,,,,,100.000,33.200,117.000,0,7318096,true,partial:gpu_util_N/R|fps_N/R
RUN-20260919-004,redmi-note-8,148,2026-09-19T15:19:12.777Z,148000,startup,true,false,1,0,18.680,4.234,,0.000,153840,,84996,,31884,1313,3728280,1408812,,,,,,,,100.000,33.200,117.000,0,7318096,true,partial:gpu_util_N/R|fps_N/R
RUN-20260919-004,redmi-note-8,149,2026-09-19T15:19:13.781Z,149000,startup,true,false,1,0,27.665,5.988,,0.000,153784,,84996,,31884,1313,3728280,1409696,,,,,,,,100.000,33.200,117.000,0,7318096,true,partial:gpu_util_N/R|fps_N/R
RUN-20260919-004,redmi-note-8,150,2026-09-19T15:19:16.826Z,150000,startup,true,false,1,0,14.536,3.769,,0.000,153788,,84999,,31884,1313,3728280,1409592,,,,,,,,100.000,33.300,273.000,0,7034060,true,partial:gpu_util_N/R|fps_N/R
RUN-20260919-004,redmi-note-8,151,2026-09-19T15:19:17.334Z,152535,startup,true,false,1,0,34.746,10.518,,0.000,159704,,84999,,31884,1313,3728280,1397552,,,,,,,,100.000,33.300,273.000,0,7034060,true,partial:gpu_util_N/R|fps_N/R
RUN-20260919-004,redmi-note-8,152,2026-09-19T15:19:17.819Z,153043,startup,true,false,1,0,31.070,10.183,,0.000,159696,,84999,,31884,1313,3728280,1396768,,,,,,,,100.000,33.300,273.000,0,7034060,true,partial:gpu_util_N/R|fps_N/R
RUN-20260919-004,redmi-note-8,153,2026-09-19T15:19:18.319Z,153527,startup,true,false,1,0,31.481,10.582,,0.000,159688,,84999,,31884,1313,3728280,1398804,,,,,,,,100.000,33.300,273.000,0,7034060,true,partial:gpu_util_N/R|fps_N/R
RUN-20260919-004,redmi-note-8,154,2026-09-19T15:19:18.817Z,154027,startup,true,false,1,0,30.343,8.179,,0.000,159636,,84999,,31884,1313,3728280,1398792,,,,,,,,100.000,33.300,273.000,0,7034060,true,partial:gpu_util_N/R|fps_N/R
RUN-20260919-004,redmi-note-8,155,2026-09-19T15:19:19.997Z,155000,startup,true,false,1,0,17.029,3.329,,0.000,159620,,90404,,31884,1291,3728280,1398888,,,,,,,,100.000,33.300,273.000,0,7034060,true,partial:gpu_util_N/R|fps_N/R
RUN-20260919-004,redmi-note-8,156,2026-09-19T15:19:20.698Z,156000,startup,true,false,1,0,17.456,4.060,,0.000,157528,,90404,,31884,1291,3728280,1399908,,,,,,,,100.000,33.300,273.000,0,7034060,true,partial:gpu_util_N/R|fps_N/R
RUN-20260919-004,redmi-note-8,157,2026-09-19T15:19:21.825Z,157000,startup,true,false,1,0,24.318,7.236,,0.000,157484,,90404,,31884,1291,3728280,1398732,,,,,,,,100.000,33.300,273.000,0,7034060,true,partial:gpu_util_N/R|fps_N/R
RUN-20260919-004,redmi-note-8,158,2026-09-19T15:19:22.772Z,158000,startup,true,false,1,0,21.244,4.663,,0.000,157428,,90404,,31884,1291,3728280,1400280,,,,,,,,100.000,33.300,273.000,0,7034060,true,partial:gpu_util_N/R|fps_N/R
RUN-20260919-004,redmi-note-8,159,2026-09-19T15:19:23.836Z,159000,startup,true,false,1,0,16.137,3.178,,0.000,157640,,90404,,31884,1291,3728280,1399640,,,,,,,,100.000,33.300,273.000,0,7034060,true,partial:gpu_util_N/R|fps_N/R
RUN-20260919-004,redmi-note-8,160,2026-09-19T15:19:26.952Z,160000,startup,true,false,1,0,14.512,2.770,,0.000,157644,,88099,,31884,1291,3728280,1399552,,,,,,,,100.000,33.300,100.000,0,7034060,true,partial:gpu_util_N/R|fps_N/R
RUN-20260919-004,redmi-note-8,161,2026-09-19T15:19:27.456Z,162660,startup,true,false,1,0,30.458,8.103,,0.000,157280,,88099,,31884,1291,3728280,1394696,,,,,,,,100.000,33.300,100.000,0,7034060,true,partial:gpu_util_N/R|fps_N/R
RUN-20260919-004,redmi-note-8,162,2026-09-19T15:19:27.932Z,163164,startup,true,false,1,0,33.333,10.400,,0.000,157172,,88099,,31884,1291,3728280,1394840,,,,,,,,100.000,33.300,100.000,0,7034060,true,partial:gpu_util_N/R|fps_N/R
RUN-20260919-004,redmi-note-8,163,2026-09-19T15:19:28.395Z,163641,startup,true,false,1,0,31.461,11.236,,0.000,156236,,88099,,31884,1291,3728280,1396340,,,,,,,,100.000,33.300,100.000,0,7034060,true,partial:gpu_util_N/R|fps_N/R
RUN-20260919-004,redmi-note-8,164,2026-09-19T15:19:28.874Z,164103,startup,true,false,1,0,37.634,11.828,,0.000,156144,,88099,,31884,1291,3728280,1395856,,,,,,,,100.000,33.300,100.000,0,7034060,true,partial:gpu_util_N/R|fps_N/R
RUN-20260919-004,redmi-note-8,165,2026-09-19T15:19:29.967Z,165000,startup,true,false,1,0,23.055,5.658,,0.000,156144,,87135,,31884,1567,3728280,1397396,,,,,,,,100.000,33.300,100.000,0,7034060,true,partial:gpu_util_N/R|fps_N/R
RUN-20260919-004,redmi-note-8,166,2026-09-19T15:19:30.786Z,166000,startup,true,false,1,0,22.756,6.827,,0.000,155440,,87135,,31884,1567,3728280,1396176,,,,,,,,100.000,33.300,100.000,0,7034060,true,partial:gpu_util_N/R|fps_N/R
RUN-20260919-004,redmi-note-8,167,2026-09-19T15:19:31.744Z,167000,startup,true,false,1,0,25.699,4.927,,0.000,155492,,87135,,31884,1567,3728280,1385776,,,,,,,,100.000,33.300,100.000,0,7034060,true,partial:gpu_util_N/R|fps_N/R
RUN-20260919-004,redmi-note-8,168,2026-09-19T15:19:32.702Z,168000,startup,true,false,1,0,28.774,4.645,,0.000,155456,,87135,,31884,1567,3728280,1360644,,,,,,,,100.000,33.300,100.000,0,7034060,true,partial:gpu_util_N/R|fps_N/R
RUN-20260919-004,redmi-note-8,169,2026-09-19T15:19:33.757Z,169000,startup,true,false,1,0,25.550,5.379,,0.000,155404,,87135,,31884,1567,3728280,1365752,,,,,,,,100.000,33.300,100.000,0,7034060,true,partial:gpu_util_N/R|fps_N/R
RUN-20260919-004,redmi-note-8,170,2026-09-19T15:19:36.772Z,170000,startup,true,false,1,0,26.289,4.403,,0.000,155228,,85899,,31884,1567,3728280,1359724,,,,,,,,100.000,33.400,390.000,0,6616800,true,partial:gpu_util_N/R|fps_N/R
RUN-20260919-004,redmi-note-8,171,2026-09-19T15:19:37.184Z,172481,startup,true,false,1,0,31.896,4.571,,0.000,154512,,85899,,31884,1567,3728280,1334120,,,,,,,,100.000,33.400,390.000,0,6616800,true,partial:gpu_util_N/R|fps_N/R
RUN-20260919-004,redmi-note-8,172,2026-09-19T15:19:37.644Z,172893,startup,true,false,1,0,30.448,5.075,,0.000,154496,,85899,,31884,1567,3728280,1330124,,,,,,,,100.000,33.400,390.000,0,6616800,true,partial:gpu_util_N/R|fps_N/R
RUN-20260919-004,redmi-note-8,173,2026-09-19T15:19:38.136Z,173353,startup,true,false,1,0,30.270,5.946,,0.000,154496,,85899,,31884,1567,3728280,1331924,,,,,,,,100.000,33.400,390.000,0,6616800,true,partial:gpu_util_N/R|fps_N/R
RUN-20260919-004,redmi-note-8,174,2026-09-19T15:19:38.736Z,174000,startup,true,false,1,0,17.097,3.181,,0.000,154496,,85899,,31884,1567,3728280,1331540,,,,,,,,100.000,33.400,390.000,0,6616800,true,partial:gpu_util_N/R|fps_N/R
RUN-20260919-004,redmi-note-8,175,2026-09-19T15:19:39.956Z,175000,startup,true,false,1,0,11.772,3.307,,0.000,154500,,85398,,31884,1567,3728280,1331964,,,,,,,,100.000,33.400,390.000,0,6616800,true,partial:gpu_util_N/R|fps_N/R
RUN-20260919-004,redmi-note-8,176,2026-09-19T15:19:40.817Z,176000,startup,true,false,1,0,17.740,3.888,,0.000,154668,,85398,,31884,1567,3728280,1331472,,,,,,,,100.000,33.400,390.000,0,6616800,true,partial:gpu_util_N/R|fps_N/R
RUN-20260919-004,redmi-note-8,177,2026-09-19T15:19:41.743Z,177000,startup,true,false,1,0,20.284,4.134,,0.000,154784,,85398,,31884,1567,3728280,1330168,,,,,,,,100.000,33.400,390.000,0,6616800,true,partial:gpu_util_N/R|fps_N/R
RUN-20260919-004,redmi-note-8,178,2026-09-19T15:19:42.742Z,178000,startup,true,false,1,0,17.468,4.304,,0.000,154744,,85398,,31884,1567,3728280,1332688,,,,,,,,100.000,33.400,390.000,0,6616800,true,partial:gpu_util_N/R|fps_N/R
RUN-20260919-004,redmi-note-8,179,2026-09-19T15:19:43.828Z,179000,startup,true,false,1,0,21.883,4.034,,0.000,154744,,85398,,31884,1567,3728280,1330360,,,,,,,,100.000,33.400,390.000,0,6616800,true,partial:gpu_util_N/R|fps_N/R
RUN-20260919-004,redmi-note-8,180,2026-09-19T15:19:46.799Z,180000,startup,true,false,1,0,24.580,6.210,,0.000,154728,,85384,,31884,1567,3728280,1332980,,,,,,,,100.000,33.500,100.000,0,6359512,true,partial:gpu_util_N/R|fps_N/R
RUN-20260919-004,redmi-note-8,181,2026-09-19T15:19:47.238Z,182507,startup,true,false,1,0,29.692,5.561,,0.000,154808,,85384,,31884,1567,3728280,1329168,,,,,,,,100.000,33.500,100.000,0,6359512,true,partial:gpu_util_N/R|fps_N/R
RUN-20260919-004,redmi-note-8,182,2026-09-19T15:19:47.736Z,182947,startup,true,false,1,0,25.824,3.022,,0.000,154788,,85384,,31884,1567,3728280,1329056,,,,,,,,100.000,33.500,100.000,0,6359512,true,partial:gpu_util_N/R|fps_N/R
RUN-20260919-004,redmi-note-8,183,2026-09-19T15:19:48.276Z,183444,startup,true,false,1,0,19.395,3.023,,0.000,154780,,85384,,31884,1567,3728280,1329256,,,,,,,,100.000,33.500,100.000,0,6359512,true,partial:gpu_util_N/R|fps_N/R
RUN-20260919-004,redmi-note-8,184,2026-09-19T15:19:48.798Z,184000,startup,true,false,1,0,18.333,3.333,,0.000,154772,,85384,,31884,1567,3728280,1329292,,,,,,,,100.000,33.500,100.000,0,6359512,true,partial:gpu_util_N/R|fps_N/R
RUN-20260919-004,redmi-note-8,185,2026-09-19T15:19:49.919Z,185000,startup,true,false,1,0,16.180,3.183,,0.000,154776,,85407,,31884,1568,3728280,1336660,,,,,,,,100.000,33.500,100.000,0,6359512,true,partial:gpu_util_N/R|fps_N/R
RUN-20260919-004,redmi-note-8,186,2026-09-19T15:19:50.717Z,186000,startup,true,false,1,0,33.461,5.852,,0.000,154624,,85407,,31884,1568,3728280,1329180,,,,,,,,100.000,33.500,100.000,0,6359512,true,partial:gpu_util_N/R|fps_N/R
RUN-20260919-004,redmi-note-8,187,2026-09-19T15:19:51.712Z,187000,startup,true,false,1,0,14.691,3.093,,0.000,154620,,85407,,31884,1568,3728280,1327488,,,,,,,,100.000,33.500,100.000,0,6359512,true,partial:gpu_util_N/R|fps_N/R
RUN-20260919-004,redmi-note-8,188,2026-09-19T15:19:52.721Z,188000,startup,true,false,1,0,16.157,2.938,,0.000,154608,,85407,,31884,1568,3728280,1328160,,,,,,,,100.000,33.500,100.000,0,6359512,true,partial:gpu_util_N/R|fps_N/R
RUN-20260919-004,redmi-note-8,189,2026-09-19T15:19:53.721Z,189000,startup,true,false,1,0,15.522,3.562,,0.000,154608,,85407,,31884,1568,3728280,1327748,,,,,,,,100.000,33.500,100.000,0,6359512,true,partial:gpu_util_N/R|fps_N/R
RUN-20260919-004,redmi-note-8,190,2026-09-19T15:19:56.816Z,190000,startup,true,false,1,0,19.518,3.929,,0.000,154612,,85147,,31884,1568,3728280,1327484,,,,,,,,100.000,33.400,117.000,0,6060340,true,partial:gpu_util_N/R|fps_N/R
RUN-20260919-004,redmi-note-8,191,2026-09-19T15:19:57.332Z,192525,startup,true,false,1,0,34.560,6.216,,0.000,154548,,85147,,31884,1568,3728280,1375956,,,,,,,,100.000,33.400,117.000,0,6060340,true,partial:gpu_util_N/R|fps_N/R
RUN-20260919-004,redmi-note-8,192,2026-09-19T15:19:57.801Z,193040,startup,true,false,1,0,34.021,7.474,,0.000,154548,,85147,,31884,1568,3728280,1375820,,,,,,,,100.000,33.400,117.000,0,6060340,true,partial:gpu_util_N/R|fps_N/R
RUN-20260919-004,redmi-note-8,193,2026-09-19T15:19:58.304Z,193509,startup,true,false,1,0,24.500,3.500,,0.000,154540,,85147,,31884,1568,3728280,1374788,,,,,,,,100.000,33.400,117.000,0,6060340,true,partial:gpu_util_N/R|fps_N/R
RUN-20260919-004,redmi-note-8,194,2026-09-19T15:19:58.816Z,194012,startup,true,false,1,0,18.892,2.771,,0.000,154536,,85147,,31884,1568,3728280,1374380,,,,,,,,100.000,33.400,117.000,0,6060340,true,partial:gpu_util_N/R|fps_N/R
RUN-20260919-004,redmi-note-8,195,2026-09-19T15:19:59.957Z,195000,startup,true,false,1,0,13.469,3.265,,0.000,154540,,85190,,31884,1568,3728280,1375688,,,,,,,,100.000,33.400,117.000,0,6060340,true,partial:gpu_util_N/R|fps_N/R
RUN-20260919-004,redmi-note-8,196,2026-09-19T15:20:00.802Z,196000,startup,true,false,1,0,19.557,3.690,,0.000,154492,,85190,,31884,1568,3728280,1369928,,,,,,,,100.000,33.400,117.000,0,6060340,true,partial:gpu_util_N/R|fps_N/R
RUN-20260919-004,redmi-note-8,197,2026-09-19T15:20:01.775Z,197000,startup,true,false,1,0,22.090,5.688,,0.000,154572,,85190,,31884,1568,3728280,1370144,,,,,,,,100.000,33.400,117.000,0,6060340,true,partial:gpu_util_N/R|fps_N/R
RUN-20260919-004,redmi-note-8,198,2026-09-19T15:20:02.752Z,198000,startup,true,false,1,0,14.583,3.385,,0.000,154572,,85190,,31884,1568,3728280,1369892,,,,,,,,100.000,33.400,117.000,0,6060340,true,partial:gpu_util_N/R|fps_N/R
RUN-20260919-004,redmi-note-8,199,2026-09-19T15:20:03.790Z,199000,startup,true,false,1,0,16.043,3.016,,0.000,154572,,85190,,31884,1568,3728280,1367860,,,,,,,,100.000,33.400,117.000,0,6060340,true,partial:gpu_util_N/R|fps_N/R
RUN-20260919-004,redmi-note-8,200,2026-09-19T15:20:06.887Z,200000,startup,true,false,1,0,24.444,5.556,,0.000,154760,,85198,,31884,1568,3728280,1370028,,,,,,,,100.000,33.500,100.000,0,5790744,true,partial:gpu_util_N/R|fps_N/R
RUN-20260919-004,redmi-note-8,201,2026-09-19T15:20:07.353Z,202595,startup,true,false,1,0,36.513,7.893,,0.000,155508,,85198,,31884,1568,3728280,1371412,,,,,,,,100.000,33.500,100.000,0,5790744,true,partial:gpu_util_N/R|fps_N/R
RUN-20260919-004,redmi-note-8,202,2026-09-19T15:20:07.843Z,203061,startup,true,false,1,0,38.228,10.380,,0.000,155504,,85198,,31884,1568,3728280,1371280,,,,,,,,100.000,33.500,100.000,0,5790744,true,partial:gpu_util_N/R|fps_N/R
RUN-20260919-004,redmi-note-8,203,2026-09-19T15:20:08.324Z,203551,startup,true,false,1,0,34.908,9.449,,0.000,155504,,85198,,31884,1568,3728280,1371928,,,,,,,,100.000,33.500,100.000,0,5790744,true,partial:gpu_util_N/R|fps_N/R
RUN-20260919-004,redmi-note-8,204,2026-09-19T15:20:08.805Z,204033,startup,true,false,1,0,35.602,10.471,,0.000,155492,,85198,,31884,1568,3728280,1375000,,,,,,,,100.000,33.500,100.000,0,5790744,true,partial:gpu_util_N/R|fps_N/R
RUN-20260919-004,redmi-note-8,205,2026-09-19T15:20:10.036Z,205000,startup,true,false,1,0,28.072,9.056,,0.000,155452,,86014,,31884,1564,3728280,1376540,,,,,,,,100.000,33.500,100.000,0,5790744,true,partial:gpu_util_N/R|fps_N/R
RUN-20260919-004,redmi-note-8,206,2026-09-19T15:20:10.796Z,206000,startup,true,false,1,0,20.395,6.579,,0.000,154524,,86014,,31884,1564,3728280,1376792,,,,,,,,100.000,33.500,100.000,0,5790744,true,partial:gpu_util_N/R|fps_N/R
RUN-20260919-004,redmi-note-8,207,2026-09-19T15:20:11.772Z,207000,startup,true,false,1,0,31.477,9.974,,0.000,154500,,86014,,31884,1564,3728280,1376480,,,,,,,,100.000,33.500,100.000,0,5790744,true,partial:gpu_util_N/R|fps_N/R
RUN-20260919-004,redmi-note-8,208,2026-09-19T15:20:12.784Z,208000,startup,true,false,1,0,18.812,3.342,,0.000,154500,,86014,,31884,1564,3728280,1376168,,,,,,,,100.000,33.500,100.000,0,5790744,true,partial:gpu_util_N/R|fps_N/R
RUN-20260919-004,redmi-note-8,209,2026-09-19T15:20:13.813Z,209000,startup,true,false,1,0,15.737,2.850,,0.000,154464,,86014,,31884,1564,3728280,1375380,,,,,,,,100.000,33.500,100.000,0,5790744,true,partial:gpu_util_N/R|fps_N/R
RUN-20260919-004,redmi-note-8,210,2026-09-19T15:20:16.745Z,210000,startup,true,false,1,0,16.038,3.369,,0.000,154468,,85193,,31884,1564,3728280,1375508,,,,,,,,100.000,33.600,273.000,0,5790756,true,partial:gpu_util_N/R|fps_N/R
RUN-20260919-004,redmi-note-8,211,2026-09-19T15:20:17.258Z,212454,startup,true,false,1,0,33.265,9.877,,0.000,154400,,85193,,31884,1564,3728280,1369744,,,,,,,,100.000,33.600,273.000,0,5790756,true,partial:gpu_util_N/R|fps_N/R
RUN-20260919-004,redmi-note-8,212,2026-09-19T15:20:17.771Z,212966,startup,true,false,1,0,35.392,9.976,,0.000,154400,,85193,,31884,1564,3728280,1370268,,,,,,,,100.000,33.600,273.000,0,5790756,true,partial:gpu_util_N/R|fps_N/R
RUN-20260919-004,redmi-note-8,213,2026-09-19T15:20:18.245Z,213479,startup,true,false,1,0,37.653,10.269,,0.000,154796,,85193,,31884,1564,3728280,1371988,,,,,,,,100.000,33.600,273.000,0,5790756,true,partial:gpu_util_N/R|fps_N/R
RUN-20260919-004,redmi-note-8,214,2026-09-19T15:20:18.753Z,214000,startup,true,false,1,0,37.500,11.250,,0.000,154792,,85193,,31884,1564,3728280,1372556,,,,,,,,100.000,33.600,273.000,0,5790756,true,partial:gpu_util_N/R|fps_N/R
RUN-20260919-004,redmi-note-8,215,2026-09-19T15:20:20.040Z,215000,startup,true,false,1,0,17.748,3.060,,0.000,154916,,85649,,31884,1564,3728280,1373884,,,,,,,,100.000,33.600,273.000,0,5790756,true,partial:gpu_util_N/R|fps_N/R
RUN-20260919-004,redmi-note-8,216,2026-09-19T15:20:20.799Z,216000,startup,true,false,1,0,17.172,3.788,,0.000,154360,,85649,,31884,1564,3728280,1373324,,,,,,,,100.000,33.600,273.000,0,5790756,true,partial:gpu_util_N/R|fps_N/R
RUN-20260919-004,redmi-note-8,217,2026-09-19T15:20:21.779Z,217000,startup,true,false,1,0,15.200,3.067,,0.000,154356,,85649,,31884,1564,3728280,1374960,,,,,,,,100.000,33.600,273.000,0,5790756,true,partial:gpu_util_N/R|fps_N/R
RUN-20260919-004,redmi-note-8,218,2026-09-19T15:20:22.808Z,218000,startup,true,false,1,0,22.362,6.658,,0.000,154416,,85649,,31884,1564,3728280,1377048,,,,,,,,100.000,33.600,273.000,0,5790756,true,partial:gpu_util_N/R|fps_N/R
RUN-20260919-004,redmi-note-8,219,2026-09-19T15:20:23.761Z,219000,startup,true,false,1,0,19.338,4.962,,0.000,154416,,85649,,31884,1564,3728280,1377844,,,,,,,,100.000,33.600,273.000,0,5790756,true,partial:gpu_util_N/R|fps_N/R
RUN-20260919-004,redmi-note-8,220,2026-09-19T15:20:26.813Z,220000,startup,true,false,1,0,24.381,5.346,,0.000,154408,,85156,,31884,1564,3728280,1376776,,,,,,,,100.000,33.600,234.000,0,5400084,true,partial:gpu_util_N/R|fps_N/R
RUN-20260919-004,redmi-note-8,221,2026-09-19T15:20:27.335Z,222521,startup,true,false,1,0,25.387,4.698,,0.000,154468,,85156,,31884,1564,3728280,1368752,,,,,,,,100.000,33.600,234.000,0,5400084,true,partial:gpu_util_N/R|fps_N/R
RUN-20260919-004,redmi-note-8,222,2026-09-19T15:20:27.857Z,223043,startup,true,false,1,0,22.454,2.778,,0.000,154468,,85156,,31884,1564,3728280,1368256,,,,,,,,100.000,33.600,234.000,0,5400084,true,partial:gpu_util_N/R|fps_N/R
RUN-20260919-004,redmi-note-8,223,2026-09-19T15:20:28.395Z,223566,startup,true,false,1,0,22.038,2.844,,0.000,154468,,85156,,31884,1564,3728280,1369692,,,,,,,,100.000,33.600,234.000,0,5400084,true,partial:gpu_util_N/R|fps_N/R
RUN-20260919-004,redmi-note-8,224,2026-09-19T15:20:28.917Z,224104,startup,true,false,1,0,20.650,2.552,,0.000,154468,,85156,,31884,1564,3728280,1369288,,,,,,,,100.000,33.600,234.000,0,5400084,true,partial:gpu_util_N/R|fps_N/R
RUN-20260919-004,redmi-note-8,225,2026-09-19T15:20:29.992Z,225000,startup,true,false,1,0,17.521,2.991,,0.000,154468,,85147,,31884,1564,3728280,1369916,,,,,,,,100.000,33.600,234.000,0,5400084,true,partial:gpu_util_N/R|fps_N/R
RUN-20260919-004,redmi-note-8,226,2026-09-19T15:20:30.762Z,226000,startup,true,false,1,0,22.846,6.919,,0.000,154312,,85147,,31884,1564,3728280,1369724,,,,,,,,100.000,33.600,234.000,0,5400084,true,partial:gpu_util_N/R|fps_N/R
RUN-20260919-004,redmi-note-8,227,2026-09-19T15:20:31.718Z,227000,startup,true,false,1,0,13.089,3.272,,0.000,154332,,85147,,31884,1564,3728280,1369264,,,,,,,,100.000,33.600,234.000,0,5400084,true,partial:gpu_util_N/R|fps_N/R
RUN-20260919-004,redmi-note-8,228,2026-09-19T15:20:32.793Z,228000,startup,true,false,1,0,27.340,5.049,,0.000,154428,,85147,,31884,1564,3728280,1365600,,,,,,,,100.000,33.600,234.000,0,5400084,true,partial:gpu_util_N/R|fps_N/R
RUN-20260919-004,redmi-note-8,229,2026-09-19T15:20:33.793Z,229000,startup,true,false,1,0,17.313,4.910,,0.000,154536,,85147,,31884,1564,3728280,1363924,,,,,,,,100.000,33.600,234.000,0,5400084,true,partial:gpu_util_N/R|fps_N/R
RUN-20260919-004,redmi-note-8,230,2026-09-19T15:20:36.750Z,230000,startup,true,false,1,0,23.118,5.511,,0.000,154536,,85200,,31884,1564,3728280,1362744,,,,,,,,100.000,33.600,156.000,0,5106220,true,partial:gpu_util_N/R|fps_N/R
RUN-20260919-004,redmi-note-8,231,2026-09-19T15:20:37.263Z,232459,startup,true,false,1,0,26.396,4.822,,0.000,154476,,85200,,31884,1564,3728280,1356536,,,,,,,,100.000,33.600,156.000,0,5106220,true,partial:gpu_util_N/R|fps_N/R
RUN-20260919-004,redmi-note-8,232,2026-09-19T15:20:37.774Z,232972,startup,true,false,1,0,23.278,2.613,,0.000,154476,,85200,,31884,1564,3728280,1357620,,,,,,,,100.000,33.600,156.000,0,5106220,true,partial:gpu_util_N/R|fps_N/R
RUN-20260919-004,redmi-note-8,233,2026-09-19T15:20:38.280Z,233483,startup,true,false,1,0,22.444,2.743,,0.000,154476,,85200,,31884,1564,3728280,1357248,,,,,,,,100.000,33.600,156.000,0,5106220,true,partial:gpu_util_N/R|fps_N/R
RUN-20260919-004,redmi-note-8,234,2026-09-19T15:20:38.773Z,234000,startup,true,false,1,0,21.905,3.095,,0.000,154476,,85200,,31884,1564,3728280,1357992,,,,,,,,100.000,33.600,156.000,0,5106220,true,partial:gpu_util_N/R|fps_N/R
RUN-20260919-004,redmi-note-8,235,2026-09-19T15:20:40.013Z,235000,startup,true,false,1,0,16.565,2.923,,0.000,154464,,85172,,31884,1564,3728280,1356296,,,,,,,,100.000,33.600,156.000,0,5106220,true,partial:gpu_util_N/R|fps_N/R
RUN-20260919-004,redmi-note-8,236,2026-09-19T15:20:40.796Z,236000,startup,true,false,1,0,16.775,3.641,,0.000,154516,,85172,,31884,1564,3728280,1357564,,,,,,,,100.000,33.600,156.000,0,5106220,true,partial:gpu_util_N/R|fps_N/R
RUN-20260919-004,redmi-note-8,237,2026-09-19T15:20:41.790Z,237000,startup,true,false,1,0,16.092,3.065,,0.000,154516,,85172,,31884,1564,3728280,1357360,,,,,,,,100.000,33.600,156.000,0,5106220,true,partial:gpu_util_N/R|fps_N/R
RUN-20260919-004,redmi-note-8,238,2026-09-19T15:20:42.783Z,238000,startup,true,false,1,0,22.543,7.208,,0.000,154616,,85172,,31884,1564,3728280,1357448,,,,,,,,100.000,33.600,156.000,0,5106220,true,partial:gpu_util_N/R|fps_N/R
RUN-20260919-004,redmi-note-8,239,2026-09-19T15:20:43.805Z,239000,startup,true,false,1,0,17.880,3.959,,0.000,154564,,85172,,31884,1564,3728280,1357992,,,,,,,,100.000,33.600,156.000,0,5106220,true,partial:gpu_util_N/R|fps_N/R
RUN-20260919-004,redmi-note-8,240,2026-09-19T15:20:46.894Z,240000,startup,true,false,1,0,24.324,7.207,,0.000,154640,,85193,,31884,1564,3728280,1359136,,,,,,,,100.000,33.600,100.000,0,4808720,true,partial:gpu_util_N/R|fps_N/R
RUN-20260919-004,redmi-note-8,241,2026-09-19T15:20:47.424Z,242602,startup,true,false,1,0,24.643,4.830,,0.000,154468,,85193,,31884,1564,3728280,1351056,,,,,,,,100.000,33.600,100.000,0,4808720,true,partial:gpu_util_N/R|fps_N/R
RUN-20260919-004,redmi-note-8,242,2026-09-19T15:20:47.972Z,243133,startup,true,false,1,0,21.749,3.073,,0.000,154468,,85193,,31884,1564,3728280,1351804,,,,,,,,100.000,33.600,100.000,0,4808720,true,partial:gpu_util_N/R|fps_N/R
RUN-20260919-004,redmi-note-8,243,2026-09-19T15:20:48.509Z,243680,startup,true,false,1,0,22.482,5.386,,0.000,154468,,85193,,31884,1564,3728280,1352520,,,,,,,,100.000,33.600,100.000,0,4808720,true,partial:gpu_util_N/R|fps_N/R
RUN-20260919-004,redmi-note-8,244,2026-09-19T15:20:49.036Z,244217,startup,true,false,1,0,23.218,3.218,,0.000,154468,,85193,,31884,1564,3728280,1352084,,,,,,,,100.000,33.600,100.000,0,4808720,true,partial:gpu_util_N/R|fps_N/R
RUN-20260919-004,redmi-note-8,245,2026-09-19T15:20:49.909Z,245000,startup,true,false,1,0,16.486,2.899,,0.000,154472,,85197,,31884,1564,3728280,1351344,,,,,,,,100.000,33.600,100.000,0,4808720,true,partial:gpu_util_N/R|fps_N/R
RUN-20260919-004,redmi-note-8,246,2026-09-19T15:20:50.721Z,246000,startup,true,false,1,0,15.530,3.535,,0.000,154352,,85197,,31884,1564,3728280,1350544,,,,,,,,100.000,33.600,100.000,0,4808720,true,partial:gpu_util_N/R|fps_N/R
RUN-20260919-004,redmi-note-8,247,2026-09-19T15:20:51.716Z,247000,startup,true,false,1,0,12.771,2.937,,0.000,154348,,85197,,31884,1564,3728280,1350552,,,,,,,,100.000,33.600,100.000,0,4808720,true,partial:gpu_util_N/R|fps_N/R
RUN-20260919-004,redmi-note-8,248,2026-09-19T15:20:52.764Z,248000,startup,true,false,1,0,18.758,5.342,,0.000,154348,,85197,,31884,1564,3728280,1351992,,,,,,,,100.000,33.600,100.000,0,4808720,true,partial:gpu_util_N/R|fps_N/R
RUN-20260919-004,redmi-note-8,249,2026-09-19T15:20:53.786Z,249000,startup,true,false,1,0,22.036,6.314,,0.000,155172,,85197,,31884,1564,3728280,1351528,,,,,,,,100.000,33.600,100.000,0,4808720,true,partial:gpu_util_N/R|fps_N/R
RUN-20260919-004,redmi-note-8,250,2026-09-19T15:20:56.805Z,250000,startup,true,false,1,0,26.718,9.415,,0.000,155176,,85924,,31884,1564,3728280,1351068,,,,,,,,100.000,33.700,234.000,0,4650000,true,partial:gpu_util_N/R|fps_N/R
RUN-20260919-004,redmi-note-8,251,2026-09-19T15:20:57.308Z,252514,startup,true,false,1,0,37.987,10.824,,0.000,154448,,85924,,31884,1564,3728280,1398116,,,,,,,,100.000,33.700,234.000,0,4650000,true,partial:gpu_util_N/R|fps_N/R
RUN-20260919-004,redmi-note-8,252,2026-09-19T15:20:57.795Z,253016,startup,true,false,1,0,35.961,10.099,,0.000,154400,,85924,,31884,1564,3728280,1397008,,,,,,,,100.000,33.700,234.000,0,4650000,true,partial:gpu_util_N/R|fps_N/R
RUN-20260919-004,redmi-note-8,253,2026-09-19T15:20:58.292Z,253503,startup,true,false,1,0,33.858,9.974,,0.000,154400,,85924,,31884,1564,3728280,1396680,,,,,,,,100.000,33.700,234.000,0,4650000,true,partial:gpu_util_N/R|fps_N/R
RUN-20260919-004,redmi-note-8,254,2026-09-19T15:20:58.805Z,254000,startup,true,false,1,0,31.750,11.000,,0.000,154448,,85924,,31884,1564,3728280,1397576,,,,,,,,100.000,33.700,234.000,0,4650000,true,partial:gpu_util_N/R|fps_N/R
RUN-20260919-004,redmi-note-8,255,2026-09-19T15:20:59.932Z,255000,startup,true,false,1,0,24.766,5.355,,0.000,154440,,85205,,31884,1564,3728280,1395620,,,,,,,,100.000,33.700,234.000,0,4650000,true,partial:gpu_util_N/R|fps_N/R
RUN-20260919-004,redmi-note-8,256,2026-09-19T15:21:00.804Z,256000,startup,true,false,1,0,20.958,4.192,,0.000,154560,,85205,,31884,1564,3728280,1390156,,,,,,,,100.000,33.700,234.000,0,4650000,true,partial:gpu_util_N/R|fps_N/R
RUN-20260919-004,redmi-note-8,257,2026-09-19T15:21:01.770Z,257000,startup,true,false,1,0,26.415,7.547,,0.000,154560,,85205,,31884,1564,3728280,1389600,,,,,,,,100.000,33.700,234.000,0,4650000,true,partial:gpu_util_N/R|fps_N/R
RUN-20260919-004,redmi-note-8,258,2026-09-19T15:21:02.794Z,258000,startup,true,false,1,0,30.693,10.149,,0.000,154560,,85205,,31884,1564,3728280,1391356,,,,,,,,100.000,33.700,234.000,0,4650000,true,partial:gpu_util_N/R|fps_N/R
RUN-20260919-004,redmi-note-8,259,2026-09-19T15:21:03.785Z,259000,startup,true,false,1,0,30.132,10.658,,0.000,154880,,85205,,31884,1564,3728280,1392928,,,,,,,,100.000,33.700,234.000,0,4650000,true,partial:gpu_util_N/R|fps_N/R
RUN-20260919-004,redmi-note-8,260,2026-09-19T15:21:06.743Z,260000,startup,true,false,1,0,17.772,4.005,,0.000,155032,,85628,,31884,1564,3728280,1392288,,,,,,,,99.000,33.700,117.000,0,4492032,true,partial:gpu_util_N/R|fps_N/R
RUN-20260919-004,redmi-note-8,261,2026-09-19T15:21:07.281Z,262452,startup,true,false,1,0,23.030,3.071,,0.000,154552,,85628,,31884,1564,3728280,1383728,,,,,,,,99.000,33.700,117.000,0,4492032,true,partial:gpu_util_N/R|fps_N/R
RUN-20260919-004,redmi-note-8,262,2026-09-19T15:21:07.808Z,262990,startup,true,false,1,0,21.226,3.302,,0.000,154552,,85628,,31884,1564,3728280,1383748,,,,,,,,99.000,33.700,117.000,0,4492032,true,partial:gpu_util_N/R|fps_N/R
RUN-20260919-004,redmi-note-8,263,2026-09-19T15:21:08.294Z,263516,startup,true,false,1,0,20.844,2.978,,0.000,154548,,85628,,31884,1564,3728280,1384084,,,,,,,,99.000,33.700,117.000,0,4492032,true,partial:gpu_util_N/R|fps_N/R
RUN-20260919-004,redmi-note-8,264,2026-09-19T15:21:08.754Z,264002,startup,true,false,1,0,33.058,7.713,,0.000,154536,,85628,,31884,1564,3728280,1385784,,,,,,,,99.000,33.700,117.000,0,4492032,true,partial:gpu_util_N/R|fps_N/R
RUN-20260919-004,redmi-note-8,265,2026-09-19T15:21:09.995Z,265000,startup,true,false,1,0,17.097,3.690,,0.000,154524,,85195,,31884,1564,3728280,1385012,,,,,,,,99.000,33.700,117.000,0,4492032,true,partial:gpu_util_N/R|fps_N/R
RUN-20260919-004,redmi-note-8,266,2026-09-19T15:21:10.779Z,266000,startup,true,false,1,0,20.182,5.729,,0.000,154436,,85195,,31884,1564,3728280,1384256,,,,,,,,99.000,33.700,117.000,0,4492032,true,partial:gpu_util_N/R|fps_N/R
RUN-20260919-004,redmi-note-8,267,2026-09-19T15:21:11.737Z,267000,startup,true,false,1,0,25.543,5.492,,0.000,154432,,85195,,31884,1564,3728280,1385004,,,,,,,,99.000,33.700,117.000,0,4492032,true,partial:gpu_util_N/R|fps_N/R
RUN-20260919-004,redmi-note-8,268,2026-09-19T15:21:12.746Z,268000,startup,true,false,1,0,17.969,4.427,,0.000,154492,,85195,,31884,1564,3728280,1384544,,,,,,,,99.000,33.700,117.000,0,4492032,true,partial:gpu_util_N/R|fps_N/R
RUN-20260919-004,redmi-note-8,269,2026-09-19T15:21:13.797Z,269000,startup,true,false,1,0,26.050,6.122,,0.000,154448,,85195,,31884,1564,3728280,1383008,,,,,,,,99.000,33.700,117.000,0,4492032,true,partial:gpu_util_N/R|fps_N/R
RUN-20260919-004,redmi-note-8,270,2026-09-19T15:21:16.824Z,270000,startup,true,false,1,0,19.280,3.985,,0.000,154452,,85102,,31884,1564,3728280,1383504,,,,,,,,99.000,33.800,312.000,0,4109524,true,partial:gpu_util_N/R|fps_N/R
RUN-20260919-004,redmi-note-8,271,2026-09-19T15:21:17.315Z,272532,startup,true,false,1,0,28.888,6.291,,0.000,154628,,85102,,31884,1564,3728280,1378368,,,,,,,,99.000,33.800,312.000,0,4109524,true,partial:gpu_util_N/R|fps_N/R
RUN-20260919-004,redmi-note-8,272,2026-09-19T15:21:17.856Z,273023,startup,true,false,1,0,29.923,4.859,,0.000,154620,,85102,,31884,1564,3728280,1377220,,,,,,,,99.000,33.800,312.000,0,4109524,true,partial:gpu_util_N/R|fps_N/R
RUN-20260919-004,redmi-note-8,273,2026-09-19T15:21:18.388Z,273565,startup,true,false,1,0,23.245,3.874,,0.000,154620,,85102,,31884,1564,3728280,1376964,,,,,,,,99.000,33.800,312.000,0,4109524,true,partial:gpu_util_N/R|fps_N/R
RUN-20260919-004,redmi-note-8,274,2026-09-19T15:21:18.876Z,274097,startup,true,false,1,0,24.018,4.619,,0.000,154620,,85102,,31884,1564,3728280,1377900,,,,,,,,99.000,33.800,312.000,0,4109524,true,partial:gpu_util_N/R|fps_N/R
RUN-20260919-004,redmi-note-8,275,2026-09-19T15:21:19.978Z,275000,startup,true,false,1,0,22.386,6.186,,0.000,154664,,85300,,31884,1564,3728280,1379804,,,,,,,,99.000,33.800,312.000,0,4109524,true,partial:gpu_util_N/R|fps_N/R
RUN-20260919-004,redmi-note-8,276,2026-09-19T15:21:20.730Z,276000,startup,true,false,1,0,26.302,6.380,,0.000,154520,,85300,,31884,1564,3728280,1380864,,,,,,,,99.000,33.800,312.000,0,4109524,true,partial:gpu_util_N/R|fps_N/R
RUN-20260919-004,redmi-note-8,277,2026-09-19T15:21:21.701Z,277000,startup,true,false,1,0,16.303,3.209,,0.000,154512,,85300,,31884,1564,3728280,1380032,,,,,,,,99.000,33.800,312.000,0,4109524,true,partial:gpu_util_N/R|fps_N/R
RUN-20260919-004,redmi-note-8,278,2026-09-19T15:21:22.797Z,278000,startup,true,false,1,0,17.506,3.118,,0.000,154476,,85300,,31884,1564,3728280,1378916,,,,,,,,99.000,33.800,312.000,0,4109524,true,partial:gpu_util_N/R|fps_N/R
RUN-20260919-004,redmi-note-8,279,2026-09-19T15:21:23.792Z,279000,startup,true,false,1,0,18.306,3.113,,0.000,154476,,85300,,31884,1564,3728280,1379576,,,,,,,,99.000,33.800,312.000,0,4109524,true,partial:gpu_util_N/R|fps_N/R
RUN-20260919-004,redmi-note-8,280,2026-09-19T15:21:26.731Z,280000,startup,true,false,1,0,14.572,3.075,,0.000,154480,,85139,,31884,1564,3728280,1379312,,,,,,,,99.000,33.800,312.000,0,3836472,true,partial:gpu_util_N/R|fps_N/R
RUN-20260919-004,redmi-note-8,281,2026-09-19T15:21:27.241Z,282439,startup,true,false,1,0,25.790,4.944,,0.000,154528,,85139,,31884,1564,3728280,1371472,,,,,,,,99.000,33.800,312.000,0,3836472,true,partial:gpu_util_N/R|fps_N/R
RUN-20260919-004,redmi-note-8,282,2026-09-19T15:21:27.731Z,282950,startup,true,false,1,0,29.563,6.941,,0.000,154752,,85139,,31884,1564,3728280,1373896,,,,,,,,99.000,33.800,312.000,0,3836472,true,partial:gpu_util_N/R|fps_N/R
RUN-20260919-004,redmi-note-8,283,2026-09-19T15:21:28.278Z,283440,startup,true,false,1,0,20.573,3.906,,0.000,154752,,85139,,31884,1564,3728280,1372944,,,,,,,,99.000,33.800,312.000,0,3836472,true,partial:gpu_util_N/R|fps_N/R
RUN-20260919-004,redmi-note-8,284,2026-09-19T15:21:28.799Z,284000,startup,true,false,1,0,25.164,5.252,,0.000,154752,,85139,,31884,1564,3728280,1374300,,,,,,,,99.000,33.800,312.000,0,3836472,true,partial:gpu_util_N/R|fps_N/R
RUN-20260919-004,redmi-note-8,285,2026-09-19T15:21:30.008Z,285000,startup,true,false,1,0,23.355,5.032,,0.000,154752,,85420,,31884,1564,3728280,1373704,,,,,,,,99.000,33.800,312.000,0,3836472,true,partial:gpu_util_N/R|fps_N/R
RUN-20260919-004,redmi-note-8,286,2026-09-19T15:21:30.754Z,286000,startup,true,false,1,0,23.916,6.965,,0.000,154360,,85420,,31884,1564,3728280,1373308,,,,,,,,99.000,33.800,312.000,0,3836472,true,partial:gpu_util_N/R|fps_N/R
RUN-20260919-004,redmi-note-8,287,2026-09-19T15:21:31.721Z,287000,startup,true,false,1,0,16.921,3.181,,0.000,154356,,85420,,31884,1564,3728280,1372316,,,,,,,,99.000,33.800,312.000,0,3836472,true,partial:gpu_util_N/R|fps_N/R
RUN-20260919-004,redmi-note-8,288,2026-09-19T15:21:32.814Z,288000,startup,true,false,1,0,16.766,3.092,,0.000,154356,,85420,,31884,1564,3728280,1373036,,,,,,,,99.000,33.800,312.000,0,3836472,true,partial:gpu_util_N/R|fps_N/R
RUN-20260919-004,redmi-note-8,289,2026-09-19T15:21:33.782Z,289000,startup,true,false,1,0,17.516,2.484,,0.000,154356,,85420,,31884,1564,3728280,1372732,,,,,,,,99.000,33.800,312.000,0,3836472,true,partial:gpu_util_N/R|fps_N/R
RUN-20260919-004,redmi-note-8,290,2026-09-19T15:21:36.622Z,290000,startup,true,false,1,0,15.591,3.898,,0.000,154360,,85195,,31884,1564,3728280,1374328,,,,,,,,99.000,33.800,195.000,0,3558984,true,partial:gpu_util_N/R|fps_N/R
RUN-20260919-004,redmi-note-8,291,2026-09-19T15:21:37.132Z,292331,startup,true,false,1,0,25.295,4.609,,0.000,154340,,85195,,31884,1564,3728280,1366564,,,,,,,,99.000,33.800,195.000,0,3558984,true,partial:gpu_util_N/R|fps_N/R
RUN-20260919-004,redmi-note-8,292,2026-09-19T15:21:37.614Z,292841,startup,true,false,1,0,26.992,6.427,,0.000,154336,,85195,,31884,1564,3728280,1365200,,,,,,,,99.000,33.800,195.000,0,3558984,true,partial:gpu_util_N/R|fps_N/R
RUN-20260919-004,redmi-note-8,293,2026-09-19T15:21:38.148Z,293322,startup,true,false,1,0,25.389,4.404,,0.000,154312,,85195,,31884,1564,3728280,1365300,,,,,,,,99.000,33.800,195.000,0,3558984,true,partial:gpu_util_N/R|fps_N/R
RUN-20260919-004,redmi-note-8,294,2026-09-19T15:21:38.812Z,294000,startup,true,false,1,0,18.677,3.502,,0.000,155968,,85195,,31884,1564,3728280,1365284,,,,,,,,99.000,33.800,195.000,0,3558984,true,partial:gpu_util_N/R|fps_N/R
RUN-20260919-004,redmi-note-8,295,2026-09-19T15:21:39.966Z,295000,startup,true,false,1,0,25.849,9.661,,0.000,155984,,86846,,31884,1564,3728280,1366536,,,,,,,,99.000,33.800,195.000,0,3558984,true,partial:gpu_util_N/R|fps_N/R
RUN-20260919-004,redmi-note-8,296,2026-09-19T15:21:40.764Z,296000,startup,true,false,1,0,28.831,11.299,,0.000,154432,,86846,,31884,1564,3728280,1366964,,,,,,,,99.000,33.800,195.000,0,3558984,true,partial:gpu_util_N/R|fps_N/R
RUN-20260919-004,redmi-note-8,297,2026-09-19T15:21:41.766Z,297000,startup,true,false,1,0,28.854,10.540,,0.000,154420,,86846,,31884,1564,3728280,1367312,,,,,,,,99.000,33.800,195.000,0,3558984,true,partial:gpu_util_N/R|fps_N/R
RUN-20260919-004,redmi-note-8,298,2026-09-19T15:21:42.800Z,298000,startup,true,false,1,0,28.518,10.212,,0.000,154404,,86846,,31884,1564,3728280,1369364,,,,,,,,99.000,33.800,195.000,0,3558984,true,partial:gpu_util_N/R|fps_N/R
RUN-20260919-004,redmi-note-8,299,2026-09-19T15:21:43.804Z,299000,startup,true,false,1,0,16.515,3.511,,0.000,154388,,86846,,31884,1564,3728280,1368868,,,,,,,,99.000,33.800,195.000,0,3558984,true,partial:gpu_util_N/R|fps_N/R
RUN-20260919-004,redmi-note-8,300,2026-09-19T15:21:46.903Z,300000,startup,true,false,1,0,15.757,2.854,,0.000,154336,,85186,,31884,1564,3728280,1368876,,,,,,,,99.000,33.900,117.000,0,3501104,true,partial:gpu_util_N/R|fps_N/R
