--------- beginning of main
09-20 16:47:22.856  1057 20417 I vendor.qti.bluetooth@1.0-ibs_handler: ProcessIbsCmd: Received IBS_WAKE_IND: 0xFD
09-20 16:47:22.856  1057 20417 D vendor.qti.bluetooth@1.0-ibs_handler: SerialClockVote: vote for UART CLK ON
09-20 16:47:22.857  1057 20417 D vendor.qti.bluetooth@1.0-wake_lock: Acquire wakelock is acquired 
09-20 16:47:22.857  1057 20417 I vendor.qti.bluetooth@1.0-ibs_handler: ProcessIbsCmd: Writing IBS_WAKE_ACK
09-20 16:47:22.862 13691  5162 I fpp     : Ranging Results Update: DeviceId=-993898835 Distance=6.309573444801933 (m) Type=BLE
09-20 16:47:22.898  1057 20417 I vendor.qti.bluetooth@1.0-ibs_handler: ProcessIbsCmd: Received IBS_SLEEP_IND: 0xFE
09-20 16:47:22.898  1057 20417 D vendor.qti.bluetooth@1.0-ibs_handler: SerialClockVote: vote for UART CLK OFF
09-20 16:47:22.933  1057 20417 I vendor.qti.bluetooth@1.0-ibs_handler: ProcessIbsCmd: Received IBS_WAKE_IND: 0xFD
09-20 16:47:22.933  1057 20417 D vendor.qti.bluetooth@1.0-ibs_handler: SerialClockVote: vote for UART CLK ON
09-20 16:47:22.933  1057 20417 I vendor.qti.bluetooth@1.0-ibs_handler: ProcessIbsCmd: Writing IBS_WAKE_ACK
09-20 16:47:22.938 13691  5162 I fpp     : Ranging Results Update: DeviceId=284665416 Distance=0.7943282347242815 (m) Type=BLE
09-20 16:47:22.974  1057 20417 I vendor.qti.bluetooth@1.0-ibs_handler: ProcessIbsCmd: Received IBS_SLEEP_IND: 0xFE
09-20 16:47:22.974  1057 20417 D vendor.qti.bluetooth@1.0-ibs_handler: SerialClockVote: vote for UART CLK OFF
09-20 16:47:23.124  1057 20410 D vendor.qti.bluetooth@1.0-wake_lock: Release wakelock is released 
09-20 16:47:23.192   653  3425 W libperfmgr: Failed to write to node: /sys/module/battery_saver/parameters/enabled with value: N, fd: -1
09-20 16:47:23.691  1085  1168 E WifiHAL : wifi_get_cached_scan_results: Wifi Cached Scan Result not supported by driver
09-20 16:47:23.692  1836  2452 E WifiStaIfaceAidlImpl: getCachedScanData failed with service-specific exception: android.os.ServiceSpecificException:  (code 4)
09-20 16:47:23.693   653  3425 W libperfmgr: Failed to write to node: /sys/module/battery_saver/parameters/enabled with value: N, fd: -1
09-20 16:47:24.193   653  3425 W libperfmgr: Failed to write to node: /sys/module/battery_saver/parameters/enabled with value: N, fd: -1
09-20 16:47:24.258 13691  5162 I NearbyMediums: Found Fast Ble Advertisements :
09-20 16:47:24.258 13691  5162 I NearbyMediums: BleAdvertisement { version=2, socketVersion=2, isFast=true, serviceIdHash=null, data=[ 0x23 0x47 0x32 0x58 0x4b 0x11 0x34 0x25 0x4f 0x17 0x07 0xa5 0x77 0xf3 0x70 0x2f 0x1a 0xc7 0xbe 0x97 0x39 0xfc 0x3c ], deviceToken=[ 0xf6 0x35 ], rxAdvertisement=null } : 2 times.
09-20 16:47:24.258 13691  5162 I NearbyMediums: Total 2 fast advertisements from 1 unique advertisers.
09-20 16:47:24.258 13691  5162 I NearbyMediums: Current Tracked Scanning Clients are : {NearbyConnections.EnvironmentMonitor, NearbySharing}
09-20 16:47:24.260 13691  5189 I NearbyConnections: Processing lost BlePeripheral BlePeripheral{advertisement=BleAdvertisement { version=2, socketVersion=2, isFast=true, serviceIdHash=null, data=[ 0x23 0x4d 0x56 0x52 0x4b 0x11 0x34 0xea 0x21 0xd1 0x31 0x61 0x4a 0x61 0x16 0x97 0x28 0xf1 0x4c 0x06 0x12 0xde 0x15 ], deviceToken=[ 0xf6 0x35 ], rxAdvertisement=null }, dctAdvertisement=null, address=null, psm=0, deviceToken=<ByteString@49d3cf9 size=2 contents="\3665">, isSecondProfile=false, rxInstantConnectionAdv=null}.
09-20 16:47:24.261 13691  5189 I NearbyConnections: Lost BleEndpoint for BlePeripheral BlePeripheral{advertisement=BleAdvertisement { version=2, socketVersion=2, isFast=true, serviceIdHash=null, data=[ 0x23 0x4d 0x56 0x52 0x4b 0x11 0x34 0xea 0x21 0xd1 0x31 0x61 0x4a 0x61 0x16 0x97 0x28 0xf1 0x4c 0x06 0x12 0xde 0x15 ], deviceToken=[ 0xf6 0x35 ], rxAdvertisement=null }, dctAdvertisement=null, address=null, psm=0, deviceToken=<ByteString@49d3cf9 size=2 contents="\3665">, isSecondProfile=false, rxInstantConnectionAdv=null} (with EndpointId MVRK and EndpointInfo [ 0x34 0xea 0x21 0xd1 0x31 0x61 0x4a 0x61 0x16 0x97 0x28 0xf1 0x4c 0x06 0x12 0xde 0x15 ]).
09-20 16:47:24.261 13691  5189 I NearbyConnections: Unable to record lost endpoint due to null currentDiscoveryPhase
09-20 16:47:24.261 13691  5189 I NearbyConnections: ClientProxy(119868159) reporting onEndpointLost(MVRK)
09-20 16:47:24.263 13691  5189 I NearbySharing: NearbySharing Internal event EndpointLost(endpointId=MVRK)
09-20 16:47:24.265 13691  5162 I NearbySharing: [NS_DISCOVERY] DiscoveryController reported Lost(endpointId=MVRK)
09-20 16:47:24.265 13691  5162 I NearbySharing: [NS_DEBUG] Can't find receiver with endpoint ID MVRK with origin NEARBY_CONNECTIONS.
09-20 16:47:24.348  1057 20417 I vendor.qti.bluetooth@1.0-ibs_handler: ProcessIbsCmd: Received IBS_WAKE_IND: 0xFD
09-20 16:47:24.348  1057 20417 D vendor.qti.bluetooth@1.0-ibs_handler: SerialClockVote: vote for UART CLK ON
09-20 16:47:24.349  1057 20417 D vendor.qti.bluetooth@1.0-wake_lock: Acquire wakelock is acquired 
09-20 16:47:24.349  1057 20417 I vendor.qti.bluetooth@1.0-ibs_handler: ProcessIbsCmd: Writing IBS_WAKE_ACK
09-20 16:47:24.354 13691  5191 I fpp     : Ranging Results Update: DeviceId=-993898835 Distance=7.943282347242816 (m) Type=BLE
09-20 16:47:24.400  1057 20417 I vendor.qti.bluetooth@1.0-ibs_handler: ProcessIbsCmd: Received IBS_SLEEP_IND: 0xFE
09-20 16:47:24.400  1057 20417 D vendor.qti.bluetooth@1.0-ibs_handler: SerialClockVote: vote for UART CLK OFF
09-20 16:47:24.465  1057 20417 I vendor.qti.bluetooth@1.0-ibs_handler: ProcessIbsCmd: Received IBS_WAKE_IND: 0xFD
09-20 16:47:24.465  1057 20417 D vendor.qti.bluetooth@1.0-ibs_handler: SerialClockVote: vote for UART CLK ON
09-20 16:47:24.465  1057 20417 I vendor.qti.bluetooth@1.0-ibs_handler: ProcessIbsCmd: Writing IBS_WAKE_ACK
09-20 16:47:24.469 13691  5191 I fpp     : Ranging Results Update: DeviceId=-993898835 Distance=6.309573444801933 (m) Type=BLE
09-20 16:47:24.508  1057 20417 I vendor.qti.bluetooth@1.0-ibs_handler: ProcessIbsCmd: Received IBS_SLEEP_IND: 0xFE
09-20 16:47:24.508  1057 20417 D vendor.qti.bluetooth@1.0-ibs_handler: SerialClockVote: vote for UART CLK OFF
09-20 16:47:24.658  1057 20410 D vendor.qti.bluetooth@1.0-wake_lock: Release wakelock is released 
09-20 16:47:24.694   653  3425 W libperfmgr: Failed to write to node: /sys/module/battery_saver/parameters/enabled with value: N, fd: -1
09-20 16:47:25.194   653  3425 W libperfmgr: Failed to write to node: /sys/module/battery_saver/parameters/enabled with value: N, fd: -1
09-20 16:47:25.598  5192  5192 W ATFWD-daemon: libminijail[5192]: failed to get path of fd 3: No such file or directory
09-20 16:47:25.598  5192  5192 W ATFWD-daemon: libminijail[5192]: allowing syscall: connect
09-20 16:47:25.598  5192  5192 W ATFWD-daemon: libminijail[5192]: allowing syscall: fcntl
09-20 16:47:25.598  5192  5192 W ATFWD-daemon: libminijail[5192]: allowing syscall: sendto
09-20 16:47:25.599  5192  5192 W ATFWD-daemon: libminijail[5192]: allowing syscall: socket
09-20 16:47:25.599  5192  5192 W ATFWD-daemon: libminijail[5192]: allowing syscall: writev
09-20 16:47:25.600  5192  5192 W ATFWD-daemon: libminijail[5192]: logging seccomp filter failures
09-20 16:47:25.600  5192  5192 E ATFWD-daemon: libminijail[5192]: blocked syscall: gettid
09-20 16:47:25.625  5193  5193 I flags_health_check: ServerConfigurableFlagsReset reset_mode value: 1
09-20 16:47:25.626  5193  5193 I flags_health_check: ServerConfigurableFlagsReset updatable crashing detected, resetting flags.
09-20 16:47:25.635  2733  2956 D ApfFilter: (wlan0): Ignoring RA RA fe80::1 -> ff02::1 0s DNS 900s fe80::1  which matches RA fe80::1 -> ff02::1 0s DNS 900s fe80::1 
09-20 16:47:25.695   653  3425 W libperfmgr: Failed to write to node: /sys/module/battery_saver/parameters/enabled with value: N, fd: -1
09-20 16:47:25.715  1057 20417 I vendor.qti.bluetooth@1.0-ibs_handler: ProcessIbsCmd: Received IBS_WAKE_IND: 0xFD
09-20 16:47:25.715  1057 20417 D vendor.qti.bluetooth@1.0-ibs_handler: SerialClockVote: vote for UART CLK ON
09-20 16:47:25.717  1057 20417 D vendor.qti.bluetooth@1.0-wake_lock: Acquire wakelock is acquired 
09-20 16:47:25.717  1057 20417 I vendor.qti.bluetooth@1.0-ibs_handler: ProcessIbsCmd: Writing IBS_WAKE_ACK
09-20 16:47:25.722 13691  5191 I fpp     : Ranging Results Update: DeviceId=-993898835 Distance=8.912509381337454 (m) Type=BLE
09-20 16:47:25.758  1057 20417 I vendor.qti.bluetooth@1.0-ibs_handler: ProcessIbsCmd: Received IBS_SLEEP_IND: 0xFE
09-20 16:47:25.758  1057 20417 D vendor.qti.bluetooth@1.0-ibs_handler: SerialClockVote: vote for UART CLK OFF
09-20 16:47:25.909  1057 20410 D vendor.qti.bluetooth@1.0-wake_lock: Release wakelock is released 
09-20 16:47:25.997  5026  5181 D AudioSystem: onNewServiceWithAdapter: media.audio_flinger service obtained 0x778045c560
09-20 16:47:25.999  5026  5181 D AudioSystem: getService: checking for service media.audio_flinger: 0x7780482f00
09-20 16:47:26.196   653  3425 W libperfmgr: Failed to write to node: /sys/module/battery_saver/parameters/enabled with value: N, fd: -1
09-20 16:47:26.202  5026  5181 I WinlatorProcess: Starting: /data/user/0/com.winlator/files/rootfs/usr/local/bin/box64 wine explorer /desktop=shell,1280x720 C:\windows\winhandler.exe /dir C:\windows "wfm.exe"
09-20 16:47:26.200  5199  5199 W pool-7-thread-1: type=1400 audit(0.0:927793): avc:  granted  { execute } for  name="box64" dev="mmcblk0p87" ino=20814 scontext=u:r:untrusted_app_27:s0:c145,c257,c512,c768 tcontext=u:object_r:app_data_file:s0:c145,c257,c512,c768 tclass=file app=com.winlator
09-20 16:47:26.200  5199  5199 W pool-7-thread-1: type=1400 audit(0.0:927794): avc:  granted  { execute_no_trans } for  path="/data/user/0/com.winlator/files/rootfs/usr/local/bin/box64" dev="mmcblk0p87" ino=20814 scontext=u:r:untrusted_app_27:s0:c145,c257,c512,c768 tcontext=u:object_r:app_data_file:s0:c145,c257,c512,c768 tclass=file app=com.winlator
09-20 16:47:26.200  5199  5199 W pool-7-thread-1: type=1400 audit(0.0:927795): avc:  granted  { execute } for  name="ld-linux-aarch64.so.1" dev="mmcblk0p87" ino=118031 scontext=u:r:untrusted_app_27:s0:c145,c257,c512,c768 tcontext=u:object_r:app_data_file:s0:c145,c257,c512,c768 tclass=file app=com.winlator
09-20 16:47:26.210  5199  5199 W box64   : type=1400 audit(0.0:927796): avc:  granted  { execute } for  path="/data/user/0/com.winlator/files/rootfs/usr/local/bin/box64" dev="mmcblk0p87" ino=20814 scontext=u:r:untrusted_app_27:s0:c145,c257,c512,c768 tcontext=u:object_r:app_data_file:s0:c145,c257,c512,c768 tclass=file app=com.winlator
09-20 16:47:26.210  5199  5199 W box64   : type=1400 audit(0.0:927797): avc:  granted  { execute } for  path="/data/data/com.winlator/files/rootfs/usr/lib/ld-linux-aarch64.so.1" dev="mmcblk0p87" ino=118031 scontext=u:r:untrusted_app_27:s0:c145,c257,c512,c768 tcontext=u:object_r:app_data_file:s0:c145,c257,c512,c768 tclass=file app=com.winlator
09-20 16:47:26.220  5199  5199 W box64   : type=1400 audit(0.0:927798): avc:  granted  { execute } for  path="/data/user/0/com.winlator/files/rootfs/usr/lib/libc.so.6" dev="mmcblk0p87" ino=117573 scontext=u:r:untrusted_app_27:s0:c145,c257,c512,c768 tcontext=u:object_r:app_data_file:s0:c145,c257,c512,c768 tclass=file app=com.winlator
09-20 16:47:26.610  2739  2739 D QtiCarrierConfigHelper: WARNING, no carrier configs on phone Id: 0
09-20 16:47:26.610  2739  2739 D QtiCarrierConfigHelper: WARNING, no carrier configs on phone Id: 1
09-20 16:47:26.696   653  3425 W libperfmgr: Failed to write to node: /sys/module/battery_saver/parameters/enabled with value: N, fd: -1
09-20 16:47:26.714  1085  1168 E WifiHAL : wifi_get_cached_scan_results: Wifi Cached Scan Result not supported by driver
09-20 16:47:26.715  1836  2452 E WifiStaIfaceAidlImpl: getCachedScanData failed with service-specific exception: android.os.ServiceSpecificException:  (code 4)
09-20 16:47:27.197   653  3425 W libperfmgr: Failed to write to node: /sys/module/battery_saver/parameters/enabled with value: N, fd: -1
09-20 16:47:27.233  1057 20417 I vendor.qti.bluetooth@1.0-ibs_handler: ProcessIbsCmd: Received IBS_WAKE_IND: 0xFD
09-20 16:47:27.234  1057 20417 D vendor.qti.bluetooth@1.0-ibs_handler: SerialClockVote: vote for UART CLK ON
09-20 16:47:27.220  5209  5209 W wineboot.exe: type=1400 audit(0.0:927867): avc:  granted  { execute } for  path="/data/user/0/com.winlator/files/rootfs/opt/wine/lib/wine/x86_64-windows/tzres.dll" dev="mmcblk0p87" ino=81477 scontext=u:r:untrusted_app_27:s0:c145,c257,c512,c768 tcontext=u:object_r:app_data_file:s0:c145,c257,c512,c768 tclass=file app=com.winlator
09-20 16:47:27.235  1057 20417 D vendor.qti.bluetooth@1.0-wake_lock: Acquire wakelock is acquired 
09-20 16:47:27.235  1057 20417 I vendor.qti.bluetooth@1.0-ibs_handler: ProcessIbsCmd: Writing IBS_WAKE_ACK
09-20 16:47:27.242 13691  5191 I fpp     : Ranging Results Update: DeviceId=-993898835 Distance=3.9810717055349722 (m) Type=BLE
09-20 16:47:27.230  5209  5209 W wineboot.exe: type=1400 audit(0.0:927868): avc:  granted  { execute } for  path="/data/user/0/com.winlator/files/rootfs/opt/wine/lib/wine/x86_64-windows/tzres.dll" dev="mmcblk0p87" ino=81477 scontext=u:r:untrusted_app_27:s0:c145,c257,c512,c768 tcontext=u:object_r:app_data_file:s0:c145,c257,c512,c768 tclass=file app=com.winlator
09-20 16:47:27.276  1057 20417 I vendor.qti.bluetooth@1.0-ibs_handler: ProcessIbsCmd: Received IBS_SLEEP_IND: 0xFE
09-20 16:47:27.276  1057 20417 D vendor.qti.bluetooth@1.0-ibs_handler: SerialClockVote: vote for UART CLK OFF
09-20 16:47:27.320  5209  5209 W wineboot.exe: type=1400 audit(0.0:927869): avc:  granted  { execute } for  path="/data/user/0/com.winlator/files/rootfs/opt/wine/lib/wine/x86_64-unix/ws2_32.so" dev="mmcblk0p87" ino=80803 scontext=u:r:untrusted_app_27:s0:c145,c257,c512,c768 tcontext=u:object_r:app_data_file:s0:c145,c257,c512,c768 tclass=file app=com.winlator
09-20 16:47:27.360  5209  5209 W wineboot.exe: type=1400 audit(0.0:927870): avc:  denied  { getattr } for  path="/sys/devices/system/clocksource/clocksource0/current_clocksource" dev="sysfs" ino=29302 scontext=u:r:untrusted_app_27:s0:c145,c257,c512,c768 tcontext=u:object_r:sysfs:s0 tclass=file permissive=0 app=com.winlator
09-20 16:47:27.410  5209  5209 W wineboot.exe: type=1400 audit(0.0:927871): avc:  denied  { ioctl } for  path="/data/user/0/com.winlator/files/rootfs/home/xuser-1/.wine/drive_c/windows" dev="mmcblk0p87" ino=117921 ioctlcmd=0x7201 scontext=u:r:untrusted_app_27:s0:c145,c257,c512,c768 tcontext=u:object_r:app_data_file:s0:c145,c257,c512,c768 tclass=dir permissive=0 app=com.winlator
09-20 16:47:27.427  1057 20410 D vendor.qti.bluetooth@1.0-wake_lock: Release wakelock is released 
09-20 16:47:27.697   653  3425 W libperfmgr: Failed to write to node: /sys/module/battery_saver/parameters/enabled with value: N, fd: -1
09-20 16:47:28.198   653  3425 W libperfmgr: Failed to write to node: /sys/module/battery_saver/parameters/enabled with value: N, fd: -1
09-20 16:47:28.260  5213  5213 W services.exe: type=1400 audit(0.0:928016): avc:  denied  { ioctl } for  path="/data/user/0/com.winlator/files/rootfs/home/xuser-1/.wine/drive_c" dev="mmcblk0p87" ino=117920 ioctlcmd=0x7201 scontext=u:r:untrusted_app_27:s0:c145,c257,c512,c768 tcontext=u:object_r:app_data_file:s0:c145,c257,c512,c768 tclass=dir permissive=0 app=com.winlator
09-20 16:47:28.260  5213  5213 W services.exe: type=1400 audit(0.0:928017): avc:  denied  { ioctl } for  path="/data/user/0/com.winlator/files/rootfs/home/xuser-1/.wine/drive_c/windows" dev="mmcblk0p87" ino=117921 ioctlcmd=0x7201 scontext=u:r:untrusted_app_27:s0:c145,c257,c512,c768 tcontext=u:object_r:app_data_file:s0:c145,c257,c512,c768 tclass=dir permissive=0 app=com.winlator
09-20 16:47:28.260  5213  5213 W services.exe: type=1400 audit(0.0:928018): avc:  denied  { ioctl } for  path="/data/user/0/com.winlator/files/rootfs/home/xuser-1/.wine/drive_c/windows/system32" dev="mmcblk0p87" ino=117922 ioctlcmd=0x7201 scontext=u:r:untrusted_app_27:s0:c145,c257,c512,c768 tcontext=u:object_r:app_data_file:s0:c145,c257,c512,c768 tclass=dir permissive=0 app=com.winlator
09-20 16:47:28.300  5216  5216 W services.exe: type=1400 audit(0.0:928019): avc:  granted  { execute } for  name="box64" dev="mmcblk0p87" ino=20814 scontext=u:r:untrusted_app_27:s0:c145,c257,c512,c768 tcontext=u:object_r:app_data_file:s0:c145,c257,c512,c768 tclass=file app=com.winlator
09-20 16:47:28.300  5216  5216 W services.exe: type=1400 audit(0.0:928020): avc:  granted  { execute_no_trans } for  path="/data/user/0/com.winlator/files/rootfs/usr/local/bin/box64" dev="mmcblk0p87" ino=20814 scontext=u:r:untrusted_app_27:s0:c145,c257,c512,c768 tcontext=u:object_r:app_data_file:s0:c145,c257,c512,c768 tclass=file app=com.winlator
09-20 16:47:28.615  1057 20417 I vendor.qti.bluetooth@1.0-ibs_handler: ProcessIbsCmd: Received IBS_WAKE_IND: 0xFD
09-20 16:47:28.616  1057 20417 D vendor.qti.bluetooth@1.0-ibs_handler: SerialClockVote: vote for UART CLK ON
09-20 16:47:28.617  1057 20417 D vendor.qti.bluetooth@1.0-wake_lock: Acquire wakelock is acquired 
09-20 16:47:28.617  1057 20417 I vendor.qti.bluetooth@1.0-ibs_handler: ProcessIbsCmd: Writing IBS_WAKE_ACK
09-20 16:47:28.620 13691  5191 I fpp     : Ranging Results Update: DeviceId=-993898835 Distance=2.8183829312644537 (m) Type=BLE
09-20 16:47:28.658  1057 20417 I vendor.qti.bluetooth@1.0-ibs_handler: ProcessIbsCmd: Received IBS_SLEEP_IND: 0xFE
09-20 16:47:28.658  1057 20417 D vendor.qti.bluetooth@1.0-ibs_handler: SerialClockVote: vote for UART CLK OFF
09-20 16:47:28.699   653  3425 W libperfmgr: Failed to write to node: /sys/module/battery_saver/parameters/enabled with value: N, fd: -1
09-20 16:47:28.808  1057 20410 D vendor.qti.bluetooth@1.0-wake_lock: Release wakelock is released 
09-20 16:47:29.200   653  3425 W libperfmgr: Failed to write to node: /sys/module/battery_saver/parameters/enabled with value: N, fd: -1
09-20 16:47:29.260  5228  5228 W wine    : type=1400 audit(0.0:928159): avc:  granted  { execute } for  path="/data/user/0/com.winlator/files/rootfs/opt/wine/lib/wine/x86_64-windows/winedevice.exe" dev="mmcblk0p87" ino=83702 scontext=u:r:untrusted_app_27:s0:c145,c257,c512,c768 tcontext=u:object_r:app_data_file:s0:c145,c257,c512,c768 tclass=file app=com.winlator
09-20 16:47:29.270  5228  5228 W wine    : type=1400 audit(0.0:928160): avc:  granted  { execute } for  path="/data/user/0/com.winlator/files/rootfs/opt/wine/lib/wine/x86_64-windows/winedevice.exe" dev="mmcblk0p87" ino=83702 scontext=u:r:untrusted_app_27:s0:c145,c257,c512,c768 tcontext=u:object_r:app_data_file:s0:c145,c257,c512,c768 tclass=file app=com.winlator
09-20 16:47:29.290  5230  5230 W wine    : type=1400 audit(0.0:928161): avc:  granted  { execute } for  path="/data/user/0/com.winlator/files/rootfs/opt/wine/lib/wine/x86_64-windows/explorer.exe" dev="mmcblk0p87" ino=83405 scontext=u:r:untrusted_app_27:s0:c145,c257,c512,c768 tcontext=u:object_r:app_data_file:s0:c145,c257,c512,c768 tclass=file app=com.winlator
09-20 16:47:29.290  5230  5230 W wine    : type=1400 audit(0.0:928162): avc:  granted  { execute } for  path="/data/user/0/com.winlator/files/rootfs/opt/wine/lib/wine/x86_64-windows/explorer.exe" dev="mmcblk0p87" ino=83405 scontext=u:r:untrusted_app_27:s0:c145,c257,c512,c768 tcontext=u:object_r:app_data_file:s0:c145,c257,c512,c768 tclass=file app=com.winlator
09-20 16:47:29.290  5228  5228 W winedevice.exe: type=1400 audit(0.0:928163): avc:  granted  { execute } for  path="/data/user/0/com.winlator/files/rootfs/opt/wine/lib/wine/x86_64-windows/ntdll.dll" dev="mmcblk0p87" ino=81875 scontext=u:r:untrusted_app_27:s0:c145,c257,c512,c768 tcontext=u:object_r:app_data_file:s0:c145,c257,c512,c768 tclass=file app=com.winlator
09-20 16:47:29.700   653  3425 W libperfmgr: Failed to write to node: /sys/module/battery_saver/parameters/enabled with value: N, fd: -1
09-20 16:47:29.727  1085  1168 E WifiHAL : wifi_get_cached_scan_results: Wifi Cached Scan Result not supported by driver
09-20 16:47:29.728  1836  2452 E WifiStaIfaceAidlImpl: getCachedScanData failed with service-specific exception: android.os.ServiceSpecificException:  (code 4)
09-20 16:47:29.845  1057 20417 I vendor.qti.bluetooth@1.0-ibs_handler: ProcessIbsCmd: Received IBS_WAKE_IND: 0xFD
09-20 16:47:29.845  1057 20417 D vendor.qti.bluetooth@1.0-ibs_handler: SerialClockVote: vote for UART CLK ON
09-20 16:47:29.847  1057 20417 D vendor.qti.bluetooth@1.0-wake_lock: Acquire wakelock is acquired 
09-20 16:47:29.847  1057 20417 I vendor.qti.bluetooth@1.0-ibs_handler: ProcessIbsCmd: Writing IBS_WAKE_ACK
09-20 16:47:29.853 13691  5191 I fpp     : Ranging Results Update: DeviceId=-993898835 Distance=6.309573444801933 (m) Type=BLE
09-20 16:47:29.876 13691  5191 I fpp     : Ranging Results Update: DeviceId=284665416 Distance=4.466835921509632 (m) Type=BLE
09-20 16:47:29.947  1057 20417 I vendor.qti.bluetooth@1.0-ibs_handler: ProcessIbsCmd: Received IBS_SLEEP_IND: 0xFE
09-20 16:47:29.947  1057 20417 D vendor.qti.bluetooth@1.0-ibs_handler: SerialClockVote: vote for UART CLK OFF
09-20 16:47:30.097  1057 20410 D vendor.qti.bluetooth@1.0-wake_lock: Release wakelock is released 
09-20 16:47:30.200   653  3425 W libperfmgr: Failed to write to node: /sys/module/battery_saver/parameters/enabled with value: N, fd: -1
09-20 16:47:30.270  5230  5230 W explorer.exe: type=1400 audit(0.0:928454): avc:  granted  { execute } for  path="/data/user/0/com.winlator/files/rootfs/usr/lib/libX11-xcb.so.1.0.0" dev="mmcblk0p87" ino=117304 scontext=u:r:untrusted_app_27:s0:c145,c257,c512,c768 tcontext=u:object_r:app_data_file:s0:c145,c257,c512,c768 tclass=file app=com.winlator
09-20 16:47:30.270  5230  5230 W explorer.exe: type=1400 audit(0.0:928455): avc:  granted  { execute } for  path="/data/user/0/com.winlator/files/rootfs/usr/lib/libxcb-present.so.0.0.0" dev="mmcblk0p87" ino=117940 scontext=u:r:untrusted_app_27:s0:c145,c257,c512,c768 tcontext=u:object_r:app_data_file:s0:c145,c257,c512,c768 tclass=file app=com.winlator
09-20 16:47:30.270  5230  5230 W explorer.exe: type=1400 audit(0.0:928456): avc:  granted  { execute } for  path="/data/user/0/com.winlator/files/rootfs/usr/lib/libxcb-randr.so.0.1.0" dev="mmcblk0p87" ino=117337 scontext=u:r:untrusted_app_27:s0:c145,c257,c512,c768 tcontext=u:object_r:app_data_file:s0:c145,c257,c512,c768 tclass=file app=com.winlator
09-20 16:47:30.280  5230  5230 W explorer.exe: type=1400 audit(0.0:928457): avc:  granted  { execute } for  path="/data/user/0/com.winlator/files/rootfs/usr/lib/libxcb-shm.so.0.0.0" dev="mmcblk0p87" ino=117355 scontext=u:r:untrusted_app_27:s0:c145,c257,c512,c768 tcontext=u:object_r:app_data_file:s0:c145,c257,c512,c768 tclass=file app=com.winlator
09-20 16:47:30.280  5230  5230 W explorer.exe: type=1400 audit(0.0:928458): avc:  granted  { execute } for  path="/data/user/0/com.winlator/files/rootfs/usr/lib/libstdc++.so.6.0.32" dev="mmcblk0p87" ino=117397 scontext=u:r:untrusted_app_27:s0:c145,c257,c512,c768 tcontext=u:object_r:app_data_file:s0:c145,c257,c512,c768 tclass=file app=com.winlator
09-20 16:47:30.530  5250  5250 W screencap: Thread Pool max thread count is 0. Cannot cache binder as linkToDeath cannot be implemented. serviceName: SurfaceFlingerAIDL
09-20 16:47:30.530  5250  5250 W libbinder.BpBinder: Linking to death on android.gui.ISurfaceComposer but there are no threads (yet?) listening to incoming transactions. See ProcessState::startThreadPool and ProcessState::setThreadPoolMaxThreadCount. Generally you should setup the binder threadpool before other initialization steps.
09-20 16:47:30.530  5250  5250 W libbinder.ProcessState: Extra binder thread started, but 0 threads requested. Do not use *startThreadPool when zero threads are requested.
09-20 16:47:30.574  5250  5254 I Gralloc4: Adding additional valid usage bits: 0x8202000
09-20 16:47:30.601  5253  5253 W ATFWD-daemon: libminijail[5253]: failed to get path of fd 3: No such file or directory
09-20 16:47:30.601  5253  5253 W ATFWD-daemon: libminijail[5253]: allowing syscall: connect
09-20 16:47:30.601  5253  5253 W ATFWD-daemon: libminijail[5253]: allowing syscall: fcntl
09-20 16:47:30.602  5253  5253 W ATFWD-daemon: libminijail[5253]: allowing syscall: sendto
09-20 16:47:30.602  5253  5253 W ATFWD-daemon: libminijail[5253]: allowing syscall: socket
09-20 16:47:30.602  5253  5253 W ATFWD-daemon: libminijail[5253]: allowing syscall: writev
09-20 16:47:30.602  5253  5253 W ATFWD-daemon: libminijail[5253]: logging seccomp filter failures
09-20 16:47:30.603  5253  5253 E ATFWD-daemon: libminijail[5253]: blocked syscall: gettid
09-20 16:47:30.630  5255  5255 I flags_health_check: ServerConfigurableFlagsReset reset_mode value: 1
09-20 16:47:30.631  5255  5255 I flags_health_check: ServerConfigurableFlagsReset updatable crashing detected, resetting flags.
09-20 16:47:30.684  8181 14324 I KDE/LanLinkProvider: Broadcast identity packet received from Pixel 9a
09-20 16:47:30.701   653  3425 W libperfmgr: Failed to write to node: /sys/module/battery_saver/parameters/enabled with value: N, fd: -1
09-20 16:47:30.747  8181 14324 I KDE/LanLinkProvider: Starting SSL handshake with 273d255af8c149fb8c7420c18dfc86e0 trusted:true
09-20 16:47:30.775  8181 14324 D LanLinkProvider: Starting handshake
09-20 16:47:30.793  8181 14324 D LanLinkProvider: Handshake done
09-20 16:47:30.805  8181  4637 I KDE/LanLinkProvider: Handshake as server successful with Pixel 9a secured with TLS_ECDHE_ECDSA_WITH_AES_128_GCM_SHA256
09-20 16:47:30.805  8181  4637 D KDE/LanLinkProvider: Reusing same link for device 273d255af8c149fb8c7420c18dfc86e0
09-20 16:47:30.807  8181  4636 I LanLink : Socket closed: 15052643. Reason: Socket closed
09-20 16:47:30.856  8181  4637 I LanLinkProvider: Discarding second packet from the same device 273d255af8c149fb8c7420c18dfc86e0 received too quickly
09-20 16:47:31.010  5259  5259 W dumpsys : Thread Pool max thread count is 0. Cannot cache binder as linkToDeath cannot be implemented. serviceName: activity
09-20 16:47:31.191  1057 20417 I vendor.qti.bluetooth@1.0-ibs_handler: ProcessIbsCmd: Received IBS_WAKE_IND: 0xFD
09-20 16:47:31.191  1057 20417 D vendor.qti.bluetooth@1.0-ibs_handler: SerialClockVote: vote for UART CLK ON
09-20 16:47:31.192  1057 20417 D vendor.qti.bluetooth@1.0-wake_lock: Acquire wakelock is acquired 
09-20 16:47:31.192  1057 20417 I vendor.qti.bluetooth@1.0-ibs_handler: ProcessIbsCmd: Writing IBS_WAKE_ACK
09-20 16:47:31.197 13691  5191 I fpp     : Ranging Results Update: DeviceId=-993898835 Distance=4.466835921509632 (m) Type=BLE
09-20 16:47:31.201   653  3425 W libperfmgr: Failed to write to node: /sys/module/battery_saver/parameters/enabled with value: N, fd: -1
09-20 16:47:31.233  1057 20417 I vendor.qti.bluetooth@1.0-ibs_handler: ProcessIbsCmd: Received IBS_SLEEP_IND: 0xFE
09-20 16:47:31.233  1057 20417 D vendor.qti.bluetooth@1.0-ibs_handler: SerialClockVote: vote for UART CLK OFF
09-20 16:47:31.277  1057 20417 I vendor.qti.bluetooth@1.0-ibs_handler: ProcessIbsCmd: Received IBS_WAKE_IND: 0xFD
09-20 16:47:31.277  1057 20417 D vendor.qti.bluetooth@1.0-ibs_handler: SerialClockVote: vote for UART CLK ON
09-20 16:47:31.277  1057 20417 I vendor.qti.bluetooth@1.0-ibs_handler: ProcessIbsCmd: Writing IBS_WAKE_ACK
09-20 16:47:31.317  1057 20417 I vendor.qti.bluetooth@1.0-ibs_handler: ProcessIbsCmd: Received IBS_SLEEP_IND: 0xFE
09-20 16:47:31.318  1057 20417 D vendor.qti.bluetooth@1.0-ibs_handler: SerialClockVote: vote for UART CLK OFF
09-20 16:47:31.370  5199  5199 W start.exe: type=1400 audit(0.0:928699): avc:  denied  { ioctl } for  path="/data/user/0/com.winlator/files/rootfs/home/xuser-1/.wine/drive_c/windows" dev="mmcblk0p87" ino=117921 ioctlcmd=0x7201 scontext=u:r:untrusted_app_27:s0:c145,c257,c512,c768 tcontext=u:object_r:app_data_file:s0:c145,c257,c512,c768 tclass=dir permissive=0 app=com.winlator
09-20 16:47:31.370  5199  5199 W start.exe: type=1400 audit(0.0:928700): avc:  denied  { ioctl } for  path="/data/user/0/com.winlator/files/rootfs/home/xuser-1/.wine/drive_c/windows/Fonts" dev="mmcblk0p87" ino=118404 ioctlcmd=0x7201 scontext=u:r:untrusted_app_27:s0:c145,c257,c512,c768 tcontext=u:object_r:app_data_file:s0:c145,c257,c512,c768 tclass=dir permissive=0 app=com.winlator
09-20 16:47:31.380  5199  5199 W start.exe: type=1400 audit(0.0:928701): avc:  denied  { ioctl } for  path="/data/user/0/com.winlator/files/rootfs/home/xuser-1/.wine/drive_c/windows" dev="mmcblk0p87" ino=117921 ioctlcmd=0x7201 scontext=u:r:untrusted_app_27:s0:c145,c257,c512,c768 tcontext=u:object_r:app_data_file:s0:c145,c257,c512,c768 tclass=dir permissive=0 app=com.winlator
09-20 16:47:31.380  5199  5199 W start.exe: type=1400 audit(0.0:928702): avc:  denied  { ioctl } for  path="/data/user/0/com.winlator/files/rootfs/home/xuser-1/.wine/drive_c/windows/Fonts" dev="mmcblk0p87" ino=118404 ioctlcmd=0x7201 scontext=u:r:untrusted_app_27:s0:c145,c257,c512,c768 tcontext=u:object_r:app_data_file:s0:c145,c257,c512,c768 tclass=dir permissive=0 app=com.winlator
09-20 16:47:31.380  5199  5199 W start.exe: type=1400 audit(0.0:928703): avc:  denied  { ioctl } for  path="/data/user/0/com.winlator/files/rootfs/home/xuser-1/.wine/drive_c/windows" dev="mmcblk0p87" ino=117921 ioctlcmd=0x7201 scontext=u:r:untrusted_app_27:s0:c145,c257,c512,c768 tcontext=u:object_r:app_data_file:s0:c145,c257,c512,c768 tclass=dir permissive=0 app=com.winlator
09-20 16:47:31.427  5026  5197 W System.err: java.io.IOException: Failed to send data.
09-20 16:47:31.427  5026  5197 W System.err: 	at com.winlator.xconnector.XOutputStream$OutputStreamLock.close(Unknown Source:26)
09-20 16:47:31.427  5026  5197 W System.err: 	at com.winlator.xserver.events.DestroyNotify.send(Unknown Source:37)
09-20 16:47:31.427  5026  5197 W System.err: 	at com.winlator.xserver.EventListener.sendEvent(Unknown Source:12)
09-20 16:47:31.427  5026  5197 W System.err: 	at com.winlator.xserver.Window.sendEvent(SourceFile:0)
09-20 16:47:31.427  5026  5197 W System.err: 	at com.winlator.xserver.WindowManager.removeAllSubwindowsAndWindow(Unknown Source:40)
09-20 16:47:31.427  5026  5197 W System.err: 	at com.winlator.xserver.WindowManager.destroyWindow(Unknown Source:15)
09-20 16:47:31.427  5026  5197 W System.err: 	at com.winlator.xserver.XClient.freeResources(Unknown Source:38)
09-20 16:47:31.427  5026  5197 W System.err: 	at com.winlator.xserver.XClientConnectionHandler.handleConnectionShutdown(Unknown Source:2)
09-20 16:47:31.427  5026  5197 W System.err: 	at com.winlator.xconnector.XConnectorEpoll.handleConnectionShutdown(Unknown Source:4)
09-20 16:47:31.427  5026  5197 W System.err: 	at com.winlator.xconnector.XConnectorEpoll.killConnection(Native Method)
09-20 16:47:31.427  5026  5197 W System.err: 	at com.winlator.xconnector.XConnectorEpoll.killConnection(SourceFile:0)
09-20 16:47:31.427  5026  5197 W System.err: 	at com.winlator.xconnector.XConnectorEpoll.handleExistingConnection(Unknown Source:34)
09-20 16:47:31.468  1057 20410 D vendor.qti.bluetooth@1.0-wake_lock: Release wakelock is released 
09-20 16:47:31.702   653  3425 W libperfmgr: Failed to write to node: /sys/module/battery_saver/parameters/enabled with value: N, fd: -1
09-20 16:47:31.724  1836  4400 W InputDispatcher: Excessive delay in interceptKeyBeforeQueueing; took 62 ms
09-20 16:47:31.725   653  3425 W libperfmgr: Failed to write to node: /sys/module/battery_saver/parameters/enabled with value: N, fd: -1
09-20 16:47:31.748  8781  8781 W ModuleManager: ModuleManager.loadModule():641 Module qul is not available
--------- beginning of system
09-20 16:47:31.753  1836  1972 E RemoteAugmentedAutofillService: Bad service name for flags 1048704: com.google.android.as/com.google.android.apps.miphone.aiai.app.AiAiAugmentedAutofillService
09-20 16:47:32.226   653  3425 W libperfmgr: Failed to write to node: /sys/module/battery_saver/parameters/enabled with value: N, fd: -1
09-20 16:47:32.251  5271  5271 W screencap: Thread Pool max thread count is 0. Cannot cache binder as linkToDeath cannot be implemented. serviceName: SurfaceFlingerAIDL
09-20 16:47:32.252  5271  5271 W libbinder.BpBinder: Linking to death on android.gui.ISurfaceComposer but there are no threads (yet?) listening to incoming transactions. See ProcessState::startThreadPool and ProcessState::setThreadPoolMaxThreadCount. Generally you should setup the binder threadpool before other initialization steps.
09-20 16:47:32.252  5271  5271 W libbinder.ProcessState: Extra binder thread started, but 0 threads requested. Do not use *startThreadPool when zero threads are requested.
09-20 16:47:32.282  5271  5272 I Gralloc4: Adding additional valid usage bits: 0x8202000
09-20 16:47:32.560  5263  5263 W explorer.exe: type=1400 audit(0.0:928934): avc:  granted  { execute } for  path="/data/user/0/com.winlator/files/rootfs/opt/wine/lib/wine/x86_64-windows/uxtheme.dll" dev="mmcblk0p87" ino=81989 scontext=u:r:untrusted_app_27:s0:c145,c257,c512,c768 tcontext=u:object_r:app_data_file:s0:c145,c257,c512,c768 tclass=file app=com.winlator
09-20 16:47:32.560  5263  5263 W explorer.exe: type=1400 audit(0.0:928935): avc:  granted  { execute } for  path="/data/user/0/com.winlator/files/rootfs/opt/wine/lib/wine/x86_64-windows/uxtheme.dll" dev="mmcblk0p87" ino=81989 scontext=u:r:untrusted_app_27:s0:c145,c257,c512,c768 tcontext=u:object_r:app_data_file:s0:c145,c257,c512,c768 tclass=file app=com.winlator
09-20 16:47:32.560  5263  5263 W explorer.exe: type=1400 audit(0.0:928936): avc:  granted  { execute } for  path="/data/user/0/com.winlator/files/rootfs/opt/wine/lib/wine/x86_64-windows/uxtheme.dll" dev="mmcblk0p87" ino=81989 scontext=u:r:untrusted_app_27:s0:c145,c257,c512,c768 tcontext=u:object_r:app_data_file:s0:c145,c257,c512,c768 tclass=file app=com.winlator
09-20 16:47:32.663  5026  5026 D ImeBackDispatcher: Clear (mImeCallbacks.size=0)
09-20 16:47:32.664  5026  5026 D ImeBackDispatcher: switch root view (mImeCallbacks.size=0)
09-20 16:47:32.664  5026  5026 D WindowOnBackDispatcher: setTopOnBackInvokedCallback (unwrapped): null
09-20 16:47:32.664  1836  4400 D CoreBackPreview: Window{11e1f78 u0 com.winlator/com.winlator.XServerDisplayActivity}: Setting back callback null
09-20 16:47:32.668  1057 20417 I vendor.qti.bluetooth@1.0-ibs_handler: ProcessIbsCmd: Received IBS_WAKE_IND: 0xFD
09-20 16:47:32.668  1057 20417 D vendor.qti.bluetooth@1.0-ibs_handler: SerialClockVote: vote for UART CLK ON
09-20 16:47:32.669  1057 20417 D vendor.qti.bluetooth@1.0-wake_lock: Acquire wakelock is acquired 
09-20 16:47:32.669  1057 20417 I vendor.qti.bluetooth@1.0-ibs_handler: ProcessIbsCmd: Writing IBS_WAKE_ACK
09-20 16:47:32.671  1836  4400 I ImeTracker: system_server:39e17099: onRequestHide at ORIGIN_SERVER reason IME_REQUESTED_CHANGED_LISTENER fromUser false
09-20 16:47:32.672  1836  1974 I ImeTracker: system_server:39e17099: onCancelled at PHASE_SERVER_SHOULD_HIDE
09-20 16:47:32.676 13691  5191 I fpp     : Ranging Results Update: DeviceId=-993898835 Distance=4.466835921509632 (m) Type=BLE
09-20 16:47:32.688  1836  1974 V WindowManager: Unknown focus tokens, dropping reportFocusChanged
09-20 16:47:32.710  1057 20417 I vendor.qti.bluetooth@1.0-ibs_handler: ProcessIbsCmd: Received IBS_SLEEP_IND: 0xFE
09-20 16:47:32.710  1057 20417 D vendor.qti.bluetooth@1.0-ibs_handler: SerialClockVote: vote for UART CLK OFF
09-20 16:47:32.712  5026  5026 D ImeBackDispatcher: switch root view (mImeCallbacks.size=0)
09-20 16:47:32.715  1836  2433 I ImeTracker: com.winlator:aa10af3: onRequestHide at ORIGIN_SERVER reason HIDE_UNSPECIFIED_WINDOW fromUser false
09-20 16:47:32.716  5026  5026 D InsetsController: hide(ime())
09-20 16:47:32.716  5026  5026 I ImeTracker: com.winlator:aa10af3: onCancelled at PHASE_CLIENT_ALREADY_HIDDEN
09-20 16:47:32.717  8781  8781 I GoogleInputMethodService: GoogleInputMethodService.onFinishInput():2361 
09-20 16:47:32.718  8781  8781 I GoogleInputMethodService: GoogleInputMethodService.onStartInput():1532 onStartInput(EditorInfo{EditorInfo{packageName=com.winlator, inputType=0, inputTypeString=NULL, enableLearning=false, autoCorrection=false, autoComplete=false, imeOptions=0, privateImeOptions=null, actionName=UNSPECIFIED, actionLabel=null, initialSelStart=-1, initialSelEnd=-1, initialCapsMode=0, label=null, fieldId=0, fieldName=null, extras=null, hintText=null, hintLocales=[]}}, false)
09-20 16:47:32.718  8781  5098 I Module  : DeviceLockedStatusModuleProvider$Module.updateDeviceLockedStatusInternal():119 repeatCheckTimes = 0, locked = false
09-20 16:47:32.718  8781  8781 W LatinIMEBase: LatinIMEBase.updateInputViewCoverNavigation():322 Null input view, cannot update padding!
09-20 16:47:32.719  8781  5124 I Module  : DeviceLockedStatusModuleProvider$Module.updateDeviceLockedStatusInternal():119 repeatCheckTimes = 1, locked = false
09-20 16:47:32.719  1836  4400 I ImeTracker: system_server:248fc66d: onRequestHide at ORIGIN_SERVER reason IME_REQUESTED_CHANGED_LISTENER fromUser false
09-20 16:47:32.720  1836  3599 W PackageConfigPersister: App-specific configuration not found for packageName: com.winlator and userId: 0
09-20 16:47:32.720  1836  1974 I ImeTracker: system_server:248fc66d: onCancelled at PHASE_SERVER_SHOULD_HIDE
09-20 16:47:32.726   653  3425 W libperfmgr: Failed to write to node: /sys/module/battery_saver/parameters/enabled with value: N, fd: -1
09-20 16:47:32.734  1836  2420 I InputReader: Reconfiguring input devices, changes=POINTER_CAPTURE
09-20 16:47:32.753  1085  1168 E WifiHAL : wifi_get_cached_scan_results: Wifi Cached Scan Result not supported by driver
09-20 16:47:32.754  1836  2452 E WifiStaIfaceAidlImpl: getCachedScanData failed with service-specific exception: android.os.ServiceSpecificException:  (code 4)
09-20 16:47:32.861  1057 20410 D vendor.qti.bluetooth@1.0-wake_lock: Release wakelock is released 
09-20 16:47:32.870  5263  5263 W explorer.exe: type=1400 audit(0.0:928937): avc:  granted  { execute } for  path="/data/user/0/com.winlator/files/rootfs/opt/wine/lib/wine/x86_64-windows/shell32.dll" dev="mmcblk0p87" ino=81767 scontext=u:r:untrusted_app_27:s0:c145,c257,c512,c768 tcontext=u:object_r:app_data_file:s0:c145,c257,c512,c768 tclass=file app=com.winlator
09-20 16:47:32.870  5263  5263 W explorer.exe: type=1400 audit(0.0:928938): avc:  granted  { execute } for  path="/data/user/0/com.winlator/files/rootfs/opt/wine/lib/wine/x86_64-windows/shell32.dll" dev="mmcblk0p87" ino=81767 scontext=u:r:untrusted_app_27:s0:c145,c257,c512,c768 tcontext=u:object_r:app_data_file:s0:c145,c257,c512,c768 tclass=file app=com.winlator
09-20 16:47:33.226   653  3425 W libperfmgr: Failed to write to node: /sys/module/battery_saver/parameters/enabled with value: N, fd: -1
09-20 16:47:33.227   653  3425 W libperfmgr: Failed to write to node: /sys/module/battery_saver/parameters/enabled with value: N, fd: -1
09-20 16:47:33.330   653  3425 W libperfmgr: Failed to write to node: /sys/module/battery_saver/parameters/enabled with value: N, fd: -1
09-20 16:47:33.402   653  3425 W libperfmgr: Failed to write to node: /sys/module/battery_saver/parameters/enabled with value: N, fd: -1
09-20 16:47:33.570  5285  5285 W winhandler.exe: type=1400 audit(0.0:929027): avc:  granted  { execute } for  path="/data/user/0/com.winlator/files/rootfs/opt/wine/lib/wine/x86_64-windows/tzres.dll" dev="mmcblk0p87" ino=81477 scontext=u:r:untrusted_app_27:s0:c145,c257,c512,c768 tcontext=u:object_r:app_data_file:s0:c145,c257,c512,c768 tclass=file app=com.winlator
09-20 16:47:33.660  5285  5285 W winhandler.exe: type=1400 audit(0.0:929028): avc:  granted  { execute } for  path="/data/user/0/com.winlator/files/rootfs/opt/wine/lib/wine/x86_64-unix/win32u.so" dev="mmcblk0p87" ino=80642 scontext=u:r:untrusted_app_27:s0:c145,c257,c512,c768 tcontext=u:object_r:app_data_file:s0:c145,c257,c512,c768 tclass=file app=com.winlator
09-20 16:47:33.680  5285  5285 W winhandler.exe: type=1400 audit(0.0:929029): avc:  granted  { execute } for  path="/data/user/0/com.winlator/files/rootfs/usr/lib/libfreetype.so.6.20.2" dev="mmcblk0p87" ino=117988 scontext=u:r:untrusted_app_27:s0:c145,c257,c512,c768 tcontext=u:object_r:app_data_file:s0:c145,c257,c512,c768 tclass=file app=com.winlator
09-20 16:47:33.680  5285  5285 W winhandler.exe: type=1400 audit(0.0:929030): avc:  granted  { execute } for  path="/data/user/0/com.winlator/files/rootfs/usr/lib/libz.so.1.3.1" dev="mmcblk0p87" ino=117905 scontext=u:r:untrusted_app_27:s0:c145,c257,c512,c768 tcontext=u:object_r:app_data_file:s0:c145,c257,c512,c768 tclass=file app=com.winlator
09-20 16:47:33.680  5285  5285 W winhandler.exe: type=1400 audit(0.0:929031): avc:  granted  { execute } for  path="/data/user/0/com.winlator/files/rootfs/usr/lib/libbz2.so.1.0.8" dev="mmcblk0p87" ino=118086 scontext=u:r:untrusted_app_27:s0:c145,c257,c512,c768 tcontext=u:object_r:app_data_file:s0:c145,c257,c512,c768 tclass=file app=com.winlator
09-20 16:47:33.761   653  3425 W libperfmgr: Failed to write to node: /sys/module/battery_saver/parameters/enabled with value: N, fd: -1
09-20 16:47:33.824   653  3425 W libperfmgr: Failed to write to node: /sys/module/battery_saver/parameters/enabled with value: N, fd: -1
09-20 16:47:34.028  1057 20417 I vendor.qti.bluetooth@1.0-ibs_handler: ProcessIbsCmd: Received IBS_WAKE_IND: 0xFD
09-20 16:47:34.028  1057 20417 D vendor.qti.bluetooth@1.0-ibs_handler: SerialClockVote: vote for UART CLK ON
09-20 16:47:34.029  1057 20417 D vendor.qti.bluetooth@1.0-wake_lock: Acquire wakelock is acquired 
09-20 16:47:34.029  1057 20417 I vendor.qti.bluetooth@1.0-ibs_handler: ProcessIbsCmd: Writing IBS_WAKE_ACK
09-20 16:47:34.038 13691  5191 I fpp     : Ranging Results Update: DeviceId=-993898835 Distance=5.011872336272722 (m) Type=BLE
09-20 16:47:34.074  1057 20417 I vendor.qti.bluetooth@1.0-ibs_handler: ProcessIbsCmd: Received IBS_SLEEP_IND: 0xFE
09-20 16:47:34.074  1057 20417 D vendor.qti.bluetooth@1.0-ibs_handler: SerialClockVote: vote for UART CLK OFF
09-20 16:47:34.224  1057 20410 D vendor.qti.bluetooth@1.0-wake_lock: Release wakelock is released 
09-20 16:47:34.261 13691  5191 I NearbyMediums: Found Fast Ble Advertisements :
09-20 16:47:34.261 13691  5191 I NearbyMediums: BleAdvertisement { version=2, socketVersion=2, isFast=true, serviceIdHash=null, data=[ 0x23 0x47 0x32 0x58 0x4b 0x11 0x34 0x25 0x4f 0x17 0x07 0xa5 0x77 0xf3 0x70 0x2f 0x1a 0xc7 0xbe 0x97 0x39 0xfc 0x3c ], deviceToken=[ 0xf6 0x35 ], rxAdvertisement=null } : 2 times.
09-20 16:47:34.261 13691  5191 I NearbyMediums: Total 2 fast advertisements from 1 unique advertisers.
09-20 16:47:34.261 13691  5191 I NearbyMediums: Current Tracked Scanning Clients are : {NearbyConnections.EnvironmentMonitor, NearbySharing}
09-20 16:47:34.325   653  3425 W libperfmgr: Failed to write to node: /sys/module/battery_saver/parameters/enabled with value: N, fd: -1
09-20 16:47:34.590  5289  5289 W wfm.exe : type=1400 audit(0.0:929208): avc:  denied  { ioctl } for  path="/data/user/0/com.winlator/files/rootfs/home/xuser-1/.wine/drive_c/windows" dev="mmcblk0p87" ino=117921 ioctlcmd=0x7201 scontext=u:r:untrusted_app_27:s0:c145,c257,c512,c768 tcontext=u:object_r:app_data_file:s0:c145,c257,c512,c768 tclass=dir permissive=0 app=com.winlator
09-20 16:47:34.590  5289  5289 W wfm.exe : type=1400 audit(0.0:929209): avc:  denied  { ioctl } for  path="/data/user/0/com.winlator/files/rootfs/home/xuser-1/.wine/drive_c/windows" dev="mmcblk0p87" ino=117921 ioctlcmd=0x7201 scontext=u:r:untrusted_app_27:s0:c145,c257,c512,c768 tcontext=u:object_r:app_data_file:s0:c145,c257,c512,c768 tclass=dir permissive=0 app=com.winlator
09-20 16:47:34.590  5289  5289 W wfm.exe : type=1400 audit(0.0:929210): avc:  denied  { ioctl } for  path="/data/user/0/com.winlator/files/rootfs/home/xuser-1/.wine/drive_c/windows" dev="mmcblk0p87" ino=117921 ioctlcmd=0x7201 scontext=u:r:untrusted_app_27:s0:c145,c257,c512,c768 tcontext=u:object_r:app_data_file:s0:c145,c257,c512,c768 tclass=dir permissive=0 app=com.winlator
09-20 16:47:34.590  5289  5289 W wfm.exe : type=1400 audit(0.0:929211): avc:  denied  { ioctl } for  path="/data/user/0/com.winlator/files/rootfs/home/xuser-1/.wine/drive_c/windows" dev="mmcblk0p87" ino=117921 ioctlcmd=0x7201 scontext=u:r:untrusted_app_27:s0:c145,c257,c512,c768 tcontext=u:object_r:app_data_file:s0:c145,c257,c512,c768 tclass=dir permissive=0 app=com.winlator
09-20 16:47:34.590  5289  5289 W wfm.exe : type=1400 audit(0.0:929212): avc:  denied  { ioctl } for  path="/data/user/0/com.winlator/files/rootfs/home/xuser-1/.wine/drive_c/windows" dev="mmcblk0p87" ino=117921 ioctlcmd=0x7201 scontext=u:r:untrusted_app_27:s0:c145,c257,c512,c768 tcontext=u:object_r:app_data_file:s0:c145,c257,c512,c768 tclass=dir permissive=0 app=com.winlator
09-20 16:47:34.739  2739  2739 D QtiCarrierConfigHelper: WARNING, no carrier configs on phone Id: 0
09-20 16:47:34.739  2739  2739 D QtiCarrierConfigHelper: WARNING, no carrier configs on phone Id: 1
09-20 16:47:34.825   653  3425 W libperfmgr: Failed to write to node: /sys/module/battery_saver/parameters/enabled with value: N, fd: -1
09-20 16:47:35.326   653  3425 W libperfmgr: Failed to write to node: /sys/module/battery_saver/parameters/enabled with value: N, fd: -1
09-20 16:47:35.329   653  3425 W libperfmgr: Failed to write to node: /sys/module/battery_saver/parameters/enabled with value: N, fd: -1
09-20 16:47:35.341   653  3425 W libperfmgr: Failed to write to node: /sys/module/battery_saver/parameters/enabled with value: N, fd: -1
09-20 16:47:35.427   653  3425 W libperfmgr: Failed to write to node: /sys/module/battery_saver/parameters/enabled with value: N, fd: -1
09-20 16:47:35.475   653  3425 W libperfmgr: Failed to write to node: /sys/module/battery_saver/parameters/enabled with value: N, fd: -1
09-20 16:47:35.563   653  3425 W libperfmgr: Failed to write to node: /sys/module/battery_saver/parameters/enabled with value: N, fd: -1
09-20 16:47:35.586  5290  5290 W ATFWD-daemon: libminijail[5290]: failed to get path of fd 3: No such file or directory
09-20 16:47:35.586  5290  5290 W ATFWD-daemon: libminijail[5290]: allowing syscall: connect
09-20 16:47:35.586  5290  5290 W ATFWD-daemon: libminijail[5290]: allowing syscall: fcntl
09-20 16:47:35.586  5290  5290 W ATFWD-daemon: libminijail[5290]: allowing syscall: sendto
09-20 16:47:35.586  5290  5290 W ATFWD-daemon: libminijail[5290]: allowing syscall: socket
09-20 16:47:35.586  5290  5290 W ATFWD-daemon: libminijail[5290]: allowing syscall: writev
09-20 16:47:35.587  5290  5290 W ATFWD-daemon: libminijail[5290]: logging seccomp filter failures
09-20 16:47:35.587  5290  5290 E ATFWD-daemon: libminijail[5290]: blocked syscall: gettid
09-20 16:47:35.590  5289  5289 W wfm.exe : type=1400 audit(0.0:929281): avc:  denied  { ioctl } for  path="/data/user/0/com.winlator/files/rootfs/home/xuser-1/.wine/drive_c/windows/system32" dev="mmcblk0p87" ino=117922 ioctlcmd=0x7201 scontext=u:r:untrusted_app_27:s0:c145,c257,c512,c768 tcontext=u:object_r:app_data_file:s0:c145,c257,c512,c768 tclass=dir permissive=0 app=com.winlator
09-20 16:47:35.590  5289  5289 W wfm.exe : type=1400 audit(0.0:929282): avc:  denied  { ioctl } for  path="/data/user/0/com.winlator/files/rootfs/home/xuser-1/.wine/drive_c/windows/system32" dev="mmcblk0p87" ino=117922 ioctlcmd=0x7201 scontext=u:r:untrusted_app_27:s0:c145,c257,c512,c768 tcontext=u:object_r:app_data_file:s0:c145,c257,c512,c768 tclass=dir permissive=0 app=com.winlator
09-20 16:47:35.590  5289  5289 W wfm.exe : type=1400 audit(0.0:929283): avc:  denied  { ioctl } for  path="/data/user/0/com.winlator/files/rootfs/home/xuser-1/.wine/drive_c/windows/system32" dev="mmcblk0p87" ino=117922 ioctlcmd=0x7201 scontext=u:r:untrusted_app_27:s0:c145,c257,c512,c768 tcontext=u:object_r:app_data_file:s0:c145,c257,c512,c768 tclass=dir permissive=0 app=com.winlator
09-20 16:47:35.614  5291  5291 I flags_health_check: ServerConfigurableFlagsReset reset_mode value: 1
09-20 16:47:35.614  5291  5291 I flags_health_check: ServerConfigurableFlagsReset updatable crashing detected, resetting flags.
09-20 16:47:35.633   653  3425 W libperfmgr: Failed to write to node: /sys/module/battery_saver/parameters/enabled with value: N, fd: -1
09-20 16:47:35.640  5289  5289 W wfm.exe : type=1400 audit(0.0:929284): avc:  denied  { ioctl } for  path="/data/user/0/com.winlator/files/rootfs/home/xuser-1/.wine/drive_c/windows/system32" dev="mmcblk0p87" ino=117922 ioctlcmd=0x7201 scontext=u:r:untrusted_app_27:s0:c145,c257,c512,c768 tcontext=u:object_r:app_data_file:s0:c145,c257,c512,c768 tclass=dir permissive=0 app=com.winlator
09-20 16:47:35.654  1057 20417 I vendor.qti.bluetooth@1.0-ibs_handler: ProcessIbsCmd: Received IBS_WAKE_IND: 0xFD
09-20 16:47:35.654  1057 20417 D vendor.qti.bluetooth@1.0-ibs_handler: SerialClockVote: vote for UART CLK ON
09-20 16:47:35.640  5289  5289 W wfm.exe : type=1400 audit(0.0:929285): avc:  denied  { ioctl } for  path="/data/user/0/com.winlator/files/rootfs/home/xuser-1/.wine/drive_c/windows/system32" dev="mmcblk0p87" ino=117922 ioctlcmd=0x7201 scontext=u:r:untrusted_app_27:s0:c145,c257,c512,c768 tcontext=u:object_r:app_data_file:s0:c145,c257,c512,c768 tclass=dir permissive=0 app=com.winlator
09-20 16:47:35.656  1057 20417 D vendor.qti.bluetooth@1.0-wake_lock: Acquire wakelock is acquired 
09-20 16:47:35.656  1057 20417 I vendor.qti.bluetooth@1.0-ibs_handler: ProcessIbsCmd: Writing IBS_WAKE_ACK
09-20 16:47:35.661 13691  5191 I fpp     : Ranging Results Update: DeviceId=-993898835 Distance=3.1622776601683795 (m) Type=BLE
09-20 16:47:35.697  1057 20417 I vendor.qti.bluetooth@1.0-ibs_handler: ProcessIbsCmd: Received IBS_SLEEP_IND: 0xFE
09-20 16:47:35.697  1057 20417 D vendor.qti.bluetooth@1.0-ibs_handler: SerialClockVote: vote for UART CLK OFF
09-20 16:47:35.769  1085  1168 E WifiHAL : wifi_get_cached_scan_results: Wifi Cached Scan Result not supported by driver
09-20 16:47:35.770  1836  2452 E WifiStaIfaceAidlImpl: getCachedScanData failed with service-specific exception: android.os.ServiceSpecificException:  (code 4)
09-20 16:47:35.848  1057 20410 D vendor.qti.bluetooth@1.0-wake_lock: Release wakelock is released 
09-20 16:47:36.134   653  3425 W libperfmgr: Failed to write to node: /sys/module/battery_saver/parameters/enabled with value: N, fd: -1
09-20 16:47:36.635   653  3425 W libperfmgr: Failed to write to node: /sys/module/battery_saver/parameters/enabled with value: N, fd: -1
09-20 16:47:36.735   653  3425 W libperfmgr: Failed to write to node: /sys/module/battery_saver/parameters/enabled with value: N, fd: -1
09-20 16:47:36.755   653  3425 W libperfmgr: Failed to write to node: /sys/module/battery_saver/parameters/enabled with value: N, fd: -1
09-20 16:47:36.865   653  3425 W libperfmgr: Failed to write to node: /sys/module/battery_saver/parameters/enabled with value: N, fd: -1
09-20 16:47:36.935   653  3425 W libperfmgr: Failed to write to node: /sys/module/battery_saver/parameters/enabled with value: N, fd: -1
09-20 16:47:37.033  1057 20417 I vendor.qti.bluetooth@1.0-ibs_handler: ProcessIbsCmd: Received IBS_WAKE_IND: 0xFD
09-20 16:47:37.033  1057 20417 D vendor.qti.bluetooth@1.0-ibs_handler: SerialClockVote: vote for UART CLK ON
09-20 16:47:37.038  1057 20417 D vendor.qti.bluetooth@1.0-wake_lock: Acquire wakelock is acquired 
09-20 16:47:37.038  1057 20417 I vendor.qti.bluetooth@1.0-ibs_handler: ProcessIbsCmd: Writing IBS_WAKE_ACK
09-20 16:47:37.048 13691  5191 I fpp     : Ranging Results Update: DeviceId=-993898835 Distance=3.9810717055349722 (m) Type=BLE
09-20 16:47:37.110  1057 20417 I vendor.qti.bluetooth@1.0-ibs_handler: ProcessIbsCmd: Received IBS_SLEEP_IND: 0xFE
09-20 16:47:37.110  1057 20417 D vendor.qti.bluetooth@1.0-ibs_handler: SerialClockVote: vote for UART CLK OFF
09-20 16:47:37.261  1057 20410 D vendor.qti.bluetooth@1.0-wake_lock: Release wakelock is released 
09-20 16:47:37.437   653  3425 W libperfmgr: Failed to write to node: /sys/module/battery_saver/parameters/enabled with value: N, fd: -1
09-20 16:47:37.937   653  3425 W libperfmgr: Failed to write to node: /sys/module/battery_saver/parameters/enabled with value: N, fd: -1
09-20 16:47:38.077 26738  7301 D App     : bindSocketToActiveNetwork: binding fd=99 to net=107 iface=wlan0
09-20 16:47:38.078 26738 26797 D gojni   : App: bindSocketToActiveNetwork: binding fd=99 to net=107 iface=wlan0
09-20 16:47:38.082 26738 26797 D App     : bindSocketToActiveNetwork: binding fd=99 to net=107 iface=wlan0
09-20 16:47:38.083 26738  7301 D gojni   : App: bindSocketToActiveNetwork: binding fd=99 to net=107 iface=wlan0
09-20 16:47:38.385  1057 20417 I vendor.qti.bluetooth@1.0-ibs_handler: ProcessIbsCmd: Received IBS_WAKE_IND: 0xFD
09-20 16:47:38.385  1057 20417 D vendor.qti.bluetooth@1.0-ibs_handler: SerialClockVote: vote for UART CLK ON
09-20 16:47:38.387  1057 20417 D vendor.qti.bluetooth@1.0-wake_lock: Acquire wakelock is acquired 
09-20 16:47:38.387  1057 20417 I vendor.qti.bluetooth@1.0-ibs_handler: ProcessIbsCmd: Writing IBS_WAKE_ACK
09-20 16:47:38.399 13691  5191 I fpp     : Ranging Results Update: DeviceId=-993898835 Distance=5.623413251903491 (m) Type=BLE
09-20 16:47:38.433  1057 20417 I vendor.qti.bluetooth@1.0-ibs_handler: ProcessIbsCmd: Received IBS_SLEEP_IND: 0xFE
09-20 16:47:38.433  1057 20417 D vendor.qti.bluetooth@1.0-ibs_handler: SerialClockVote: vote for UART CLK OFF
09-20 16:47:38.438   653  3425 W libperfmgr: Failed to write to node: /sys/module/battery_saver/parameters/enabled with value: N, fd: -1
09-20 16:47:38.497  1057 20417 I vendor.qti.bluetooth@1.0-ibs_handler: ProcessIbsCmd: Received IBS_WAKE_IND: 0xFD
09-20 16:47:38.497  1057 20417 D vendor.qti.bluetooth@1.0-ibs_handler: SerialClockVote: vote for UART CLK ON
09-20 16:47:38.497  1057 20417 I vendor.qti.bluetooth@1.0-ibs_handler: ProcessIbsCmd: Writing IBS_WAKE_ACK
09-20 16:47:38.520  5213  5213 W wine_threadpool: type=1400 audit(0.0:929324): avc:  granted  { execute } for  path="/data/user/0/com.winlator/files/rootfs/usr/lib/libgcc_s.so.1" dev="mmcblk0p87" ino=117709 scontext=u:r:untrusted_app_27:s0:c145,c257,c512,c768 tcontext=u:object_r:app_data_file:s0:c145,c257,c512,c768 tclass=file app=com.winlator
09-20 16:47:38.540  1057 20417 I vendor.qti.bluetooth@1.0-ibs_handler: ProcessIbsCmd: Received IBS_SLEEP_IND: 0xFE
09-20 16:47:38.540  1057 20417 D vendor.qti.bluetooth@1.0-ibs_handler: SerialClockVote: vote for UART CLK OFF
09-20 16:47:38.691  1057 20410 D vendor.qti.bluetooth@1.0-wake_lock: Release wakelock is released 
09-20 16:47:38.797  1085  1168 E WifiHAL : wifi_get_cached_scan_results: Wifi Cached Scan Result not supported by driver
09-20 16:47:38.797  1836  2452 E WifiStaIfaceAidlImpl: getCachedScanData failed with service-specific exception: android.os.ServiceSpecificException:  (code 4)
09-20 16:47:38.940   653  3425 W libperfmgr: Failed to write to node: /sys/module/battery_saver/parameters/enabled with value: N, fd: -1
09-20 16:47:39.441   653  3425 W libperfmgr: Failed to write to node: /sys/module/battery_saver/parameters/enabled with value: N, fd: -1
09-20 16:47:39.530 17885 17885 I gceh    : (REDACTED) Created gRPC endpoint for service %s
09-20 16:47:39.606  1836  4400 D FileUtils: Rounded bytes from 3817758720 to 4000000000
09-20 16:47:39.668 18454 19313 V ClearcutMetricXmitter: Transmission is done.
09-20 16:47:39.761  1057 20417 I vendor.qti.bluetooth@1.0-ibs_handler: ProcessIbsCmd: Received IBS_WAKE_IND: 0xFD
09-20 16:47:39.761  1057 20417 D vendor.qti.bluetooth@1.0-ibs_handler: SerialClockVote: vote for UART CLK ON
09-20 16:47:39.765  1057 20417 D vendor.qti.bluetooth@1.0-wake_lock: Acquire wakelock is acquired 
09-20 16:47:39.765  1057 20417 I vendor.qti.bluetooth@1.0-ibs_handler: ProcessIbsCmd: Writing IBS_WAKE_ACK
09-20 16:47:39.807  1057 20417 I vendor.qti.bluetooth@1.0-ibs_handler: ProcessIbsCmd: Received IBS_SLEEP_IND: 0xFE
09-20 16:47:39.807  1057 20417 D vendor.qti.bluetooth@1.0-ibs_handler: SerialClockVote: vote for UART CLK OFF
09-20 16:47:39.881 13691  5296 I NearbyPresence: (REDACTED) [NP_EVENT] %s
09-20 16:47:39.883 13691  5191 I NearbyPresence: (REDACTED) %s timed out after %d ms. Reporting %s on lost.
09-20 16:47:39.883 13691  5296 I NearbyPresence: (REDACTED) [NP_CONTROL] %s
09-20 16:47:39.884 13691  5296 I NearbyPresence: (REDACTED) %s: Reporting device lost for %s
09-20 16:47:39.898 13691  5296 I NearbyPresence: (REDACTED) [NP_CONTROL] %s
09-20 16:47:39.898 13691  5296 I NearbyPresence: (REDACTED) [FppSensorFusionController] Update called with options: %s
09-20 16:47:39.942   653  3425 W libperfmgr: Failed to write to node: /sys/module/battery_saver/parameters/enabled with value: N, fd: -1
09-20 16:47:39.958  1057 20410 D vendor.qti.bluetooth@1.0-wake_lock: Release wakelock is released 
09-20 16:47:40.443   653  3425 W libperfmgr: Failed to write to node: /sys/module/battery_saver/parameters/enabled with value: N, fd: -1
09-20 16:47:40.618  5298  5298 W ATFWD-daemon: libminijail[5298]: failed to get path of fd 3: No such file or directory
09-20 16:47:40.618  5298  5298 W ATFWD-daemon: libminijail[5298]: allowing syscall: connect
09-20 16:47:40.618  5298  5298 W ATFWD-daemon: libminijail[5298]: allowing syscall: fcntl
09-20 16:47:40.618  5298  5298 W ATFWD-daemon: libminijail[5298]: allowing syscall: sendto
09-20 16:47:40.618  5298  5298 W ATFWD-daemon: libminijail[5298]: allowing syscall: socket
09-20 16:47:40.618  5298  5298 W ATFWD-daemon: libminijail[5298]: allowing syscall: writev
09-20 16:47:40.619  5298  5298 W ATFWD-daemon: libminijail[5298]: logging seccomp filter failures
09-20 16:47:40.619  5298  5298 E ATFWD-daemon: libminijail[5298]: blocked syscall: gettid
09-20 16:47:40.650  5299  5299 I flags_health_check: ServerConfigurableFlagsReset reset_mode value: 1
09-20 16:47:40.650  5299  5299 I flags_health_check: ServerConfigurableFlagsReset updatable crashing detected, resetting flags.
09-20 16:47:40.944   653  3425 W libperfmgr: Failed to write to node: /sys/module/battery_saver/parameters/enabled with value: N, fd: -1
09-20 16:47:41.257  1057 20417 I vendor.qti.bluetooth@1.0-ibs_handler: ProcessIbsCmd: Received IBS_WAKE_IND: 0xFD
09-20 16:47:41.257  1057 20417 D vendor.qti.bluetooth@1.0-ibs_handler: SerialClockVote: vote for UART CLK ON
09-20 16:47:41.260  1057 20417 D vendor.qti.bluetooth@1.0-wake_lock: Acquire wakelock is acquired 
09-20 16:47:41.261  1057 20417 I vendor.qti.bluetooth@1.0-ibs_handler: ProcessIbsCmd: Writing IBS_WAKE_ACK
09-20 16:47:41.270 13691  5297 I fpp     : Ranging Results Update: DeviceId=-993898835 Distance=3.9810717055349722 (m) Type=BLE
09-20 16:47:41.302  1057 20417 I vendor.qti.bluetooth@1.0-ibs_handler: ProcessIbsCmd: Received IBS_SLEEP_IND: 0xFE
09-20 16:47:41.302  1057 20417 D vendor.qti.bluetooth@1.0-ibs_handler: SerialClockVote: vote for UART CLK OFF
09-20 16:47:41.445   653  3425 W libperfmgr: Failed to write to node: /sys/module/battery_saver/parameters/enabled with value: N, fd: -1
09-20 16:47:41.453  1057 20410 D vendor.qti.bluetooth@1.0-wake_lock: Release wakelock is released 
09-20 16:47:41.822  1085  1168 E WifiHAL : wifi_get_cached_scan_results: Wifi Cached Scan Result not supported by driver
09-20 16:47:41.823  1836  2452 E WifiStaIfaceAidlImpl: getCachedScanData failed with service-specific exception: android.os.ServiceSpecificException:  (code 4)
09-20 16:47:41.946   653  3425 W libperfmgr: Failed to write to node: /sys/module/battery_saver/parameters/enabled with value: N, fd: -1
09-20 16:47:42.447   653  3425 W libperfmgr: Failed to write to node: /sys/module/battery_saver/parameters/enabled with value: N, fd: -1
09-20 16:47:42.532  1057 20417 I vendor.qti.bluetooth@1.0-ibs_handler: ProcessIbsCmd: Received IBS_WAKE_IND: 0xFD
09-20 16:47:42.532  1057 20417 D vendor.qti.bluetooth@1.0-ibs_handler: SerialClockVote: vote for UART CLK ON
09-20 16:47:42.536  1057 20417 D vendor.qti.bluetooth@1.0-wake_lock: Acquire wakelock is acquired 
09-20 16:47:42.536  1057 20417 I vendor.qti.bluetooth@1.0-ibs_handler: ProcessIbsCmd: Writing IBS_WAKE_ACK
09-20 16:47:42.578  1057 20417 I vendor.qti.bluetooth@1.0-ibs_handler: ProcessIbsCmd: Received IBS_SLEEP_IND: 0xFE
09-20 16:47:42.579  1057 20417 D vendor.qti.bluetooth@1.0-ibs_handler: SerialClockVote: vote for UART CLK OFF
09-20 16:47:42.730  1057 20410 D vendor.qti.bluetooth@1.0-wake_lock: Release wakelock is released 
09-20 16:47:42.883  2739  2739 D QtiCarrierConfigHelper: WARNING, no carrier configs on phone Id: 0
09-20 16:47:42.884  2739  2739 D QtiCarrierConfigHelper: WARNING, no carrier configs on phone Id: 1
09-20 16:47:42.948   653  3425 W libperfmgr: Failed to write to node: /sys/module/battery_saver/parameters/enabled with value: N, fd: -1
09-20 16:47:43.449   653  3425 W libperfmgr: Failed to write to node: /sys/module/battery_saver/parameters/enabled with value: N, fd: -1
09-20 16:47:43.950   653  3425 W libperfmgr: Failed to write to node: /sys/module/battery_saver/parameters/enabled with value: N, fd: -1
09-20 16:47:43.959  1057 20417 I vendor.qti.bluetooth@1.0-ibs_handler: ProcessIbsCmd: Received IBS_WAKE_IND: 0xFD
09-20 16:47:43.960  1057 20417 D vendor.qti.bluetooth@1.0-ibs_handler: SerialClockVote: vote for UART CLK ON
09-20 16:47:43.964  1057 20417 D vendor.qti.bluetooth@1.0-wake_lock: Acquire wakelock is acquired 
09-20 16:47:43.964  1057 20417 I vendor.qti.bluetooth@1.0-ibs_handler: ProcessIbsCmd: Writing IBS_WAKE_ACK
09-20 16:47:43.981 13691  5297 I fpp     : Ranging Results Update: DeviceId=-993898835 Distance=3.1622776601683795 (m) Type=BLE
09-20 16:47:44.014  1057 20417 I vendor.qti.bluetooth@1.0-ibs_handler: ProcessIbsCmd: Received IBS_SLEEP_IND: 0xFE
09-20 16:47:44.014  1057 20417 D vendor.qti.bluetooth@1.0-ibs_handler: SerialClockVote: vote for UART CLK OFF
09-20 16:47:44.165  1057 20410 D vendor.qti.bluetooth@1.0-wake_lock: Release wakelock is released 
09-20 16:47:44.264 13691  5297 I NearbyMediums: Found Fast Ble Advertisements :
09-20 16:47:44.264 13691  5297 I NearbyMediums: BleAdvertisement { version=2, socketVersion=2, isFast=true, serviceIdHash=null, data=[ 0x23 0x47 0x32 0x58 0x4b 0x11 0x34 0x25 0x4f 0x17 0x07 0xa5 0x77 0xf3 0x70 0x2f 0x1a 0xc7 0xbe 0x97 0x39 0xfc 0x3c ], deviceToken=[ 0xf6 0x35 ], rxAdvertisement=null } : 5 times.
09-20 16:47:44.264 13691  5297 I NearbyMediums: Total 5 fast advertisements from 1 unique advertisers.
09-20 16:47:44.264 13691  5297 I NearbyMediums: Current Tracked Scanning Clients are : {NearbyConnections.EnvironmentMonitor, NearbySharing}
09-20 16:47:44.451   653  3425 W libperfmgr: Failed to write to node: /sys/module/battery_saver/parameters/enabled with value: N, fd: -1
09-20 16:47:44.838  1085  1168 E WifiHAL : wifi_get_cached_scan_results: Wifi Cached Scan Result not supported by driver
09-20 16:47:44.839  1836  2452 E WifiStaIfaceAidlImpl: getCachedScanData failed with service-specific exception: android.os.ServiceSpecificException:  (code 4)
09-20 16:47:44.953   653  3425 W libperfmgr: Failed to write to node: /sys/module/battery_saver/parameters/enabled with value: N, fd: -1
09-20 16:47:45.358  1057 20417 I vendor.qti.bluetooth@1.0-ibs_handler: ProcessIbsCmd: Received IBS_WAKE_IND: 0xFD
09-20 16:47:45.359  1057 20417 D vendor.qti.bluetooth@1.0-ibs_handler: SerialClockVote: vote for UART CLK ON
09-20 16:47:45.363  1057 20417 D vendor.qti.bluetooth@1.0-wake_lock: Acquire wakelock is acquired 
09-20 16:47:45.363  1057 20417 I vendor.qti.bluetooth@1.0-ibs_handler: ProcessIbsCmd: Writing IBS_WAKE_ACK
09-20 16:47:45.372 13691  5297 I fpp     : Ranging Results Update: DeviceId=-993898835 Distance=3.9810717055349722 (m) Type=BLE
09-20 16:47:45.405  1057 20417 I vendor.qti.bluetooth@1.0-ibs_handler: ProcessIbsCmd: Received IBS_SLEEP_IND: 0xFE
09-20 16:47:45.405  1057 20417 D vendor.qti.bluetooth@1.0-ibs_handler: SerialClockVote: vote for UART CLK OFF
09-20 16:47:45.454   653  3425 W libperfmgr: Failed to write to node: /sys/module/battery_saver/parameters/enabled with value: N, fd: -1
09-20 16:47:45.555  1057 20410 D vendor.qti.bluetooth@1.0-wake_lock: Release wakelock is released 
09-20 16:47:45.598  5300  5300 W ATFWD-daemon: libminijail[5300]: failed to get path of fd 3: No such file or directory
09-20 16:47:45.598  5300  5300 W ATFWD-daemon: libminijail[5300]: allowing syscall: connect
09-20 16:47:45.598  5300  5300 W ATFWD-daemon: libminijail[5300]: allowing syscall: fcntl
09-20 16:47:45.598  5300  5300 W ATFWD-daemon: libminijail[5300]: allowing syscall: sendto
09-20 16:47:45.598  5300  5300 W ATFWD-daemon: libminijail[5300]: allowing syscall: socket
09-20 16:47:45.598  5300  5300 W ATFWD-daemon: libminijail[5300]: allowing syscall: writev
09-20 16:47:45.599  5300  5300 W ATFWD-daemon: libminijail[5300]: logging seccomp filter failures
09-20 16:47:45.599  5300  5300 E ATFWD-daemon: libminijail[5300]: blocked syscall: gettid
09-20 16:47:45.629  5301  5301 I flags_health_check: ServerConfigurableFlagsReset reset_mode value: 1
09-20 16:47:45.629  5301  5301 I flags_health_check: ServerConfigurableFlagsReset updatable crashing detected, resetting flags.
09-20 16:47:45.955   653  3425 W libperfmgr: Failed to write to node: /sys/module/battery_saver/parameters/enabled with value: N, fd: -1
09-20 16:47:46.457   653  3425 W libperfmgr: Failed to write to node: /sys/module/battery_saver/parameters/enabled with value: N, fd: -1
09-20 16:47:46.865  1057 20417 I vendor.qti.bluetooth@1.0-ibs_handler: ProcessIbsCmd: Received IBS_WAKE_IND: 0xFD
09-20 16:47:46.866  1057 20417 D vendor.qti.bluetooth@1.0-ibs_handler: SerialClockVote: vote for UART CLK ON
09-20 16:47:46.869  1057 20417 D vendor.qti.bluetooth@1.0-wake_lock: Acquire wakelock is acquired 
09-20 16:47:46.869  1057 20417 I vendor.qti.bluetooth@1.0-ibs_handler: ProcessIbsCmd: Writing IBS_WAKE_ACK
09-20 16:47:46.922 13691  5297 I NearbyPresence: (REDACTED) [NP_EVENT] %s
09-20 16:47:46.924 13691  5297 I NearbyPresence: (REDACTED) [NP_CONTROL] %s
09-20 16:47:46.928 13691  5297 I NearbyPresence: (REDACTED) [NP_CONTROL] %s
09-20 16:47:46.928 13691  5297 I NearbyPresence: (REDACTED) [FppSensorFusionController] Update called with options: %s
09-20 16:47:46.929 13691  5297 I fpp     : Ranging Results Update: DeviceId=-993898835 Distance=5.623413251903491 (m) Type=BLE
09-20 16:47:46.942  1057 20417 I vendor.qti.bluetooth@1.0-ibs_handler: ProcessIbsCmd: Received IBS_SLEEP_IND: 0xFE
09-20 16:47:46.942  1057 20417 D vendor.qti.bluetooth@1.0-ibs_handler: SerialClockVote: vote for UART CLK OFF
09-20 16:47:46.957   653  3425 W libperfmgr: Failed to write to node: /sys/module/battery_saver/parameters/enabled with value: N, fd: -1
09-20 16:47:47.092  1057 20410 D vendor.qti.bluetooth@1.0-wake_lock: Release wakelock is released 
09-20 16:47:47.458   653  3425 W libperfmgr: Failed to write to node: /sys/module/battery_saver/parameters/enabled with value: N, fd: -1
09-20 16:47:47.856  1085  1168 E WifiHAL : wifi_get_cached_scan_results: Wifi Cached Scan Result not supported by driver
09-20 16:47:47.857  1836  2452 E WifiStaIfaceAidlImpl: getCachedScanData failed with service-specific exception: android.os.ServiceSpecificException:  (code 4)
09-20 16:47:47.960   653  3425 W libperfmgr: Failed to write to node: /sys/module/battery_saver/parameters/enabled with value: N, fd: -1
09-20 16:47:48.021  1057 20417 I vendor.qti.bluetooth@1.0-ibs_handler: ProcessIbsCmd: Received IBS_WAKE_IND: 0xFD
09-20 16:47:48.021  1057 20417 D vendor.qti.bluetooth@1.0-ibs_handler: SerialClockVote: vote for UART CLK ON
09-20 16:47:48.026  1057 20417 D vendor.qti.bluetooth@1.0-wake_lock: Acquire wakelock is acquired 
09-20 16:47:48.026  1057 20417 I vendor.qti.bluetooth@1.0-ibs_handler: ProcessIbsCmd: Writing IBS_WAKE_ACK
09-20 16:47:48.034 13691  5296 I fpp     : Ranging Results Update: DeviceId=-993898835 Distance=3.548133892335755 (m) Type=BLE
09-20 16:47:48.068  1057 20417 I vendor.qti.bluetooth@1.0-ibs_handler: ProcessIbsCmd: Received IBS_SLEEP_IND: 0xFE
09-20 16:47:48.068  1057 20417 D vendor.qti.bluetooth@1.0-ibs_handler: SerialClockVote: vote for UART CLK OFF
09-20 16:47:48.081  1057 20417 I vendor.qti.bluetooth@1.0-ibs_handler: ProcessIbsCmd: Received IBS_WAKE_IND: 0xFD
09-20 16:47:48.081  1057 20417 D vendor.qti.bluetooth@1.0-ibs_handler: SerialClockVote: vote for UART CLK ON
09-20 16:47:48.081  1057 20417 I vendor.qti.bluetooth@1.0-ibs_handler: ProcessIbsCmd: Writing IBS_WAKE_ACK
09-20 16:47:48.123  1057 20417 I vendor.qti.bluetooth@1.0-ibs_handler: ProcessIbsCmd: Received IBS_SLEEP_IND: 0xFE
09-20 16:47:48.123  1057 20417 D vendor.qti.bluetooth@1.0-ibs_handler: SerialClockVote: vote for UART CLK OFF
09-20 16:47:48.274  1057 20410 D vendor.qti.bluetooth@1.0-wake_lock: Release wakelock is released 
09-20 16:47:48.462   653  3425 W libperfmgr: Failed to write to node: /sys/module/battery_saver/parameters/enabled with value: N, fd: -1
09-20 16:47:48.964   653  3425 W libperfmgr: Failed to write to node: /sys/module/battery_saver/parameters/enabled with value: N, fd: -1
09-20 16:47:49.465   653  3425 W libperfmgr: Failed to write to node: /sys/module/battery_saver/parameters/enabled with value: N, fd: -1
09-20 16:47:49.603  1057 20417 I vendor.qti.bluetooth@1.0-ibs_handler: ProcessIbsCmd: Received IBS_WAKE_IND: 0xFD
09-20 16:47:49.603  1057 20417 D vendor.qti.bluetooth@1.0-ibs_handler: SerialClockVote: vote for UART CLK ON
09-20 16:47:49.609  1057 20417 D vendor.qti.bluetooth@1.0-wake_lock: Acquire wakelock is acquired 
09-20 16:47:49.609  1057 20417 I vendor.qti.bluetooth@1.0-ibs_handler: ProcessIbsCmd: Writing IBS_WAKE_ACK
09-20 16:47:49.650  1057 20417 I vendor.qti.bluetooth@1.0-ibs_handler: ProcessIbsCmd: Received IBS_SLEEP_IND: 0xFE
09-20 16:47:49.651  1057 20417 D vendor.qti.bluetooth@1.0-ibs_handler: SerialClockVote: vote for UART CLK OFF
09-20 16:47:49.678  1057 20417 I vendor.qti.bluetooth@1.0-ibs_handler: ProcessIbsCmd: Received IBS_WAKE_IND: 0xFD
09-20 16:47:49.678  1057 20417 D vendor.qti.bluetooth@1.0-ibs_handler: SerialClockVote: vote for UART CLK ON
09-20 16:47:49.678  1057 20417 I vendor.qti.bluetooth@1.0-ibs_handler: ProcessIbsCmd: Writing IBS_WAKE_ACK
09-20 16:47:49.720  1057 20417 I vendor.qti.bluetooth@1.0-ibs_handler: ProcessIbsCmd: Received IBS_SLEEP_IND: 0xFE
09-20 16:47:49.721  1057 20417 D vendor.qti.bluetooth@1.0-ibs_handler: SerialClockVote: vote for UART CLK OFF
09-20 16:47:49.721  1057 20417 I vendor.qti.bluetooth@1.0-ibs_handler: ProcessIbsCmd: Received IBS_WAKE_IND: 0xFD
09-20 16:47:49.721  1057 20417 D vendor.qti.bluetooth@1.0-ibs_handler: SerialClockVote: vote for UART CLK ON
09-20 16:47:49.721  1057 20417 I vendor.qti.bluetooth@1.0-ibs_handler: ProcessIbsCmd: Writing IBS_WAKE_ACK
09-20 16:47:49.763  1057 20417 I vendor.qti.bluetooth@1.0-ibs_handler: ProcessIbsCmd: Received IBS_SLEEP_IND: 0xFE
09-20 16:47:49.763  1057 20417 D vendor.qti.bluetooth@1.0-ibs_handler: SerialClockVote: vote for UART CLK OFF
09-20 16:47:49.913  1057 20410 D vendor.qti.bluetooth@1.0-wake_lock: Release wakelock is released 
09-20 16:47:49.966   653  3425 W libperfmgr: Failed to write to node: /sys/module/battery_saver/parameters/enabled with value: N, fd: -1
09-20 16:47:50.467   653  3425 W libperfmgr: Failed to write to node: /sys/module/battery_saver/parameters/enabled with value: N, fd: -1
09-20 16:47:50.628  5302  5302 W ATFWD-daemon: libminijail[5302]: failed to get path of fd 3: No such file or directory
09-20 16:47:50.628  5302  5302 W ATFWD-daemon: libminijail[5302]: allowing syscall: connect
09-20 16:47:50.628  5302  5302 W ATFWD-daemon: libminijail[5302]: allowing syscall: fcntl
09-20 16:47:50.628  5302  5302 W ATFWD-daemon: libminijail[5302]: allowing syscall: sendto
09-20 16:47:50.628  5302  5302 W ATFWD-daemon: libminijail[5302]: allowing syscall: socket
09-20 16:47:50.628  5302  5302 W ATFWD-daemon: libminijail[5302]: allowing syscall: writev
09-20 16:47:50.629  5302  5302 W ATFWD-daemon: libminijail[5302]: logging seccomp filter failures
09-20 16:47:50.629  5302  5302 E ATFWD-daemon: libminijail[5302]: blocked syscall: gettid
09-20 16:47:50.663  5303  5303 I flags_health_check: ServerConfigurableFlagsReset reset_mode value: 1
09-20 16:47:50.664  5303  5303 I flags_health_check: ServerConfigurableFlagsReset updatable crashing detected, resetting flags.
09-20 16:47:50.873  1085  1168 E WifiHAL : wifi_get_cached_scan_results: Wifi Cached Scan Result not supported by driver
09-20 16:47:50.874  1836  2452 E WifiStaIfaceAidlImpl: getCachedScanData failed with service-specific exception: android.os.ServiceSpecificException:  (code 4)
09-20 16:47:50.968   653  3425 W libperfmgr: Failed to write to node: /sys/module/battery_saver/parameters/enabled with value: N, fd: -1
09-20 16:47:51.080  1057 20417 I vendor.qti.bluetooth@1.0-ibs_handler: ProcessIbsCmd: Received IBS_WAKE_IND: 0xFD
09-20 16:47:51.081  1057 20417 D vendor.qti.bluetooth@1.0-ibs_handler: SerialClockVote: vote for UART CLK ON
09-20 16:47:51.084  1057 20417 D vendor.qti.bluetooth@1.0-wake_lock: Acquire wakelock is acquired 
09-20 16:47:51.084  1057 20417 I vendor.qti.bluetooth@1.0-ibs_handler: ProcessIbsCmd: Writing IBS_WAKE_ACK
09-20 16:47:51.127  1057 20417 I vendor.qti.bluetooth@1.0-ibs_handler: ProcessIbsCmd: Received IBS_SLEEP_IND: 0xFE
09-20 16:47:51.127  1057 20417 D vendor.qti.bluetooth@1.0-ibs_handler: SerialClockVote: vote for UART CLK OFF
09-20 16:47:51.277  1057 20410 D vendor.qti.bluetooth@1.0-wake_lock: Release wakelock is released 
09-20 16:47:51.469   653  3425 W libperfmgr: Failed to write to node: /sys/module/battery_saver/parameters/enabled with value: N, fd: -1
09-20 16:47:51.970   653  3425 W libperfmgr: Failed to write to node: /sys/module/battery_saver/parameters/enabled with value: N, fd: -1
09-20 16:47:52.472   653  3425 W libperfmgr: Failed to write to node: /sys/module/battery_saver/parameters/enabled with value: N, fd: -1
09-20 16:47:52.973   653  3425 W libperfmgr: Failed to write to node: /sys/module/battery_saver/parameters/enabled with value: N, fd: -1
09-20 16:47:53.473   653  3425 W libperfmgr: Failed to write to node: /sys/module/battery_saver/parameters/enabled with value: N, fd: -1
09-20 16:47:53.718  1057 20417 I vendor.qti.bluetooth@1.0-ibs_handler: ProcessIbsCmd: Received IBS_WAKE_IND: 0xFD
09-20 16:47:53.718  1057 20417 D vendor.qti.bluetooth@1.0-ibs_handler: SerialClockVote: vote for UART CLK ON
09-20 16:47:53.723  1057 20417 D vendor.qti.bluetooth@1.0-wake_lock: Acquire wakelock is acquired 
09-20 16:47:53.723  1057 20417 I vendor.qti.bluetooth@1.0-ibs_handler: ProcessIbsCmd: Writing IBS_WAKE_ACK
09-20 16:47:53.765  1057 20417 I vendor.qti.bluetooth@1.0-ibs_handler: ProcessIbsCmd: Received IBS_SLEEP_IND: 0xFE
09-20 16:47:53.765  1057 20417 D vendor.qti.bluetooth@1.0-ibs_handler: SerialClockVote: vote for UART CLK OFF
09-20 16:47:53.898  1085  1168 E WifiHAL : wifi_get_cached_scan_results: Wifi Cached Scan Result not supported by driver
09-20 16:47:53.899  1836  2452 E WifiStaIfaceAidlImpl: getCachedScanData failed with service-specific exception: android.os.ServiceSpecificException:  (code 4)
09-20 16:47:53.917  1057 20410 D vendor.qti.bluetooth@1.0-wake_lock: Release wakelock is released 
09-20 16:47:53.974   653  3425 W libperfmgr: Failed to write to node: /sys/module/battery_saver/parameters/enabled with value: N, fd: -1
09-20 16:47:54.268 13691  5296 I NearbyMediums: Found Fast Ble Advertisements :
09-20 16:47:54.268 13691  5296 I NearbyMediums: BleAdvertisement { version=2, socketVersion=2, isFast=true, serviceIdHash=null, data=[ 0x23 0x47 0x32 0x58 0x4b 0x11 0x34 0x25 0x4f 0x17 0x07 0xa5 0x77 0xf3 0x70 0x2f 0x1a 0xc7 0xbe 0x97 0x39 0xfc 0x3c ], deviceToken=[ 0xf6 0x35 ], rxAdvertisement=null } : 2 times.
09-20 16:47:54.268 13691  5296 I NearbyMediums: Total 2 fast advertisements from 1 unique advertisers.
09-20 16:47:54.268 13691  5296 I NearbyMediums: Current Tracked Scanning Clients are : {NearbyConnections.EnvironmentMonitor, NearbySharing}
09-20 16:47:54.476   653  3425 W libperfmgr: Failed to write to node: /sys/module/battery_saver/parameters/enabled with value: N, fd: -1
09-20 16:47:54.977   653  3425 W libperfmgr: Failed to write to node: /sys/module/battery_saver/parameters/enabled with value: N, fd: -1
09-20 16:47:55.157  1057 20417 I vendor.qti.bluetooth@1.0-ibs_handler: ProcessIbsCmd: Received IBS_WAKE_IND: 0xFD
09-20 16:47:55.157  1057 20417 D vendor.qti.bluetooth@1.0-ibs_handler: SerialClockVote: vote for UART CLK ON
09-20 16:47:55.160  1057 20417 D vendor.qti.bluetooth@1.0-wake_lock: Acquire wakelock is acquired 
09-20 16:47:55.161  1057 20417 I vendor.qti.bluetooth@1.0-ibs_handler: ProcessIbsCmd: Writing IBS_WAKE_ACK
09-20 16:47:55.203  1057 20417 I vendor.qti.bluetooth@1.0-ibs_handler: ProcessIbsCmd: Received IBS_SLEEP_IND: 0xFE
09-20 16:47:55.203  1057 20417 D vendor.qti.bluetooth@1.0-ibs_handler: SerialClockVote: vote for UART CLK OFF
09-20 16:47:55.244  1057 20417 I vendor.qti.bluetooth@1.0-ibs_handler: ProcessIbsCmd: Received IBS_WAKE_IND: 0xFD
09-20 16:47:55.244  1057 20417 D vendor.qti.bluetooth@1.0-ibs_handler: SerialClockVote: vote for UART CLK ON
09-20 16:47:55.244  1057 20417 I vendor.qti.bluetooth@1.0-ibs_handler: ProcessIbsCmd: Writing IBS_WAKE_ACK
09-20 16:47:55.252 13691  5296 I fpp     : Ranging Results Update: DeviceId=-993898835 Distance=5.623413251903491 (m) Type=BLE
09-20 16:47:55.287  1057 20417 I vendor.qti.bluetooth@1.0-ibs_handler: ProcessIbsCmd: Received IBS_SLEEP_IND: 0xFE
09-20 16:47:55.287  1057 20417 D vendor.qti.bluetooth@1.0-ibs_handler: SerialClockVote: vote for UART CLK OFF
09-20 16:47:55.438  1057 20410 D vendor.qti.bluetooth@1.0-wake_lock: Release wakelock is released 
09-20 16:47:55.479   653  3425 W libperfmgr: Failed to write to node: /sys/module/battery_saver/parameters/enabled with value: N, fd: -1
09-20 16:47:55.617  5304  5304 W ATFWD-daemon: libminijail[5304]: failed to get path of fd 3: No such file or directory
09-20 16:47:55.617  5304  5304 W ATFWD-daemon: libminijail[5304]: allowing syscall: connect
09-20 16:47:55.617  5304  5304 W ATFWD-daemon: libminijail[5304]: allowing syscall: fcntl
09-20 16:47:55.617  5304  5304 W ATFWD-daemon: libminijail[5304]: allowing syscall: sendto
09-20 16:47:55.618  5304  5304 W ATFWD-daemon: libminijail[5304]: allowing syscall: socket
09-20 16:47:55.618  5304  5304 W ATFWD-daemon: libminijail[5304]: allowing syscall: writev
09-20 16:47:55.618  5304  5304 W ATFWD-daemon: libminijail[5304]: logging seccomp filter failures
09-20 16:47:55.619  5304  5304 E ATFWD-daemon: libminijail[5304]: blocked syscall: gettid
09-20 16:47:55.648  5305  5305 I flags_health_check: ServerConfigurableFlagsReset reset_mode value: 1
09-20 16:47:55.648  5305  5305 I flags_health_check: ServerConfigurableFlagsReset updatable crashing detected, resetting flags.
09-20 16:47:55.980   653  3425 W libperfmgr: Failed to write to node: /sys/module/battery_saver/parameters/enabled with value: N, fd: -1
09-20 16:47:56.477  1057 20417 I vendor.qti.bluetooth@1.0-ibs_handler: ProcessIbsCmd: Received IBS_WAKE_IND: 0xFD
09-20 16:47:56.478  1057 20417 D vendor.qti.bluetooth@1.0-ibs_handler: SerialClockVote: vote for UART CLK ON
09-20 16:47:56.480  1057 20417 D vendor.qti.bluetooth@1.0-wake_lock: Acquire wakelock is acquired 
09-20 16:47:56.480  1057 20417 I vendor.qti.bluetooth@1.0-ibs_handler: ProcessIbsCmd: Writing IBS_WAKE_ACK
09-20 16:47:56.480   653  3425 W libperfmgr: Failed to write to node: /sys/module/battery_saver/parameters/enabled with value: N, fd: -1
09-20 16:47:56.484 13691  5296 I fpp     : Ranging Results Update: DeviceId=-993898835 Distance=3.548133892335755 (m) Type=BLE
09-20 16:47:56.484 13691  5296 I fpp     : Proximity state event detected: device=-993898835, distance(m)=3.55, state=LONG_RANGE, prevState=Unknown/Expired, distance history=[]
09-20 16:47:56.521  1057 20417 I vendor.qti.bluetooth@1.0-ibs_handler: ProcessIbsCmd: Received IBS_SLEEP_IND: 0xFE
09-20 16:47:56.521  1057 20417 D vendor.qti.bluetooth@1.0-ibs_handler: SerialClockVote: vote for UART CLK OFF
09-20 16:47:56.672  1057 20410 D vendor.qti.bluetooth@1.0-wake_lock: Release wakelock is released 
09-20 16:47:56.927  1085  1168 E WifiHAL : wifi_get_cached_scan_results: Wifi Cached Scan Result not supported by driver
09-20 16:47:56.928  1836  2452 E WifiStaIfaceAidlImpl: getCachedScanData failed with service-specific exception: android.os.ServiceSpecificException:  (code 4)
09-20 16:47:56.982   653  3425 W libperfmgr: Failed to write to node: /sys/module/battery_saver/parameters/enabled with value: N, fd: -1
09-20 16:47:57.482   653  3425 W libperfmgr: Failed to write to node: /sys/module/battery_saver/parameters/enabled with value: N, fd: -1
09-20 16:47:57.835  1836  2462 V serviceDiscovery: [MdnsAdvertiser.wlan0] VERBOSE Parsed packet with transactionId(124): 1 questions, 0 answers, 0 authority, 0 additional from /192.168.80.35:5353
09-20 16:47:57.838  1836  2462 V serviceDiscovery: [MdnsAdvertiser.wlan0] VERBOSE Parsed packet with transactionId(124): 1 questions, 0 answers, 0 authority, 0 additional from /[fe80::a844:71ff:fe70:1823%wlan0]:5353
09-20 16:47:57.855  1057 20417 I vendor.qti.bluetooth@1.0-ibs_handler: ProcessIbsCmd: Received IBS_WAKE_IND: 0xFD
09-20 16:47:57.855  1057 20417 D vendor.qti.bluetooth@1.0-ibs_handler: SerialClockVote: vote for UART CLK ON
09-20 16:47:57.857  1057 20417 D vendor.qti.bluetooth@1.0-wake_lock: Acquire wakelock is acquired 
09-20 16:47:57.858  1057 20417 I vendor.qti.bluetooth@1.0-ibs_handler: ProcessIbsCmd: Writing IBS_WAKE_ACK
09-20 16:47:57.864 13691  5296 I fpp     : Ranging Results Update: DeviceId=-993898835 Distance=3.9810717055349722 (m) Type=BLE
09-20 16:47:57.902  1057 20417 I vendor.qti.bluetooth@1.0-ibs_handler: ProcessIbsCmd: Received IBS_SLEEP_IND: 0xFE
09-20 16:47:57.902  1057 20417 D vendor.qti.bluetooth@1.0-ibs_handler: SerialClockVote: vote for UART CLK OFF
09-20 16:47:57.983   653  3425 W libperfmgr: Failed to write to node: /sys/module/battery_saver/parameters/enabled with value: N, fd: -1
09-20 16:47:58.052  1057 20410 D vendor.qti.bluetooth@1.0-wake_lock: Release wakelock is released 
09-20 16:47:58.484   653  3425 W libperfmgr: Failed to write to node: /sys/module/battery_saver/parameters/enabled with value: N, fd: -1
09-20 16:47:58.986   653  3425 W libperfmgr: Failed to write to node: /sys/module/battery_saver/parameters/enabled with value: N, fd: -1
09-20 16:47:59.214  1057 20417 I vendor.qti.bluetooth@1.0-ibs_handler: ProcessIbsCmd: Received IBS_WAKE_IND: 0xFD
09-20 16:47:59.215  1057 20417 D vendor.qti.bluetooth@1.0-ibs_handler: SerialClockVote: vote for UART CLK ON
09-20 16:47:59.218  1057 20417 D vendor.qti.bluetooth@1.0-wake_lock: Acquire wakelock is acquired 
09-20 16:47:59.218  1057 20417 I vendor.qti.bluetooth@1.0-ibs_handler: ProcessIbsCmd: Writing IBS_WAKE_ACK
09-20 16:47:59.225 13691  5296 I fpp     : Ranging Results Update: DeviceId=-993898835 Distance=5.011872336272722 (m) Type=BLE
09-20 16:47:59.268  1057 20417 I vendor.qti.bluetooth@1.0-ibs_handler: ProcessIbsCmd: Received IBS_SLEEP_IND: 0xFE
09-20 16:47:59.268  1057 20417 D vendor.qti.bluetooth@1.0-ibs_handler: SerialClockVote: vote for UART CLK OFF
09-20 16:47:59.419  1057 20410 D vendor.qti.bluetooth@1.0-wake_lock: Release wakelock is released 
09-20 16:47:59.487   653  3425 W libperfmgr: Failed to write to node: /sys/module/battery_saver/parameters/enabled with value: N, fd: -1
09-20 16:47:59.955  1085  1168 E WifiHAL : wifi_get_cached_scan_results: Wifi Cached Scan Result not supported by driver
09-20 16:47:59.956  1836  2452 E WifiStaIfaceAidlImpl: getCachedScanData failed with service-specific exception: android.os.ServiceSpecificException:  (code 4)
09-20 16:47:59.988   653  3425 W libperfmgr: Failed to write to node: /sys/module/battery_saver/parameters/enabled with value: N, fd: -1
09-20 16:48:00.490   653  3425 W libperfmgr: Failed to write to node: /sys/module/battery_saver/parameters/enabled with value: N, fd: -1
09-20 16:48:00.613  5306  5306 W ATFWD-daemon: libminijail[5306]: failed to get path of fd 3: No such file or directory
09-20 16:48:00.614  5306  5306 W ATFWD-daemon: libminijail[5306]: allowing syscall: connect
09-20 16:48:00.614  5306  5306 W ATFWD-daemon: libminijail[5306]: allowing syscall: fcntl
09-20 16:48:00.614  5306  5306 W ATFWD-daemon: libminijail[5306]: allowing syscall: sendto
09-20 16:48:00.614  5306  5306 W ATFWD-daemon: libminijail[5306]: allowing syscall: socket
09-20 16:48:00.614  5306  5306 W ATFWD-daemon: libminijail[5306]: allowing syscall: writev
09-20 16:48:00.614  5306  5306 W ATFWD-daemon: libminijail[5306]: logging seccomp filter failures
09-20 16:48:00.615  5306  5306 E ATFWD-daemon: libminijail[5306]: blocked syscall: gettid
09-20 16:48:00.616  1057 20417 I vendor.qti.bluetooth@1.0-ibs_handler: ProcessIbsCmd: Received IBS_WAKE_IND: 0xFD
09-20 16:48:00.616  1057 20417 D vendor.qti.bluetooth@1.0-ibs_handler: SerialClockVote: vote for UART CLK ON
09-20 16:48:00.619  1057 20417 D vendor.qti.bluetooth@1.0-wake_lock: Acquire wakelock is acquired 
09-20 16:48:00.619  1057 20417 I vendor.qti.bluetooth@1.0-ibs_handler: ProcessIbsCmd: Writing IBS_WAKE_ACK
09-20 16:48:00.645  5307  5307 I flags_health_check: ServerConfigurableFlagsReset reset_mode value: 1
09-20 16:48:00.645  5307  5307 I flags_health_check: ServerConfigurableFlagsReset updatable crashing detected, resetting flags.
09-20 16:48:00.659  1057 20417 I vendor.qti.bluetooth@1.0-ibs_handler: ProcessIbsCmd: Received IBS_SLEEP_IND: 0xFE
09-20 16:48:00.660  1057 20417 D vendor.qti.bluetooth@1.0-ibs_handler: SerialClockVote: vote for UART CLK OFF
09-20 16:48:00.811  1057 20410 D vendor.qti.bluetooth@1.0-wake_lock: Release wakelock is released 
09-20 16:48:00.991   653  3425 W libperfmgr: Failed to write to node: /sys/module/battery_saver/parameters/enabled with value: N, fd: -1
09-20 16:48:01.492   653  3425 W libperfmgr: Failed to write to node: /sys/module/battery_saver/parameters/enabled with value: N, fd: -1
09-20 16:48:01.993   653  3425 W libperfmgr: Failed to write to node: /sys/module/battery_saver/parameters/enabled with value: N, fd: -1
09-20 16:48:02.238  1057 20417 I vendor.qti.bluetooth@1.0-ibs_handler: ProcessIbsCmd: Received IBS_WAKE_IND: 0xFD
09-20 16:48:02.238  1057 20417 D vendor.qti.bluetooth@1.0-ibs_handler: SerialClockVote: vote for UART CLK ON
09-20 16:48:02.240  1057 20417 D vendor.qti.bluetooth@1.0-wake_lock: Acquire wakelock is acquired 
09-20 16:48:02.240  1057 20417 I vendor.qti.bluetooth@1.0-ibs_handler: ProcessIbsCmd: Writing IBS_WAKE_ACK
09-20 16:48:02.250 26738  7301 D App     : bindSocketToActiveNetwork: binding fd=99 to net=107 iface=wlan0
09-20 16:48:02.251 26738  7292 D gojni   : App: bindSocketToActiveNetwork: binding fd=99 to net=107 iface=wlan0
09-20 16:48:02.253 13691  5296 I fpp     : Ranging Results Update: DeviceId=-993898835 Distance=3.9810717055349722 (m) Type=BLE
09-20 16:48:02.256 26738  7292 D App     : bindSocketToActiveNetwork: binding fd=99 to net=107 iface=wlan0
09-20 16:48:02.256 26738 26797 D gojni   : App: bindSocketToActiveNetwork: binding fd=99 to net=107 iface=wlan0
09-20 16:48:02.282  1057 20417 I vendor.qti.bluetooth@1.0-ibs_handler: ProcessIbsCmd: Received IBS_SLEEP_IND: 0xFE
09-20 16:48:02.282  1057 20417 D vendor.qti.bluetooth@1.0-ibs_handler: SerialClockVote: vote for UART CLK OFF
09-20 16:48:02.433  1057 20410 D vendor.qti.bluetooth@1.0-wake_lock: Release wakelock is released 
09-20 16:48:02.494   653  3425 W libperfmgr: Failed to write to node: /sys/module/battery_saver/parameters/enabled with value: N, fd: -1
09-20 16:48:02.983  1085  1168 E WifiHAL : wifi_get_cached_scan_results: Wifi Cached Scan Result not supported by driver
09-20 16:48:02.984  1836  2452 E WifiStaIfaceAidlImpl: getCachedScanData failed with service-specific exception: android.os.ServiceSpecificException:  (code 4)
09-20 16:48:02.995   653  3425 W libperfmgr: Failed to write to node: /sys/module/battery_saver/parameters/enabled with value: N, fd: -1
09-20 16:48:03.496   653  3425 W libperfmgr: Failed to write to node: /sys/module/battery_saver/parameters/enabled with value: N, fd: -1
09-20 16:48:03.599  1057 20417 I vendor.qti.bluetooth@1.0-ibs_handler: ProcessIbsCmd: Received IBS_WAKE_IND: 0xFD
09-20 16:48:03.599  1057 20417 D vendor.qti.bluetooth@1.0-ibs_handler: SerialClockVote: vote for UART CLK ON
09-20 16:48:03.602  1057 20417 D vendor.qti.bluetooth@1.0-wake_lock: Acquire wakelock is acquired 
09-20 16:48:03.603  1057 20417 I vendor.qti.bluetooth@1.0-ibs_handler: ProcessIbsCmd: Writing IBS_WAKE_ACK
09-20 16:48:03.609 13691  5296 I fpp     : Ranging Results Update: DeviceId=-993898835 Distance=6.309573444801933 (m) Type=BLE
09-20 16:48:03.645  1057 20417 I vendor.qti.bluetooth@1.0-ibs_handler: ProcessIbsCmd: Received IBS_SLEEP_IND: 0xFE
09-20 16:48:03.645  1057 20417 D vendor.qti.bluetooth@1.0-ibs_handler: SerialClockVote: vote for UART CLK OFF
09-20 16:48:03.796  1057 20410 D vendor.qti.bluetooth@1.0-wake_lock: Release wakelock is released 
09-20 16:48:03.997   653  3425 W libperfmgr: Failed to write to node: /sys/module/battery_saver/parameters/enabled with value: N, fd: -1
09-20 16:48:04.271 13691  5296 I NearbyMediums: No BLE Fast/GATT advertisements found in the latest cycle.
09-20 16:48:04.271 13691  5296 I NearbyMediums: Current Tracked Scanning Clients are : {NearbyConnections.EnvironmentMonitor, NearbySharing}
09-20 16:48:04.274 13691  5308 I NearbyConnections: Processing lost BlePeripheral BlePeripheral{advertisement=BleAdvertisement { version=2, socketVersion=2, isFast=true, serviceIdHash=null, data=[ 0x23 0x47 0x32 0x58 0x4b 0x11 0x34 0x25 0x4f 0x17 0x07 0xa5 0x77 0xf3 0x70 0x2f 0x1a 0xc7 0xbe 0x97 0x39 0xfc 0x3c ], deviceToken=[ 0xf6 0x35 ], rxAdvertisement=null }, dctAdvertisement=null, address=null, psm=0, deviceToken=<ByteString@1169837 size=2 contents="\3665">, isSecondProfile=false, rxInstantConnectionAdv=null}.
09-20 16:48:04.274 13691  5308 I NearbyConnections: Lost BleEndpoint for BlePeripheral BlePeripheral{advertisement=BleAdvertisement { version=2, socketVersion=2, isFast=true, serviceIdHash=null, data=[ 0x23 0x47 0x32 0x58 0x4b 0x11 0x34 0x25 0x4f 0x17 0x07 0xa5 0x77 0xf3 0x70 0x2f 0x1a 0xc7 0xbe 0x97 0x39 0xfc 0x3c ], deviceToken=[ 0xf6 0x35 ], rxAdvertisement=null }, dctAdvertisement=null, address=null, psm=0, deviceToken=<ByteString@1169837 size=2 contents="\3665">, isSecondProfile=false, rxInstantConnectionAdv=null} (with EndpointId G2XK and EndpointInfo [ 0x34 0x25 0x4f 0x17 0x07 0xa5 0x77 0xf3 0x70 0x2f 0x1a 0xc7 0xbe 0x97 0x39 0xfc 0x3c ]).
09-20 16:48:04.275 13691  5308 I NearbyConnections: Unable to record lost endpoint due to null currentDiscoveryPhase
09-20 16:48:04.275 13691  5308 I NearbyConnections: ClientProxy(119868159) reporting onEndpointLost(G2XK)
09-20 16:48:04.280 13691  5296 I NearbySharing: NearbySharing Internal event EndpointLost(endpointId=G2XK)
09-20 16:48:04.283 13691  5310 I NearbySharing: [NS_DISCOVERY] DiscoveryController reported Lost(endpointId=G2XK)
09-20 16:48:04.498   653  3425 W libperfmgr: Failed to write to node: /sys/module/battery_saver/parameters/enabled with value: N, fd: -1
09-20 16:48:04.786 13691  5310 I NearbySharing: [NS_CONTROL] DiscoveryStateManager emitted ReportLost(id=1).
09-20 16:48:04.787 13691  5310 I NearbySharing: NearbySharing Internal event ReceiverLost(receiverId=1)
09-20 16:48:04.788 13691  5309 I NearbySharing: SendProvider: SendManager event Lost(receiverId=1)
09-20 16:48:04.789 13691  5308 I NearbySharing: ShareTargetDiscoveredCallback: onShareTargetLost()
09-20 16:48:04.813 13691 13691 I NearbySharing: ShortcutInfoManager removed shortcut Tablet de Julian
09-20 16:48:04.821  1836  2019 W NotificationHistory: Attempted to remove conversation for locked/gone/disabled user 0
09-20 16:48:04.954  1057 20417 I vendor.qti.bluetooth@1.0-ibs_handler: ProcessIbsCmd: Received IBS_WAKE_IND: 0xFD
09-20 16:48:04.955  1057 20417 D vendor.qti.bluetooth@1.0-ibs_handler: SerialClockVote: vote for UART CLK ON
09-20 16:48:04.958  1057 20417 D vendor.qti.bluetooth@1.0-wake_lock: Acquire wakelock is acquired 
09-20 16:48:04.958  1057 20417 I vendor.qti.bluetooth@1.0-ibs_handler: ProcessIbsCmd: Writing IBS_WAKE_ACK
09-20 16:48:04.968 13691  5309 I fpp     : Ranging Results Update: DeviceId=-993898835 Distance=3.1622776601683795 (m) Type=BLE
09-20 16:48:04.999   653  3425 W libperfmgr: Failed to write to node: /sys/module/battery_saver/parameters/enabled with value: N, fd: -1
09-20 16:48:05.005  1057 20417 I vendor.qti.bluetooth@1.0-ibs_handler: ProcessIbsCmd: Received IBS_SLEEP_IND: 0xFE
09-20 16:48:05.005  1057 20417 D vendor.qti.bluetooth@1.0-ibs_handler: SerialClockVote: vote for UART CLK OFF
09-20 16:48:05.155  1057 20410 D vendor.qti.bluetooth@1.0-wake_lock: Release wakelock is released 
09-20 16:48:05.501   653  3425 W libperfmgr: Failed to write to node: /sys/module/battery_saver/parameters/enabled with value: N, fd: -1
09-20 16:48:05.666  5311  5311 W ATFWD-daemon: libminijail[5311]: failed to get path of fd 3: No such file or directory
09-20 16:48:05.666  5311  5311 W ATFWD-daemon: libminijail[5311]: allowing syscall: connect
09-20 16:48:05.666  5311  5311 W ATFWD-daemon: libminijail[5311]: allowing syscall: fcntl
09-20 16:48:05.667  5311  5311 W ATFWD-daemon: libminijail[5311]: allowing syscall: sendto
09-20 16:48:05.667  5311  5311 W ATFWD-daemon: libminijail[5311]: allowing syscall: socket
09-20 16:48:05.667  5311  5311 W ATFWD-daemon: libminijail[5311]: allowing syscall: writev
09-20 16:48:05.667  5311  5311 W ATFWD-daemon: libminijail[5311]: logging seccomp filter failures
09-20 16:48:05.668  5311  5311 E ATFWD-daemon: libminijail[5311]: blocked syscall: gettid
09-20 16:48:05.703  5312  5312 I flags_health_check: ServerConfigurableFlagsReset reset_mode value: 1
09-20 16:48:05.703  5312  5312 I flags_health_check: ServerConfigurableFlagsReset updatable crashing detected, resetting flags.
09-20 16:48:06.002   653  3425 W libperfmgr: Failed to write to node: /sys/module/battery_saver/parameters/enabled with value: N, fd: -1
09-20 16:48:06.004  1085  1168 E WifiHAL : wifi_get_cached_scan_results: Wifi Cached Scan Result not supported by driver
09-20 16:48:06.004  1836  2452 E WifiStaIfaceAidlImpl: getCachedScanData failed with service-specific exception: android.os.ServiceSpecificException:  (code 4)
09-20 16:48:06.451  1057 20417 I vendor.qti.bluetooth@1.0-ibs_handler: ProcessIbsCmd: Received IBS_WAKE_IND: 0xFD
09-20 16:48:06.451  1057 20417 D vendor.qti.bluetooth@1.0-ibs_handler: SerialClockVote: vote for UART CLK ON
09-20 16:48:06.454  1057 20417 D vendor.qti.bluetooth@1.0-wake_lock: Acquire wakelock is acquired 
09-20 16:48:06.455  1057 20417 I vendor.qti.bluetooth@1.0-ibs_handler: ProcessIbsCmd: Writing IBS_WAKE_ACK
09-20 16:48:06.464 13691  5309 I fpp     : Ranging Results Update: DeviceId=-993898835 Distance=3.9810717055349722 (m) Type=BLE
09-20 16:48:06.501  1057 20417 I vendor.qti.bluetooth@1.0-ibs_handler: ProcessIbsCmd: Received IBS_SLEEP_IND: 0xFE
09-20 16:48:06.501  1057 20417 D vendor.qti.bluetooth@1.0-ibs_handler: SerialClockVote: vote for UART CLK OFF
09-20 16:48:06.503   653  3425 W libperfmgr: Failed to write to node: /sys/module/battery_saver/parameters/enabled with value: N, fd: -1
09-20 16:48:06.651  1057 20410 D vendor.qti.bluetooth@1.0-wake_lock: Release wakelock is released 
09-20 16:48:07.004   653  3425 W libperfmgr: Failed to write to node: /sys/module/battery_saver/parameters/enabled with value: N, fd: -1
09-20 16:48:07.292  2739  2739 D QtiCarrierConfigHelper: WARNING, no carrier configs on phone Id: 0
09-20 16:48:07.292  2739  2739 D QtiCarrierConfigHelper: WARNING, no carrier configs on phone Id: 1
09-20 16:48:07.505   653  3425 W libperfmgr: Failed to write to node: /sys/module/battery_saver/parameters/enabled with value: N, fd: -1
09-20 16:48:07.830  1057 20417 I vendor.qti.bluetooth@1.0-ibs_handler: ProcessIbsCmd: Received IBS_WAKE_IND: 0xFD
09-20 16:48:07.831  1057 20417 D vendor.qti.bluetooth@1.0-ibs_handler: SerialClockVote: vote for UART CLK ON
09-20 16:48:07.834  1057 20417 D vendor.qti.bluetooth@1.0-wake_lock: Acquire wakelock is acquired 
09-20 16:48:07.834  1057 20417 I vendor.qti.bluetooth@1.0-ibs_handler: ProcessIbsCmd: Writing IBS_WAKE_ACK
09-20 16:48:07.841 13691  5309 I fpp     : Ranging Results Update: DeviceId=-993898835 Distance=5.011872336272722 (m) Type=BLE
09-20 16:48:07.876  1057 20417 I vendor.qti.bluetooth@1.0-ibs_handler: ProcessIbsCmd: Received IBS_SLEEP_IND: 0xFE
09-20 16:48:07.876  1057 20417 D vendor.qti.bluetooth@1.0-ibs_handler: SerialClockVote: vote for UART CLK OFF
09-20 16:48:08.006   653  3425 W libperfmgr: Failed to write to node: /sys/module/battery_saver/parameters/enabled with value: N, fd: -1
09-20 16:48:08.027  1057 20410 D vendor.qti.bluetooth@1.0-wake_lock: Release wakelock is released 
09-20 16:48:08.508   653  3425 W libperfmgr: Failed to write to node: /sys/module/battery_saver/parameters/enabled with value: N, fd: -1
09-20 16:48:09.009   653  3425 W libperfmgr: Failed to write to node: /sys/module/battery_saver/parameters/enabled with value: N, fd: -1
09-20 16:48:09.033  1085  1168 E WifiHAL : wifi_get_cached_scan_results: Wifi Cached Scan Result not supported by driver
09-20 16:48:09.034  1836  2452 E WifiStaIfaceAidlImpl: getCachedScanData failed with service-specific exception: android.os.ServiceSpecificException:  (code 4)
09-20 16:48:09.180  1057 20417 I vendor.qti.bluetooth@1.0-ibs_handler: ProcessIbsCmd: Received IBS_WAKE_IND: 0xFD
09-20 16:48:09.180  1057 20417 D vendor.qti.bluetooth@1.0-ibs_handler: SerialClockVote: vote for UART CLK ON
09-20 16:48:09.184  1057 20417 D vendor.qti.bluetooth@1.0-wake_lock: Acquire wakelock is acquired 
09-20 16:48:09.184  1057 20417 I vendor.qti.bluetooth@1.0-ibs_handler: ProcessIbsCmd: Writing IBS_WAKE_ACK
09-20 16:48:09.192 13691  5308 I fpp     : Ranging Results Update: DeviceId=-993898835 Distance=3.1622776601683795 (m) Type=BLE
09-20 16:48:09.192 13691  5310 I NearbyConnections: Found BleAdvertisement [ 0x23 0x47 0x32 0x58 0x4b 0x11 0x34 0x25 0x4f 0x17 0x07 0xa5 0x77 0xf3 0x70 0x2f 0x1a 0xc7 0xbe 0x97 0x39 0xfc 0x3c ] (with EndpointId G2XK and EndpointInfo [ 0x34 0x25 0x4f 0x17 0x07 0xa5 0x77 0xf3 0x70 0x2f 0x1a 0xc7 0xbe 0x97 0x39 0xfc 0x3c ])
09-20 16:48:09.193 13691  5310 I NearbyConnections: Unable to record discovered endpoint due to null currentDiscoveryPhase
09-20 16:48:09.194 13691  5310 I NearbyConnections: ClientProxy(119868159 0p:com.google.android.gms.nearby.sharing) reporting onEndpointFound(G2XK)
09-20 16:48:09.195 13691  5310 I NearbyConnections: ClientProxy(119868159) reporting onEndpointDistanceChanged(G2XK, UNKNOWN)
09-20 16:48:09.195 13691  5308 I NearbySharing: NearbySharing Internal event EndpointDiscovered(endpointId=G2XK)
09-20 16:48:09.230 13691  5313 I NearbySharing: [NS_DISCOVERY] DiscoveryController reported Discovered(endpointId=G2XK, metadata=DeviceMetadata(version=1, deviceType=2, deviceName=<redacted>, displayName=<redacted>, modelName=Lenovo TB-J606F, imageUri=<redacted>, isSelfShare=true, isFamilyShare=false, isKnown=true, bluetoothMacAddress=<redacted>, vendorId=0, matchesLocalQrCode=false, devicePairingBindingIds=<redacted>))
09-20 16:48:09.230 13691  5313 I NearbySharing: [NS_DEBUG] Dedupped: same endpoint ID G2XK
09-20 16:48:09.230 13691  5313 I NearbySharing: [NS_DEBUG] previous receiver info ReceiverInfo(endpointIds=[DiscoveryEndpoint(id=G2XK, origin=NEARBY_CONNECTIONS)], metadata=DeviceMetadata(version=1, deviceType=2, deviceName=<redacted>, displayName=<redacted>, modelName=Lenovo TB-J606F, imageUri=<redacted>, isSelfShare=true, isFamilyShare=false, isKnown=true, bluetoothMacAddress=<redacted>, vendorId=0, matchesLocalQrCode=false, devicePairingBindingIds=<redacted>), state=Tomb(delayedStateChangeJob=kaqn{Active}@c594335))
09-20 16:48:09.231 13691  5313 I NearbySharing: NearbySharing Internal event ReceiverEndpointMapping(endpointId=G2XK, receiverId=1)
09-20 16:48:09.232 13691  5310 I NearbySharing: [NS_CONTROL] DiscoveryStateManager emitted ReportDiscovered(id=1, metadata=DeviceMetadata(version=1, deviceType=2, deviceName=<redacted>, displayName=<redacted>, modelName=Lenovo TB-J606F, imageUri=<redacted>, isSelfShare=true, isFamilyShare=false, isKnown=true, bluetoothMacAddress=<redacted>, vendorId=0, matchesLocalQrCode=false, devicePairingBindingIds=<redacted>)).
09-20 16:48:09.232 13691  5310 I NearbySharing: NearbySharing Internal event ReceiverDiscovered(receiverId=1, deviceName=Tablet de Julian, isKnown=true, isSelfShare=true, deviceType=2, hasMatchingQrCode=false, isExternal=false, providerName=null, providerId=null, cloudReceiverSessionId=null, cloudSharingId=null)
09-20 16:48:09.233 13691  5309 I NearbySharing: SendProvider: SendManager event Discovered(receiverId=1, receiverMetadata=DeviceMetadata(version=1, deviceType=2, deviceName=<redacted>, displayName=<redacted>, modelName=Lenovo TB-J606F, imageUri=<redacted>, isSelfShare=true, isFamilyShare=false, isKnown=true, bluetoothMacAddress=<redacted>, vendorId=0, matchesLocalQrCode=false, devicePairingBindingIds=<redacted>))
09-20 16:48:09.235 13691  5309 I NearbySharing: SendProvider: SendManager event DistanceChanged(receiverId=1, distance=1, rangingData=null)
09-20 16:48:09.237 13691  5313 I NearbySharing: ShareTargetDiscoveredCallback: onShareTargetDiscovered()
09-20 16:48:09.237 13691  5313 I NearbySharing: ShareTargetDiscoveredCallback: onShareTargetDistanceChanged() with distance: 1, rangingData: null
09-20 16:48:09.240  1057 20417 I vendor.qti.bluetooth@1.0-ibs_handler: ProcessIbsCmd: Received IBS_SLEEP_IND: 0xFE
09-20 16:48:09.240  1057 20417 D vendor.qti.bluetooth@1.0-ibs_handler: SerialClockVote: vote for UART CLK OFF
09-20 16:48:09.249  1836  2499 D BackgroundInstallControlService: Package event received: 0
09-20 16:48:09.251 13691 13691 I NearbySharing: ShortcutInfoManager added shortcut Tablet de Julian
09-20 16:48:09.391  1057 20410 D vendor.qti.bluetooth@1.0-wake_lock: Release wakelock is released 
09-20 16:48:09.510   653  3425 W libperfmgr: Failed to write to node: /sys/module/battery_saver/parameters/enabled with value: N, fd: -1
09-20 16:48:10.011   653  3425 W libperfmgr: Failed to write to node: /sys/module/battery_saver/parameters/enabled with value: N, fd: -1
09-20 16:48:10.512   653  3425 W libperfmgr: Failed to write to node: /sys/module/battery_saver/parameters/enabled with value: N, fd: -1
09-20 16:48:10.597  1057 20417 I vendor.qti.bluetooth@1.0-ibs_handler: ProcessIbsCmd: Received IBS_WAKE_IND: 0xFD
09-20 16:48:10.597  1057 20417 D vendor.qti.bluetooth@1.0-ibs_handler: SerialClockVote: vote for UART CLK ON
09-20 16:48:10.600  1057 20417 D vendor.qti.bluetooth@1.0-wake_lock: Acquire wakelock is acquired 
09-20 16:48:10.600  1057 20417 I vendor.qti.bluetooth@1.0-ibs_handler: ProcessIbsCmd: Writing IBS_WAKE_ACK
09-20 16:48:10.641  1057 20417 I vendor.qti.bluetooth@1.0-ibs_handler: ProcessIbsCmd: Received IBS_SLEEP_IND: 0xFE
09-20 16:48:10.641  1057 20417 D vendor.qti.bluetooth@1.0-ibs_handler: SerialClockVote: vote for UART CLK OFF
09-20 16:48:10.676  5314  5314 W ATFWD-daemon: libminijail[5314]: failed to get path of fd 3: No such file or directory
09-20 16:48:10.676  5314  5314 W ATFWD-daemon: libminijail[5314]: allowing syscall: connect
09-20 16:48:10.676  5314  5314 W ATFWD-daemon: libminijail[5314]: allowing syscall: fcntl
09-20 16:48:10.676  5314  5314 W ATFWD-daemon: libminijail[5314]: allowing syscall: sendto
09-20 16:48:10.676  5314  5314 W ATFWD-daemon: libminijail[5314]: allowing syscall: socket
09-20 16:48:10.676  5314  5314 W ATFWD-daemon: libminijail[5314]: allowing syscall: writev
09-20 16:48:10.677  5314  5314 W ATFWD-daemon: libminijail[5314]: logging seccomp filter failures
09-20 16:48:10.677  5314  5314 E ATFWD-daemon: libminijail[5314]: blocked syscall: gettid
09-20 16:48:10.707  5315  5315 I flags_health_check: ServerConfigurableFlagsReset reset_mode value: 1
09-20 16:48:10.707  5315  5315 I flags_health_check: ServerConfigurableFlagsReset updatable crashing detected, resetting flags.
09-20 16:48:10.792  1057 20410 D vendor.qti.bluetooth@1.0-wake_lock: Release wakelock is released 
09-20 16:48:11.013   653  3425 W libperfmgr: Failed to write to node: /sys/module/battery_saver/parameters/enabled with value: N, fd: -1
09-20 16:48:11.513   653  3425 W libperfmgr: Failed to write to node: /sys/module/battery_saver/parameters/enabled with value: N, fd: -1
09-20 16:48:11.921  1057 20417 I vendor.qti.bluetooth@1.0-ibs_handler: ProcessIbsCmd: Received IBS_WAKE_IND: 0xFD
09-20 16:48:11.921  1057 20417 D vendor.qti.bluetooth@1.0-ibs_handler: SerialClockVote: vote for UART CLK ON
09-20 16:48:11.928  1057 20417 D vendor.qti.bluetooth@1.0-wake_lock: Acquire wakelock is acquired 
09-20 16:48:11.928  1057 20417 I vendor.qti.bluetooth@1.0-ibs_handler: ProcessIbsCmd: Writing IBS_WAKE_ACK
09-20 16:48:11.939 13691  5309 I fpp     : Ranging Results Update: DeviceId=-993898835 Distance=5.011872336272722 (m) Type=BLE
09-20 16:48:11.992  1057 20417 I vendor.qti.bluetooth@1.0-ibs_handler: ProcessIbsCmd: Received IBS_SLEEP_IND: 0xFE
09-20 16:48:11.992  1057 20417 D vendor.qti.bluetooth@1.0-ibs_handler: SerialClockVote: vote for UART CLK OFF
09-20 16:48:12.014   653  3425 W libperfmgr: Failed to write to node: /sys/module/battery_saver/parameters/enabled with value: N, fd: -1
09-20 16:48:12.070  1085  1168 E WifiHAL : wifi_get_cached_scan_results: Wifi Cached Scan Result not supported by driver
09-20 16:48:12.071  1836  2452 E WifiStaIfaceAidlImpl: getCachedScanData failed with service-specific exception: android.os.ServiceSpecificException:  (code 4)
09-20 16:48:12.142  1057 20410 D vendor.qti.bluetooth@1.0-wake_lock: Release wakelock is released 
09-20 16:48:12.516   653  3425 W libperfmgr: Failed to write to node: /sys/module/battery_saver/parameters/enabled with value: N, fd: -1
09-20 16:48:13.017   653  3425 W libperfmgr: Failed to write to node: /sys/module/battery_saver/parameters/enabled with value: N, fd: -1
09-20 16:48:13.325  1057 20417 I vendor.qti.bluetooth@1.0-ibs_handler: ProcessIbsCmd: Received IBS_WAKE_IND: 0xFD
09-20 16:48:13.325  1057 20417 D vendor.qti.bluetooth@1.0-ibs_handler: SerialClockVote: vote for UART CLK ON
09-20 16:48:13.328  1057 20417 D vendor.qti.bluetooth@1.0-wake_lock: Acquire wakelock is acquired 
09-20 16:48:13.328  1057 20417 I vendor.qti.bluetooth@1.0-ibs_handler: ProcessIbsCmd: Writing IBS_WAKE_ACK
09-20 16:48:13.371  1057 20417 I vendor.qti.bluetooth@1.0-ibs_handler: ProcessIbsCmd: Received IBS_SLEEP_IND: 0xFE
09-20 16:48:13.371  1057 20417 D vendor.qti.bluetooth@1.0-ibs_handler: SerialClockVote: vote for UART CLK OFF
09-20 16:48:13.518   653  3425 W libperfmgr: Failed to write to node: /sys/module/battery_saver/parameters/enabled with value: N, fd: -1
09-20 16:48:13.521  1057 20410 D vendor.qti.bluetooth@1.0-wake_lock: Release wakelock is released 
09-20 16:48:14.019   653  3425 W libperfmgr: Failed to write to node: /sys/module/battery_saver/parameters/enabled with value: N, fd: -1
09-20 16:48:14.275 13691  5309 I NearbyMediums: Found Fast Ble Advertisements :
09-20 16:48:14.275 13691  5309 I NearbyMediums: BleAdvertisement { version=2, socketVersion=2, isFast=true, serviceIdHash=null, data=[ 0x23 0x47 0x32 0x58 0x4b 0x11 0x34 0x25 0x4f 0x17 0x07 0xa5 0x77 0xf3 0x70 0x2f 0x1a 0xc7 0xbe 0x97 0x39 0xfc 0x3c ], deviceToken=[ 0xf6 0x35 ], rxAdvertisement=null } : 2 times.
09-20 16:48:14.275 13691  5309 I NearbyMediums: Total 2 fast advertisements from 1 unique advertisers.
09-20 16:48:14.275 13691  5309 I NearbyMediums: Current Tracked Scanning Clients are : {NearbyConnections.EnvironmentMonitor, NearbySharing}
09-20 16:48:14.520   653  3425 W libperfmgr: Failed to write to node: /sys/module/battery_saver/parameters/enabled with value: N, fd: -1
09-20 16:48:14.692  1057 20417 I vendor.qti.bluetooth@1.0-ibs_handler: ProcessIbsCmd: Received IBS_WAKE_IND: 0xFD
09-20 16:48:14.692  1057 20417 D vendor.qti.bluetooth@1.0-ibs_handler: SerialClockVote: vote for UART CLK ON
09-20 16:48:14.695  1057 20417 D vendor.qti.bluetooth@1.0-wake_lock: Acquire wakelock is acquired 
09-20 16:48:14.695  1057 20417 I vendor.qti.bluetooth@1.0-ibs_handler: ProcessIbsCmd: Writing IBS_WAKE_ACK
09-20 16:48:14.737  1057 20417 I vendor.qti.bluetooth@1.0-ibs_handler: ProcessIbsCmd: Received IBS_SLEEP_IND: 0xFE
09-20 16:48:14.737  1057 20417 D vendor.qti.bluetooth@1.0-ibs_handler: SerialClockVote: vote for UART CLK OFF
09-20 16:48:14.767  1057 20417 I vendor.qti.bluetooth@1.0-ibs_handler: ProcessIbsCmd: Received IBS_WAKE_IND: 0xFD
09-20 16:48:14.767  1057 20417 D vendor.qti.bluetooth@1.0-ibs_handler: SerialClockVote: vote for UART CLK ON
09-20 16:48:14.767  1057 20417 I vendor.qti.bluetooth@1.0-ibs_handler: ProcessIbsCmd: Writing IBS_WAKE_ACK
09-20 16:48:14.775 13691  5309 I fpp     : Ranging Results Update: DeviceId=-993898835 Distance=3.9810717055349722 (m) Type=BLE
09-20 16:48:14.810  1057 20417 I vendor.qti.bluetooth@1.0-ibs_handler: ProcessIbsCmd: Received IBS_SLEEP_IND: 0xFE
09-20 16:48:14.810  1057 20417 D vendor.qti.bluetooth@1.0-ibs_handler: SerialClockVote: vote for UART CLK OFF
09-20 16:48:14.960  1057 20410 D vendor.qti.bluetooth@1.0-wake_lock: Release wakelock is released 
09-20 16:48:15.021   653  3425 W libperfmgr: Failed to write to node: /sys/module/battery_saver/parameters/enabled with value: N, fd: -1
09-20 16:48:15.098  1085  1168 E WifiHAL : wifi_get_cached_scan_results: Wifi Cached Scan Result not supported by driver
09-20 16:48:15.099  1836  2452 E WifiStaIfaceAidlImpl: getCachedScanData failed with service-specific exception: android.os.ServiceSpecificException:  (code 4)
09-20 16:48:15.425  2739  2739 D QtiCarrierConfigHelper: WARNING, no carrier configs on phone Id: 0
09-20 16:48:15.425  2739  2739 D QtiCarrierConfigHelper: WARNING, no carrier configs on phone Id: 1
09-20 16:48:15.523   653  3425 W libperfmgr: Failed to write to node: /sys/module/battery_saver/parameters/enabled with value: N, fd: -1
09-20 16:48:15.694  5316  5316 W ATFWD-daemon: libminijail[5316]: failed to get path of fd 3: No such file or directory
09-20 16:48:15.694  5316  5316 W ATFWD-daemon: libminijail[5316]: allowing syscall: connect
09-20 16:48:15.694  5316  5316 W ATFWD-daemon: libminijail[5316]: allowing syscall: fcntl
09-20 16:48:15.694  5316  5316 W ATFWD-daemon: libminijail[5316]: allowing syscall: sendto
09-20 16:48:15.694  5316  5316 W ATFWD-daemon: libminijail[5316]: allowing syscall: socket
09-20 16:48:15.694  5316  5316 W ATFWD-daemon: libminijail[5316]: allowing syscall: writev
09-20 16:48:15.695  5316  5316 W ATFWD-daemon: libminijail[5316]: logging seccomp filter failures
09-20 16:48:15.696  5316  5316 E ATFWD-daemon: libminijail[5316]: blocked syscall: gettid
09-20 16:48:15.723  5317  5317 I flags_health_check: ServerConfigurableFlagsReset reset_mode value: 1
09-20 16:48:15.723  5317  5317 I flags_health_check: ServerConfigurableFlagsReset updatable crashing detected, resetting flags.
09-20 16:48:16.024   653  3425 W libperfmgr: Failed to write to node: /sys/module/battery_saver/parameters/enabled with value: N, fd: -1
09-20 16:48:16.184  1057 20417 I vendor.qti.bluetooth@1.0-ibs_handler: ProcessIbsCmd: Received IBS_WAKE_IND: 0xFD
09-20 16:48:16.184  1057 20417 D vendor.qti.bluetooth@1.0-ibs_handler: SerialClockVote: vote for UART CLK ON
09-20 16:48:16.188  1057 20417 D vendor.qti.bluetooth@1.0-wake_lock: Acquire wakelock is acquired 
09-20 16:48:16.188  1057 20417 I vendor.qti.bluetooth@1.0-ibs_handler: ProcessIbsCmd: Writing IBS_WAKE_ACK
09-20 16:48:16.230  1057 20417 I vendor.qti.bluetooth@1.0-ibs_handler: ProcessIbsCmd: Received IBS_SLEEP_IND: 0xFE
09-20 16:48:16.230  1057 20417 D vendor.qti.bluetooth@1.0-ibs_handler: SerialClockVote: vote for UART CLK OFF
09-20 16:48:16.250  1057 20417 I vendor.qti.bluetooth@1.0-ibs_handler: ProcessIbsCmd: Received IBS_WAKE_IND: 0xFD
09-20 16:48:16.250  1057 20417 D vendor.qti.bluetooth@1.0-ibs_handler: SerialClockVote: vote for UART CLK ON
09-20 16:48:16.250  1057 20417 I vendor.qti.bluetooth@1.0-ibs_handler: ProcessIbsCmd: Writing IBS_WAKE_ACK
09-20 16:48:16.257 13691  5309 I fpp     : Ranging Results Update: DeviceId=-993898835 Distance=5.623413251903491 (m) Type=BLE
09-20 16:48:16.293  1057 20417 I vendor.qti.bluetooth@1.0-ibs_handler: ProcessIbsCmd: Received IBS_SLEEP_IND: 0xFE
09-20 16:48:16.293  1057 20417 D vendor.qti.bluetooth@1.0-ibs_handler: SerialClockVote: vote for UART CLK OFF
09-20 16:48:16.444  1057 20410 D vendor.qti.bluetooth@1.0-wake_lock: Release wakelock is released 
09-20 16:48:16.526   653  3425 W libperfmgr: Failed to write to node: /sys/module/battery_saver/parameters/enabled with value: N, fd: -1
09-20 16:48:17.027   653  3425 W libperfmgr: Failed to write to node: /sys/module/battery_saver/parameters/enabled with value: N, fd: -1
09-20 16:48:17.485  1057 20417 I vendor.qti.bluetooth@1.0-ibs_handler: ProcessIbsCmd: Received IBS_WAKE_IND: 0xFD
09-20 16:48:17.485  1057 20417 D vendor.qti.bluetooth@1.0-ibs_handler: SerialClockVote: vote for UART CLK ON
09-20 16:48:17.490  1057 20417 D vendor.qti.bluetooth@1.0-wake_lock: Acquire wakelock is acquired 
09-20 16:48:17.490  1057 20417 I vendor.qti.bluetooth@1.0-ibs_handler: ProcessIbsCmd: Writing IBS_WAKE_ACK
09-20 16:48:17.528   653  3425 W libperfmgr: Failed to write to node: /sys/module/battery_saver/parameters/enabled with value: N, fd: -1
09-20 16:48:17.532  1057 20417 I vendor.qti.bluetooth@1.0-ibs_handler: ProcessIbsCmd: Received IBS_SLEEP_IND: 0xFE
09-20 16:48:17.532  1057 20417 D vendor.qti.bluetooth@1.0-ibs_handler: SerialClockVote: vote for UART CLK OFF
09-20 16:48:17.682  1057 20410 D vendor.qti.bluetooth@1.0-wake_lock: Release wakelock is released 
09-20 16:48:18.029   653  3425 W libperfmgr: Failed to write to node: /sys/module/battery_saver/parameters/enabled with value: N, fd: -1
09-20 16:48:18.125  1085  1168 E WifiHAL : wifi_get_cached_scan_results: Wifi Cached Scan Result not supported by driver
09-20 16:48:18.126  1836  2452 E WifiStaIfaceAidlImpl: getCachedScanData failed with service-specific exception: android.os.ServiceSpecificException:  (code 4)
09-20 16:48:18.530   653  3425 W libperfmgr: Failed to write to node: /sys/module/battery_saver/parameters/enabled with value: N, fd: -1
09-20 16:48:18.869  1057 20417 I vendor.qti.bluetooth@1.0-ibs_handler: ProcessIbsCmd: Received IBS_WAKE_IND: 0xFD
09-20 16:48:18.869  1057 20417 D vendor.qti.bluetooth@1.0-ibs_handler: SerialClockVote: vote for UART CLK ON
09-20 16:48:18.871  1057 20417 D vendor.qti.bluetooth@1.0-wake_lock: Acquire wakelock is acquired 
09-20 16:48:18.871  1057 20417 I vendor.qti.bluetooth@1.0-ibs_handler: ProcessIbsCmd: Writing IBS_WAKE_ACK
09-20 16:48:18.878 13691  5309 I fpp     : Ranging Results Update: DeviceId=-993898835 Distance=3.9810717055349722 (m) Type=BLE
09-20 16:48:18.937  1057 20417 I vendor.qti.bluetooth@1.0-ibs_handler: ProcessIbsCmd: Received IBS_SLEEP_IND: 0xFE
09-20 16:48:18.937  1057 20417 D vendor.qti.bluetooth@1.0-ibs_handler: SerialClockVote: vote for UART CLK OFF
09-20 16:48:19.031   653  3425 W libperfmgr: Failed to write to node: /sys/module/battery_saver/parameters/enabled with value: N, fd: -1
09-20 16:48:19.088  1057 20410 D vendor.qti.bluetooth@1.0-wake_lock: Release wakelock is released 
09-20 16:48:19.532   653  3425 W libperfmgr: Failed to write to node: /sys/module/battery_saver/parameters/enabled with value: N, fd: -1
09-20 16:48:20.034   653  3425 W libperfmgr: Failed to write to node: /sys/module/battery_saver/parameters/enabled with value: N, fd: -1
09-20 16:48:20.177  1836  2462 V serviceDiscovery: [MdnsAdvertiser.wlan0] VERBOSE Parsed packet with transactionId(125): 1 questions, 0 answers, 0 authority, 0 additional from /192.168.80.35:5353
09-20 16:48:20.181  1836  2462 V serviceDiscovery: [MdnsAdvertiser.wlan0] VERBOSE Parsed packet with transactionId(125): 1 questions, 0 answers, 0 authority, 0 additional from /[fe80::a844:71ff:fe70:1823%wlan0]:5353
09-20 16:48:20.522  1057 20417 I vendor.qti.bluetooth@1.0-ibs_handler: ProcessIbsCmd: Received IBS_WAKE_IND: 0xFD
09-20 16:48:20.522  1057 20417 D vendor.qti.bluetooth@1.0-ibs_handler: SerialClockVote: vote for UART CLK ON
09-20 16:48:20.527  1057 20417 D vendor.qti.bluetooth@1.0-wake_lock: Acquire wakelock is acquired 
09-20 16:48:20.527  1057 20417 I vendor.qti.bluetooth@1.0-ibs_handler: ProcessIbsCmd: Writing IBS_WAKE_ACK
09-20 16:48:20.535   653  3425 W libperfmgr: Failed to write to node: /sys/module/battery_saver/parameters/enabled with value: N, fd: -1
09-20 16:48:20.569  1057 20417 I vendor.qti.bluetooth@1.0-ibs_handler: ProcessIbsCmd: Received IBS_SLEEP_IND: 0xFE
09-20 16:48:20.569  1057 20417 D vendor.qti.bluetooth@1.0-ibs_handler: SerialClockVote: vote for UART CLK OFF
09-20 16:48:20.719  1057 20410 D vendor.qti.bluetooth@1.0-wake_lock: Release wakelock is released 
09-20 16:48:20.756  5318  5318 W ATFWD-daemon: libminijail[5318]: failed to get path of fd 3: No such file or directory
09-20 16:48:20.756  5318  5318 W ATFWD-daemon: libminijail[5318]: allowing syscall: connect
09-20 16:48:20.756  5318  5318 W ATFWD-daemon: libminijail[5318]: allowing syscall: fcntl
09-20 16:48:20.756  5318  5318 W ATFWD-daemon: libminijail[5318]: allowing syscall: sendto
09-20 16:48:20.756  5318  5318 W ATFWD-daemon: libminijail[5318]: allowing syscall: socket
09-20 16:48:20.756  5318  5318 W ATFWD-daemon: libminijail[5318]: allowing syscall: writev
09-20 16:48:20.757  5318  5318 W ATFWD-daemon: libminijail[5318]: logging seccomp filter failures
09-20 16:48:20.757  5318  5318 E ATFWD-daemon: libminijail[5318]: blocked syscall: gettid
09-20 16:48:20.790  5319  5319 I flags_health_check: ServerConfigurableFlagsReset reset_mode value: 1
09-20 16:48:20.790  5319  5319 I flags_health_check: ServerConfigurableFlagsReset updatable crashing detected, resetting flags.
09-20 16:48:20.941  1085  1168 E WifiHAL : wifi_get_cached_scan_results: Wifi Cached Scan Result not supported by driver
09-20 16:48:20.942  1836  2452 E WifiStaIfaceAidlImpl: getCachedScanData failed with service-specific exception: android.os.ServiceSpecificException:  (code 4)
09-20 16:48:21.036   653  3425 W libperfmgr: Failed to write to node: /sys/module/battery_saver/parameters/enabled with value: N, fd: -1
09-20 16:48:21.148  1085  1168 E WifiHAL : wifi_get_cached_scan_results: Wifi Cached Scan Result not supported by driver
09-20 16:48:21.149  1836  2452 E WifiStaIfaceAidlImpl: getCachedScanData failed with service-specific exception: android.os.ServiceSpecificException:  (code 4)
09-20 16:48:21.537   653  3425 W libperfmgr: Failed to write to node: /sys/module/battery_saver/parameters/enabled with value: N, fd: -1
09-20 16:48:21.761  1057 20417 I vendor.qti.bluetooth@1.0-ibs_handler: ProcessIbsCmd: Received IBS_WAKE_IND: 0xFD
09-20 16:48:21.761  1057 20417 D vendor.qti.bluetooth@1.0-ibs_handler: SerialClockVote: vote for UART CLK ON
09-20 16:48:21.766  1057 20417 D vendor.qti.bluetooth@1.0-wake_lock: Acquire wakelock is acquired 
09-20 16:48:21.766  1057 20417 I vendor.qti.bluetooth@1.0-ibs_handler: ProcessIbsCmd: Writing IBS_WAKE_ACK
09-20 16:48:21.808  1057 20417 I vendor.qti.bluetooth@1.0-ibs_handler: ProcessIbsCmd: Received IBS_SLEEP_IND: 0xFE
09-20 16:48:21.808  1057 20417 D vendor.qti.bluetooth@1.0-ibs_handler: SerialClockVote: vote for UART CLK OFF
09-20 16:48:21.960  1057 20410 D vendor.qti.bluetooth@1.0-wake_lock: Release wakelock is released 
09-20 16:48:22.039   653  3425 W libperfmgr: Failed to write to node: /sys/module/battery_saver/parameters/enabled with value: N, fd: -1
09-20 16:48:22.541   653  3425 W libperfmgr: Failed to write to node: /sys/module/battery_saver/parameters/enabled with value: N, fd: -1
09-20 16:48:23.042   653  3425 W libperfmgr: Failed to write to node: /sys/module/battery_saver/parameters/enabled with value: N, fd: -1
09-20 16:48:23.090  1057 20417 I vendor.qti.bluetooth@1.0-ibs_handler: ProcessIbsCmd: Received IBS_WAKE_IND: 0xFD
09-20 16:48:23.091  1057 20417 D vendor.qti.bluetooth@1.0-ibs_handler: SerialClockVote: vote for UART CLK ON
09-20 16:48:23.093  1057 20417 D vendor.qti.bluetooth@1.0-wake_lock: Acquire wakelock is acquired 
09-20 16:48:23.093  1057 20417 I vendor.qti.bluetooth@1.0-ibs_handler: ProcessIbsCmd: Writing IBS_WAKE_ACK
09-20 16:48:23.102 13691  5309 I fpp     : Ranging Results Update: DeviceId=-993898835 Distance=3.9810717055349722 (m) Type=BLE
09-20 16:48:23.135  1057 20417 I vendor.qti.bluetooth@1.0-ibs_handler: ProcessIbsCmd: Received IBS_SLEEP_IND: 0xFE
09-20 16:48:23.135  1057 20417 D vendor.qti.bluetooth@1.0-ibs_handler: SerialClockVote: vote for UART CLK OFF
09-20 16:48:23.172  1057 20417 I vendor.qti.bluetooth@1.0-ibs_handler: ProcessIbsCmd: Received IBS_WAKE_IND: 0xFD
09-20 16:48:23.173  1057 20417 D vendor.qti.bluetooth@1.0-ibs_handler: SerialClockVote: vote for UART CLK ON
09-20 16:48:23.173  1057 20417 I vendor.qti.bluetooth@1.0-ibs_handler: ProcessIbsCmd: Writing IBS_WAKE_ACK
09-20 16:48:23.214  1057 20417 I vendor.qti.bluetooth@1.0-ibs_handler: ProcessIbsCmd: Received IBS_SLEEP_IND: 0xFE
09-20 16:48:23.214  1057 20417 D vendor.qti.bluetooth@1.0-ibs_handler: SerialClockVote: vote for UART CLK OFF
09-20 16:48:23.365  1057 20410 D vendor.qti.bluetooth@1.0-wake_lock: Release wakelock is released 
09-20 16:48:23.543   653  3425 W libperfmgr: Failed to write to node: /sys/module/battery_saver/parameters/enabled with value: N, fd: -1
09-20 16:48:23.937 26738 26797 D App     : bindSocketToActiveNetwork: binding fd=99 to net=107 iface=wlan0
09-20 16:48:23.938 26738  7303 D gojni   : App: bindSocketToActiveNetwork: binding fd=99 to net=107 iface=wlan0
09-20 16:48:23.942 26738  7303 D App     : bindSocketToActiveNetwork: binding fd=99 to net=107 iface=wlan0
09-20 16:48:23.943 26738 26797 D gojni   : App: bindSocketToActiveNetwork: binding fd=99 to net=107 iface=wlan0
09-20 16:48:24.044   653  3425 W libperfmgr: Failed to write to node: /sys/module/battery_saver/parameters/enabled with value: N, fd: -1
09-20 16:48:24.169  1085  1168 E WifiHAL : wifi_get_cached_scan_results: Wifi Cached Scan Result not supported by driver
09-20 16:48:24.169  1836  2452 E WifiStaIfaceAidlImpl: getCachedScanData failed with service-specific exception: android.os.ServiceSpecificException:  (code 4)
09-20 16:48:24.278 13691  5309 I NearbyMediums: Found Fast Ble Advertisements :
09-20 16:48:24.278 13691  5309 I NearbyMediums: BleAdvertisement { version=2, socketVersion=2, isFast=true, serviceIdHash=null, data=[ 0x23 0x47 0x32 0x58 0x4b 0x11 0x34 0x25 0x4f 0x17 0x07 0xa5 0x77 0xf3 0x70 0x2f 0x1a 0xc7 0xbe 0x97 0x39 0xfc 0x3c ], deviceToken=[ 0xf6 0x35 ], rxAdvertisement=null } : 4 times.
09-20 16:48:24.278 13691  5309 I NearbyMediums: Total 4 fast advertisements from 1 unique advertisers.
09-20 16:48:24.279 13691  5309 I NearbyMediums: Current Tracked Scanning Clients are : {NearbyConnections.EnvironmentMonitor, NearbySharing}
09-20 16:48:24.545   653  3425 W libperfmgr: Failed to write to node: /sys/module/battery_saver/parameters/enabled with value: N, fd: -1
09-20 16:48:24.607  1057 20417 I vendor.qti.bluetooth@1.0-ibs_handler: ProcessIbsCmd: Received IBS_WAKE_IND: 0xFD
09-20 16:48:24.607  1057 20417 D vendor.qti.bluetooth@1.0-ibs_handler: SerialClockVote: vote for UART CLK ON
09-20 16:48:24.611  1057 20417 D vendor.qti.bluetooth@1.0-wake_lock: Acquire wakelock is acquired 
09-20 16:48:24.611  1057 20417 I vendor.qti.bluetooth@1.0-ibs_handler: ProcessIbsCmd: Writing IBS_WAKE_ACK
09-20 16:48:24.620 13691  5309 I fpp     : Ranging Results Update: DeviceId=-993898835 Distance=5.623413251903491 (m) Type=BLE
09-20 16:48:24.620 13691  5309 I fpp     : Proximity state event detected: device=-993898835, distance(m)=5.62, state=LONG_RANGE, prevState=Unknown/Expired, distance history=[]
09-20 16:48:24.653  1057 20417 I vendor.qti.bluetooth@1.0-ibs_handler: ProcessIbsCmd: Received IBS_SLEEP_IND: 0xFE
09-20 16:48:24.653  1057 20417 D vendor.qti.bluetooth@1.0-ibs_handler: SerialClockVote: vote for UART CLK OFF
09-20 16:48:24.804  1057 20410 D vendor.qti.bluetooth@1.0-wake_lock: Release wakelock is released 
09-20 16:48:25.046   653  3425 W libperfmgr: Failed to write to node: /sys/module/battery_saver/parameters/enabled with value: N, fd: -1
09-20 16:48:25.547   653  3425 W libperfmgr: Failed to write to node: /sys/module/battery_saver/parameters/enabled with value: N, fd: -1
09-20 16:48:25.796  5321  5321 W ATFWD-daemon: libminijail[5321]: failed to get path of fd 3: No such file or directory
09-20 16:48:25.796  5321  5321 W ATFWD-daemon: libminijail[5321]: allowing syscall: connect
09-20 16:48:25.796  5321  5321 W ATFWD-daemon: libminijail[5321]: allowing syscall: fcntl
09-20 16:48:25.796  5321  5321 W ATFWD-daemon: libminijail[5321]: allowing syscall: sendto
09-20 16:48:25.796  5321  5321 W ATFWD-daemon: libminijail[5321]: allowing syscall: socket
09-20 16:48:25.796  5321  5321 W ATFWD-daemon: libminijail[5321]: allowing syscall: writev
09-20 16:48:25.797  5321  5321 W ATFWD-daemon: libminijail[5321]: logging seccomp filter failures
09-20 16:48:25.797  5321  5321 E ATFWD-daemon: libminijail[5321]: blocked syscall: gettid
09-20 16:48:25.828  5322  5322 I flags_health_check: ServerConfigurableFlagsReset reset_mode value: 1
09-20 16:48:25.828  5322  5322 I flags_health_check: ServerConfigurableFlagsReset updatable crashing detected, resetting flags.
09-20 16:48:25.961  1057 20417 I vendor.qti.bluetooth@1.0-ibs_handler: ProcessIbsCmd: Received IBS_WAKE_IND: 0xFD
09-20 16:48:25.961  1057 20417 D vendor.qti.bluetooth@1.0-ibs_handler: SerialClockVote: vote for UART CLK ON
09-20 16:48:25.964  1057 20417 D vendor.qti.bluetooth@1.0-wake_lock: Acquire wakelock is acquired 
09-20 16:48:25.964  1057 20417 I vendor.qti.bluetooth@1.0-ibs_handler: ProcessIbsCmd: Writing IBS_WAKE_ACK
09-20 16:48:25.971 13691  5320 I fpp     : Ranging Results Update: DeviceId=-993898835 Distance=3.548133892335755 (m) Type=BLE
09-20 16:48:26.007  1057 20417 I vendor.qti.bluetooth@1.0-ibs_handler: ProcessIbsCmd: Received IBS_SLEEP_IND: 0xFE
09-20 16:48:26.007  1057 20417 D vendor.qti.bluetooth@1.0-ibs_handler: SerialClockVote: vote for UART CLK OFF
09-20 16:48:26.048   653  3425 W libperfmgr: Failed to write to node: /sys/module/battery_saver/parameters/enabled with value: N, fd: -1
09-20 16:48:26.158  1057 20410 D vendor.qti.bluetooth@1.0-wake_lock: Release wakelock is released 
09-20 16:48:26.549   653  3425 W libperfmgr: Failed to write to node: /sys/module/battery_saver/parameters/enabled with value: N, fd: -1
09-20 16:48:27.050   653  3425 W libperfmgr: Failed to write to node: /sys/module/battery_saver/parameters/enabled with value: N, fd: -1
09-20 16:48:27.195  1085  1168 E WifiHAL : wifi_get_cached_scan_results: Wifi Cached Scan Result not supported by driver
09-20 16:48:27.196  1836  2452 E WifiStaIfaceAidlImpl: getCachedScanData failed with service-specific exception: android.os.ServiceSpecificException:  (code 4)
09-20 16:48:27.199  1057 20417 I vendor.qti.bluetooth@1.0-ibs_handler: ProcessIbsCmd: Received IBS_WAKE_IND: 0xFD
09-20 16:48:27.199  1057 20417 D vendor.qti.bluetooth@1.0-ibs_handler: SerialClockVote: vote for UART CLK ON
09-20 16:48:27.201  1057 20417 D vendor.qti.bluetooth@1.0-wake_lock: Acquire wakelock is acquired 
09-20 16:48:27.201  1057 20417 I vendor.qti.bluetooth@1.0-ibs_handler: ProcessIbsCmd: Writing IBS_WAKE_ACK
09-20 16:48:27.243  1057 20417 I vendor.qti.bluetooth@1.0-ibs_handler: ProcessIbsCmd: Received IBS_SLEEP_IND: 0xFE
09-20 16:48:27.243  1057 20417 D vendor.qti.bluetooth@1.0-ibs_handler: SerialClockVote: vote for UART CLK OFF
09-20 16:48:27.305  1057 20417 I vendor.qti.bluetooth@1.0-ibs_handler: ProcessIbsCmd: Received IBS_WAKE_IND: 0xFD
09-20 16:48:27.305  1057 20417 D vendor.qti.bluetooth@1.0-ibs_handler: SerialClockVote: vote for UART CLK ON
09-20 16:48:27.305  1057 20417 I vendor.qti.bluetooth@1.0-ibs_handler: ProcessIbsCmd: Writing IBS_WAKE_ACK
09-20 16:48:27.314 13691  5320 I fpp     : Ranging Results Update: DeviceId=-993898835 Distance=3.9810717055349722 (m) Type=BLE
09-20 16:48:27.349  1057 20417 I vendor.qti.bluetooth@1.0-ibs_handler: ProcessIbsCmd: Received IBS_SLEEP_IND: 0xFE
09-20 16:48:27.350  1057 20417 D vendor.qti.bluetooth@1.0-ibs_handler: SerialClockVote: vote for UART CLK OFF
09-20 16:48:27.500  1057 20410 D vendor.qti.bluetooth@1.0-wake_lock: Release wakelock is released 
09-20 16:48:27.551   653  3425 W libperfmgr: Failed to write to node: /sys/module/battery_saver/parameters/enabled with value: N, fd: -1
09-20 16:48:28.052   653  3425 W libperfmgr: Failed to write to node: /sys/module/battery_saver/parameters/enabled with value: N, fd: -1
09-20 16:48:28.553   653  3425 W libperfmgr: Failed to write to node: /sys/module/battery_saver/parameters/enabled with value: N, fd: -1
09-20 16:48:28.841  1057 20417 I vendor.qti.bluetooth@1.0-ibs_handler: ProcessIbsCmd: Received IBS_WAKE_IND: 0xFD
09-20 16:48:28.841  1057 20417 D vendor.qti.bluetooth@1.0-ibs_handler: SerialClockVote: vote for UART CLK ON
09-20 16:48:28.845  1057 20417 D vendor.qti.bluetooth@1.0-wake_lock: Acquire wakelock is acquired 
09-20 16:48:28.845  1057 20417 I vendor.qti.bluetooth@1.0-ibs_handler: ProcessIbsCmd: Writing IBS_WAKE_ACK
09-20 16:48:28.853 13691  5320 I fpp     : Ranging Results Update: DeviceId=-993898835 Distance=5.623413251903491 (m) Type=BLE
09-20 16:48:28.887  1057 20417 I vendor.qti.bluetooth@1.0-ibs_handler: ProcessIbsCmd: Received IBS_SLEEP_IND: 0xFE
09-20 16:48:28.887  1057 20417 D vendor.qti.bluetooth@1.0-ibs_handler: SerialClockVote: vote for UART CLK OFF
09-20 16:48:29.038  1057 20410 D vendor.qti.bluetooth@1.0-wake_lock: Release wakelock is released 
09-20 16:48:29.055   653  3425 W libperfmgr: Failed to write to node: /sys/module/battery_saver/parameters/enabled with value: N, fd: -1
09-20 16:48:29.556   653  3425 W libperfmgr: Failed to write to node: /sys/module/battery_saver/parameters/enabled with value: N, fd: -1
09-20 16:48:30.057   653  3425 W libperfmgr: Failed to write to node: /sys/module/battery_saver/parameters/enabled with value: N, fd: -1
09-20 16:48:30.075  1057 20417 I vendor.qti.bluetooth@1.0-ibs_handler: ProcessIbsCmd: Received IBS_WAKE_IND: 0xFD
09-20 16:48:30.075  1057 20417 D vendor.qti.bluetooth@1.0-ibs_handler: SerialClockVote: vote for UART CLK ON
09-20 16:48:30.081  1057 20417 D vendor.qti.bluetooth@1.0-wake_lock: Acquire wakelock is acquired 
09-20 16:48:30.081  1057 20417 I vendor.qti.bluetooth@1.0-ibs_handler: ProcessIbsCmd: Writing IBS_WAKE_ACK
09-20 16:48:30.091 13691  5320 I fpp     : Ranging Results Update: DeviceId=-993898835 Distance=3.548133892335755 (m) Type=BLE
09-20 16:48:30.124  1057 20417 I vendor.qti.bluetooth@1.0-ibs_handler: ProcessIbsCmd: Received IBS_SLEEP_IND: 0xFE
09-20 16:48:30.124  1057 20417 D vendor.qti.bluetooth@1.0-ibs_handler: SerialClockVote: vote for UART CLK OFF
09-20 16:48:30.225  1085  1168 E WifiHAL : wifi_get_cached_scan_results: Wifi Cached Scan Result not supported by driver
09-20 16:48:30.226  1836  2452 E WifiStaIfaceAidlImpl: getCachedScanData failed with service-specific exception: android.os.ServiceSpecificException:  (code 4)
09-20 16:48:30.275  1057 20410 D vendor.qti.bluetooth@1.0-wake_lock: Release wakelock is released 
09-20 16:48:30.558   653  3425 W libperfmgr: Failed to write to node: /sys/module/battery_saver/parameters/enabled with value: N, fd: -1
09-20 16:48:30.709  5323  5323 W ATFWD-daemon: libminijail[5323]: failed to get path of fd 3: No such file or directory
09-20 16:48:30.709  5323  5323 W ATFWD-daemon: libminijail[5323]: allowing syscall: connect
09-20 16:48:30.709  5323  5323 W ATFWD-daemon: libminijail[5323]: allowing syscall: fcntl
09-20 16:48:30.709  5323  5323 W ATFWD-daemon: libminijail[5323]: allowing syscall: sendto
09-20 16:48:30.709  5323  5323 W ATFWD-daemon: libminijail[5323]: allowing syscall: socket
09-20 16:48:30.709  5323  5323 W ATFWD-daemon: libminijail[5323]: allowing syscall: writev
09-20 16:48:30.710  5323  5323 W ATFWD-daemon: libminijail[5323]: logging seccomp filter failures
09-20 16:48:30.710  5323  5323 E ATFWD-daemon: libminijail[5323]: blocked syscall: gettid
09-20 16:48:30.737  5324  5324 I flags_health_check: ServerConfigurableFlagsReset reset_mode value: 1
09-20 16:48:30.737  5324  5324 I flags_health_check: ServerConfigurableFlagsReset updatable crashing detected, resetting flags.
09-20 16:48:31.060   653  3425 W libperfmgr: Failed to write to node: /sys/module/battery_saver/parameters/enabled with value: N, fd: -1
09-20 16:48:31.436  1057 20417 I vendor.qti.bluetooth@1.0-ibs_handler: ProcessIbsCmd: Received IBS_WAKE_IND: 0xFD
09-20 16:48:31.437  1057 20417 D vendor.qti.bluetooth@1.0-ibs_handler: SerialClockVote: vote for UART CLK ON
09-20 16:48:31.439  1057 20417 D vendor.qti.bluetooth@1.0-wake_lock: Acquire wakelock is acquired 
09-20 16:48:31.439  1057 20417 I vendor.qti.bluetooth@1.0-ibs_handler: ProcessIbsCmd: Writing IBS_WAKE_ACK
09-20 16:48:31.448 13691  5320 I fpp     : Ranging Results Update: DeviceId=-993898835 Distance=3.9810717055349722 (m) Type=BLE
09-20 16:48:31.511  1057 20417 I vendor.qti.bluetooth@1.0-ibs_handler: ProcessIbsCmd: Received IBS_SLEEP_IND: 0xFE
09-20 16:48:31.512  1057 20417 D vendor.qti.bluetooth@1.0-ibs_handler: SerialClockVote: vote for UART CLK OFF
09-20 16:48:31.562   653  3425 W libperfmgr: Failed to write to node: /sys/module/battery_saver/parameters/enabled with value: N, fd: -1
09-20 16:48:31.662  1057 20410 D vendor.qti.bluetooth@1.0-wake_lock: Release wakelock is released 
09-20 16:48:32.063   653  3425 W libperfmgr: Failed to write to node: /sys/module/battery_saver/parameters/enabled with value: N, fd: -1
09-20 16:48:32.564   653  3425 W libperfmgr: Failed to write to node: /sys/module/battery_saver/parameters/enabled with value: N, fd: -1
09-20 16:48:32.968  1057 20417 I vendor.qti.bluetooth@1.0-ibs_handler: ProcessIbsCmd: Received IBS_WAKE_IND: 0xFD
09-20 16:48:32.968  1057 20417 D vendor.qti.bluetooth@1.0-ibs_handler: SerialClockVote: vote for UART CLK ON
09-20 16:48:32.973  1057 20417 D vendor.qti.bluetooth@1.0-wake_lock: Acquire wakelock is acquired 
09-20 16:48:32.973  1057 20417 I vendor.qti.bluetooth@1.0-ibs_handler: ProcessIbsCmd: Writing IBS_WAKE_ACK
09-20 16:48:32.980 13691  5320 I fpp     : Ranging Results Update: DeviceId=-993898835 Distance=5.011872336272722 (m) Type=BLE
09-20 16:48:33.015  1057 20417 I vendor.qti.bluetooth@1.0-ibs_handler: ProcessIbsCmd: Received IBS_SLEEP_IND: 0xFE
09-20 16:48:33.016  1057 20417 D vendor.qti.bluetooth@1.0-ibs_handler: SerialClockVote: vote for UART CLK OFF
09-20 16:48:33.055  1057 20417 I vendor.qti.bluetooth@1.0-ibs_handler: ProcessIbsCmd: Received IBS_WAKE_IND: 0xFD
09-20 16:48:33.055  1057 20417 D vendor.qti.bluetooth@1.0-ibs_handler: SerialClockVote: vote for UART CLK ON
09-20 16:48:33.055  1057 20417 I vendor.qti.bluetooth@1.0-ibs_handler: ProcessIbsCmd: Writing IBS_WAKE_ACK
09-20 16:48:33.066   653  3425 W libperfmgr: Failed to write to node: /sys/module/battery_saver/parameters/enabled with value: N, fd: -1
09-20 16:48:33.097  1057 20417 I vendor.qti.bluetooth@1.0-ibs_handler: ProcessIbsCmd: Received IBS_SLEEP_IND: 0xFE
09-20 16:48:33.097  1057 20417 D vendor.qti.bluetooth@1.0-ibs_handler: SerialClockVote: vote for UART CLK OFF
09-20 16:48:33.245  1085  1168 E WifiHAL : wifi_get_cached_scan_results: Wifi Cached Scan Result not supported by driver
09-20 16:48:33.245  1836  2452 E WifiStaIfaceAidlImpl: getCachedScanData failed with service-specific exception: android.os.ServiceSpecificException:  (code 4)
09-20 16:48:33.248  1057 20410 D vendor.qti.bluetooth@1.0-wake_lock: Release wakelock is released 
09-20 16:48:33.567   653  3425 W libperfmgr: Failed to write to node: /sys/module/battery_saver/parameters/enabled with value: N, fd: -1
09-20 16:48:34.068   653  3425 W libperfmgr: Failed to write to node: /sys/module/battery_saver/parameters/enabled with value: N, fd: -1
09-20 16:48:34.216  1057  1057 D vendor.qti.bluetooth@1.0-ibs_handler: SerialClockVote: vote for UART CLK ON
09-20 16:48:34.219  1057  1057 D vendor.qti.bluetooth@1.0-wake_lock: Acquire wakelock is acquired 
09-20 16:48:34.219  1057  1057 I vendor.qti.bluetooth@1.0-ibs_handler: DeviceWakeUp: Writing IBS_WAKE_IND
09-20 16:48:34.223  1057 20417 I vendor.qti.bluetooth@1.0-ibs_handler: ProcessIbsCmd: Received IBS_WAKE_ACK: 0xFC
09-20 16:48:34.223  1057 20417 I vendor.qti.bluetooth@1.0-ibs_handler: ProcessIbsCmd: Signal wack_cond_
09-20 16:48:34.223  1057  1057 D vendor.qti.bluetooth@1.0-ibs_handler: DeviceWakeUp: Unblocked from waiting for FC
09-20 16:48:34.224  1057 20417 I vendor.qti.bluetooth@1.0-ibs_handler: ProcessIbsCmd: Received IBS_WAKE_IND: 0xFD
09-20 16:48:34.224  1057 20417 I vendor.qti.bluetooth@1.0-ibs_handler: ProcessIbsCmd: Writing IBS_WAKE_ACK
09-20 16:48:34.225 20377 20406 I bluetooth: system/gd/hci/le_address_manager.cc:575 GetNextPrivateAddressIntervalRange: client=LeAddressManager, nonwake=8m4s, wake=13m16s
09-20 16:48:34.237 20377 20406 I bluetooth: system/gd/hci/le_address_manager.cc:776 OnCommandComplete: Received command complete with op_code LE_SET_RANDOM_ADDRESS(0x2005)
09-20 16:48:34.237 20377 20406 I bluetooth: system/gd/hci/le_address_manager.cc:796 OnCommandComplete: update random address : xx:xx:xx:xx:1b:23
09-20 16:48:34.237 20377 20406 I bluetooth: system/gd/hci/le_address_manager.cc:391 resume_registered_clients: Resuming registered clients
09-20 16:48:34.237 20377 20406 I bluetooth: system/gd/hci/le_scanning_manager_impl.cc:599 stop_scan: Scanning already stopped, return!
09-20 16:48:34.282 13691  5320 I NearbyMediums: Found Fast Ble Advertisements :
09-20 16:48:34.282 13691  5320 I NearbyMediums: BleAdvertisement { version=2, socketVersion=2, isFast=true, serviceIdHash=null, data=[ 0x23 0x47 0x32 0x58 0x4b 0x11 0x34 0x25 0x4f 0x17 0x07 0xa5 0x77 0xf3 0x70 0x2f 0x1a 0xc7 0xbe 0x97 0x39 0xfc 0x3c ], deviceToken=[ 0xf6 0x35 ], rxAdvertisement=null } : 3 times.
09-20 16:48:34.282 13691  5320 I NearbyMediums: Total 3 fast advertisements from 1 unique advertisers.
09-20 16:48:34.282 13691  5320 I NearbyMediums: Current Tracked Scanning Clients are : {NearbyConnections.EnvironmentMonitor, NearbySharing}
09-20 16:48:34.322  1057 20417 I vendor.qti.bluetooth@1.0-ibs_handler: ProcessIbsCmd: Received IBS_SLEEP_IND: 0xFE
09-20 16:48:34.324  1057 20417 I vendor.qti.bluetooth@1.0-ibs_handler: ProcessIbsCmd: Received IBS_WAKE_IND: 0xFD
09-20 16:48:34.324  1057 20417 I vendor.qti.bluetooth@1.0-ibs_handler: ProcessIbsCmd: Writing IBS_WAKE_ACK
09-20 16:48:34.332 13691  5320 I fpp     : Ranging Results Update: DeviceId=-993898835 Distance=5.011872336272722 (m) Type=BLE
09-20 16:48:34.368  1057 20417 I vendor.qti.bluetooth@1.0-ibs_handler: ProcessIbsCmd: Received IBS_SLEEP_IND: 0xFE
09-20 16:48:34.569   653  3425 W libperfmgr: Failed to write to node: /sys/module/battery_saver/parameters/enabled with value: N, fd: -1
09-20 16:48:35.070   653  3425 W libperfmgr: Failed to write to node: /sys/module/battery_saver/parameters/enabled with value: N, fd: -1
09-20 16:48:35.248  1057 20419 I vendor.qti.bluetooth@1.0-ibs_handler: DeviceSleep: TX Awake, Sending SLEEP_IND
09-20 16:48:35.248  1057 20419 D vendor.qti.bluetooth@1.0-ibs_handler: SerialClockVote: vote for UART CLK OFF
09-20 16:48:35.399  1057 20410 D vendor.qti.bluetooth@1.0-wake_lock: Release wakelock is released 
09-20 16:48:35.572   653  3425 W libperfmgr: Failed to write to node: /sys/module/battery_saver/parameters/enabled with value: N, fd: -1
09-20 16:48:35.715  5325  5325 W ATFWD-daemon: libminijail[5325]: failed to get path of fd 3: No such file or directory
09-20 16:48:35.716  5325  5325 W ATFWD-daemon: libminijail[5325]: allowing syscall: connect
09-20 16:48:35.716  5325  5325 W ATFWD-daemon: libminijail[5325]: allowing syscall: fcntl
09-20 16:48:35.716  5325  5325 W ATFWD-daemon: libminijail[5325]: allowing syscall: sendto
09-20 16:48:35.716  5325  5325 W ATFWD-daemon: libminijail[5325]: allowing syscall: socket
09-20 16:48:35.716  5325  5325 W ATFWD-daemon: libminijail[5325]: allowing syscall: writev
09-20 16:48:35.716  5325  5325 W ATFWD-daemon: libminijail[5325]: logging seccomp filter failures
09-20 16:48:35.717  5325  5325 E ATFWD-daemon: libminijail[5325]: blocked syscall: gettid
09-20 16:48:35.746  5326  5326 I flags_health_check: ServerConfigurableFlagsReset reset_mode value: 1
09-20 16:48:35.746  5326  5326 I flags_health_check: ServerConfigurableFlagsReset updatable crashing detected, resetting flags.
09-20 16:48:35.840  1057 20417 I vendor.qti.bluetooth@1.0-ibs_handler: ProcessIbsCmd: Received IBS_WAKE_IND: 0xFD
09-20 16:48:35.840  1057 20417 D vendor.qti.bluetooth@1.0-ibs_handler: SerialClockVote: vote for UART CLK ON
09-20 16:48:35.844  1057 20417 D vendor.qti.bluetooth@1.0-wake_lock: Acquire wakelock is acquired 
09-20 16:48:35.844  1057 20417 I vendor.qti.bluetooth@1.0-ibs_handler: ProcessIbsCmd: Writing IBS_WAKE_ACK
09-20 16:48:35.852 13691  5320 I fpp     : Ranging Results Update: DeviceId=-993898835 Distance=3.548133892335755 (m) Type=BLE
09-20 16:48:35.886  1057 20417 I vendor.qti.bluetooth@1.0-ibs_handler: ProcessIbsCmd: Received IBS_SLEEP_IND: 0xFE
09-20 16:48:35.886  1057 20417 D vendor.qti.bluetooth@1.0-ibs_handler: SerialClockVote: vote for UART CLK OFF
09-20 16:48:36.037  1057 20410 D vendor.qti.bluetooth@1.0-wake_lock: Release wakelock is released 
09-20 16:48:36.072   653  3425 W libperfmgr: Failed to write to node: /sys/module/battery_saver/parameters/enabled with value: N, fd: -1
09-20 16:48:36.271  1085  1168 E WifiHAL : wifi_get_cached_scan_results: Wifi Cached Scan Result not supported by driver
09-20 16:48:36.272  1836  2452 E WifiStaIfaceAidlImpl: getCachedScanData failed with service-specific exception: android.os.ServiceSpecificException:  (code 4)
09-20 16:48:36.573   653  3425 W libperfmgr: Failed to write to node: /sys/module/battery_saver/parameters/enabled with value: N, fd: -1
09-20 16:48:36.664  8181  5327 I KDE/LanLinkProvider: Broadcast identity packet received from Pixel 9a
09-20 16:48:36.685 26738  7292 D gojni   : magicsock: disco: node [ueFcY] d:0262d193c7ac5c2f now using 192.168.128.2:65521 mtu=1360 tx=a684ed8d81c1
09-20 16:48:36.695 26738  7292 D gojni   : magicsock: new contact: peer=[ueFcY] usec=760174900921 cached=false via=direct
09-20 16:48:36.735  8181  5327 I KDE/LanLinkProvider: Starting SSL handshake with 273d255af8c149fb8c7420c18dfc86e0 trusted:true
09-20 16:48:36.775  8181  5327 D LanLinkProvider: Starting handshake
09-20 16:48:36.808  8181  5328 I LanLinkProvider: Discarding second packet from the same device 273d255af8c149fb8c7420c18dfc86e0 received too quickly
09-20 16:48:36.907  8181  5327 D LanLinkProvider: Handshake done
09-20 16:48:36.993  8181  5328 I KDE/LanLinkProvider: Handshake as server successful with Pixel 9a secured with TLS_ECDHE_ECDSA_WITH_AES_128_GCM_SHA256
09-20 16:48:36.993  8181  5328 D KDE/LanLinkProvider: Reusing same link for device 273d255af8c149fb8c7420c18dfc86e0
09-20 16:48:36.997  8181 14324 I LanLink : Socket closed: 242105803. Reason: Socket closed
09-20 16:48:37.073   653  3425 W libperfmgr: Failed to write to node: /sys/module/battery_saver/parameters/enabled with value: N, fd: -1
09-20 16:48:37.323  1057 20417 I vendor.qti.bluetooth@1.0-ibs_handler: ProcessIbsCmd: Received IBS_WAKE_IND: 0xFD
09-20 16:48:37.323  1057 20417 D vendor.qti.bluetooth@1.0-ibs_handler: SerialClockVote: vote for UART CLK ON
09-20 16:48:37.328  1057 20417 D vendor.qti.bluetooth@1.0-wake_lock: Acquire wakelock is acquired 
09-20 16:48:37.328  1057 20417 I vendor.qti.bluetooth@1.0-ibs_handler: ProcessIbsCmd: Writing IBS_WAKE_ACK
09-20 16:48:37.336 13691  5320 I fpp     : Ranging Results Update: DeviceId=-993898835 Distance=3.548133892335755 (m) Type=BLE
09-20 16:48:37.370  1057 20417 I vendor.qti.bluetooth@1.0-ibs_handler: ProcessIbsCmd: Received IBS_SLEEP_IND: 0xFE
09-20 16:48:37.370  1057 20417 D vendor.qti.bluetooth@1.0-ibs_handler: SerialClockVote: vote for UART CLK OFF
09-20 16:48:37.407  1057 20417 I vendor.qti.bluetooth@1.0-ibs_handler: ProcessIbsCmd: Received IBS_WAKE_IND: 0xFD
09-20 16:48:37.407  1057 20417 D vendor.qti.bluetooth@1.0-ibs_handler: SerialClockVote: vote for UART CLK ON
09-20 16:48:37.408  1057 20417 I vendor.qti.bluetooth@1.0-ibs_handler: ProcessIbsCmd: Writing IBS_WAKE_ACK
09-20 16:48:37.449  1057 20417 I vendor.qti.bluetooth@1.0-ibs_handler: ProcessIbsCmd: Received IBS_SLEEP_IND: 0xFE
09-20 16:48:37.449  1057 20417 D vendor.qti.bluetooth@1.0-ibs_handler: SerialClockVote: vote for UART CLK OFF
09-20 16:48:37.574   653  3425 W libperfmgr: Failed to write to node: /sys/module/battery_saver/parameters/enabled with value: N, fd: -1
09-20 16:48:37.600  1057 20410 D vendor.qti.bluetooth@1.0-wake_lock: Release wakelock is released 
09-20 16:48:38.076   653  3425 W libperfmgr: Failed to write to node: /sys/module/battery_saver/parameters/enabled with value: N, fd: -1
09-20 16:48:38.577   653  3425 W libperfmgr: Failed to write to node: /sys/module/battery_saver/parameters/enabled with value: N, fd: -1
09-20 16:48:38.643  1057 20417 I vendor.qti.bluetooth@1.0-ibs_handler: ProcessIbsCmd: Received IBS_WAKE_IND: 0xFD
09-20 16:48:38.643  1057 20417 D vendor.qti.bluetooth@1.0-ibs_handler: SerialClockVote: vote for UART CLK ON
09-20 16:48:38.648  1057 20417 D vendor.qti.bluetooth@1.0-wake_lock: Acquire wakelock is acquired 
09-20 16:48:38.648  1057 20417 I vendor.qti.bluetooth@1.0-ibs_handler: ProcessIbsCmd: Writing IBS_WAKE_ACK
09-20 16:48:38.690  1057 20417 I vendor.qti.bluetooth@1.0-ibs_handler: ProcessIbsCmd: Received IBS_SLEEP_IND: 0xFE
09-20 16:48:38.691  1057 20417 D vendor.qti.bluetooth@1.0-ibs_handler: SerialClockVote: vote for UART CLK OFF
09-20 16:48:38.841  1057 20410 D vendor.qti.bluetooth@1.0-wake_lock: Release wakelock is released 
09-20 16:48:39.044  5329  5329 W dumpsys : Thread Pool max thread count is 0. Cannot cache binder as linkToDeath cannot be implemented. serviceName: activity
09-20 16:48:39.077   653  3425 W libperfmgr: Failed to write to node: /sys/module/battery_saver/parameters/enabled with value: N, fd: -1
09-20 16:48:39.306  1085  1168 E WifiHAL : wifi_get_cached_scan_results: Wifi Cached Scan Result not supported by driver
09-20 16:48:39.306  1836  2452 E WifiStaIfaceAidlImpl: getCachedScanData failed with service-specific exception: android.os.ServiceSpecificException:  (code 4)
09-20 16:48:39.531 18028 18131 I Finsky  : [200] AIM: AppInfoManager-Perf > Destroying AppInfoManager ...
09-20 16:48:39.578   653  3425 W libperfmgr: Failed to write to node: /sys/module/battery_saver/parameters/enabled with value: N, fd: -1
09-20 16:48:39.937  1057 20417 I vendor.qti.bluetooth@1.0-ibs_handler: ProcessIbsCmd: Received IBS_WAKE_IND: 0xFD
09-20 16:48:39.937  1057 20417 D vendor.qti.bluetooth@1.0-ibs_handler: SerialClockVote: vote for UART CLK ON
09-20 16:48:39.942  1057 20417 D vendor.qti.bluetooth@1.0-wake_lock: Acquire wakelock is acquired 
09-20 16:48:39.942  1057 20417 I vendor.qti.bluetooth@1.0-ibs_handler: ProcessIbsCmd: Writing IBS_WAKE_ACK
09-20 16:48:39.949 13691  5320 I fpp     : Ranging Results Update: DeviceId=-993898835 Distance=3.548133892335755 (m) Type=BLE
09-20 16:48:39.984  1057 20417 I vendor.qti.bluetooth@1.0-ibs_handler: ProcessIbsCmd: Received IBS_SLEEP_IND: 0xFE
09-20 16:48:39.984  1057 20417 D vendor.qti.bluetooth@1.0-ibs_handler: SerialClockVote: vote for UART CLK OFF
09-20 16:48:39.998  1057 20417 I vendor.qti.bluetooth@1.0-ibs_handler: ProcessIbsCmd: Received IBS_WAKE_IND: 0xFD
09-20 16:48:39.999  1057 20417 D vendor.qti.bluetooth@1.0-ibs_handler: SerialClockVote: vote for UART CLK ON
09-20 16:48:39.999  1057 20417 I vendor.qti.bluetooth@1.0-ibs_handler: ProcessIbsCmd: Writing IBS_WAKE_ACK
09-20 16:48:40.041  1057 20417 I vendor.qti.bluetooth@1.0-ibs_handler: ProcessIbsCmd: Received IBS_SLEEP_IND: 0xFE
09-20 16:48:40.041  1057 20417 D vendor.qti.bluetooth@1.0-ibs_handler: SerialClockVote: vote for UART CLK OFF
09-20 16:48:40.079   653  3425 W libperfmgr: Failed to write to node: /sys/module/battery_saver/parameters/enabled with value: N, fd: -1
09-20 16:48:40.192  1057 20410 D vendor.qti.bluetooth@1.0-wake_lock: Release wakelock is released 
09-20 16:48:40.580   653  3425 W libperfmgr: Failed to write to node: /sys/module/battery_saver/parameters/enabled with value: N, fd: -1
09-20 16:48:40.745  5332  5332 W ATFWD-daemon: libminijail[5332]: failed to get path of fd 3: No such file or directory
09-20 16:48:40.745  5332  5332 W ATFWD-daemon: libminijail[5332]: allowing syscall: connect
09-20 16:48:40.746  5332  5332 W ATFWD-daemon: libminijail[5332]: allowing syscall: fcntl
09-20 16:48:40.746  5332  5332 W ATFWD-daemon: libminijail[5332]: allowing syscall: sendto
09-20 16:48:40.746  5332  5332 W ATFWD-daemon: libminijail[5332]: allowing syscall: socket
09-20 16:48:40.746  5332  5332 W ATFWD-daemon: libminijail[5332]: allowing syscall: writev
09-20 16:48:40.746  5332  5332 W ATFWD-daemon: libminijail[5332]: logging seccomp filter failures
09-20 16:48:40.747  5332  5332 E ATFWD-daemon: libminijail[5332]: blocked syscall: gettid
09-20 16:48:40.777  5333  5333 I flags_health_check: ServerConfigurableFlagsReset reset_mode value: 1
09-20 16:48:40.777  5333  5333 I flags_health_check: ServerConfigurableFlagsReset updatable crashing detected, resetting flags.
09-20 16:48:41.082   653  3425 W libperfmgr: Failed to write to node: /sys/module/battery_saver/parameters/enabled with value: N, fd: -1
09-20 16:48:41.560  1057 20417 I vendor.qti.bluetooth@1.0-ibs_handler: ProcessIbsCmd: Received IBS_WAKE_IND: 0xFD
09-20 16:48:41.561  1057 20417 D vendor.qti.bluetooth@1.0-ibs_handler: SerialClockVote: vote for UART CLK ON
09-20 16:48:41.567  1057 20417 D vendor.qti.bluetooth@1.0-wake_lock: Acquire wakelock is acquired 
09-20 16:48:41.567  1057 20417 I vendor.qti.bluetooth@1.0-ibs_handler: ProcessIbsCmd: Writing IBS_WAKE_ACK
09-20 16:48:41.576 13691  5320 I fpp     : Ranging Results Update: DeviceId=-993898835 Distance=3.9810717055349722 (m) Type=BLE
09-20 16:48:41.583   653  3425 W libperfmgr: Failed to write to node: /sys/module/battery_saver/parameters/enabled with value: N, fd: -1
09-20 16:48:41.609  1057 20417 I vendor.qti.bluetooth@1.0-ibs_handler: ProcessIbsCmd: Received IBS_SLEEP_IND: 0xFE
09-20 16:48:41.610  1057 20417 D vendor.qti.bluetooth@1.0-ibs_handler: SerialClockVote: vote for UART CLK OFF
09-20 16:48:41.760  1057 20410 D vendor.qti.bluetooth@1.0-wake_lock: Release wakelock is released 
09-20 16:48:42.084   653  3425 W libperfmgr: Failed to write to node: /sys/module/battery_saver/parameters/enabled with value: N, fd: -1
09-20 16:48:42.322  1085  1168 E WifiHAL : wifi_get_cached_scan_results: Wifi Cached Scan Result not supported by driver
09-20 16:48:42.323  1836  2452 E WifiStaIfaceAidlImpl: getCachedScanData failed with service-specific exception: android.os.ServiceSpecificException:  (code 4)
09-20 16:48:42.585   653  3425 W libperfmgr: Failed to write to node: /sys/module/battery_saver/parameters/enabled with value: N, fd: -1
09-20 16:48:42.866  1057 20417 I vendor.qti.bluetooth@1.0-ibs_handler: ProcessIbsCmd: Received IBS_WAKE_IND: 0xFD
09-20 16:48:42.866  1057 20417 D vendor.qti.bluetooth@1.0-ibs_handler: SerialClockVote: vote for UART CLK ON
09-20 16:48:42.868  1057 20417 D vendor.qti.bluetooth@1.0-wake_lock: Acquire wakelock is acquired 
09-20 16:48:42.868  1057 20417 I vendor.qti.bluetooth@1.0-ibs_handler: ProcessIbsCmd: Writing IBS_WAKE_ACK
09-20 16:48:42.910  1057 20417 I vendor.qti.bluetooth@1.0-ibs_handler: ProcessIbsCmd: Received IBS_SLEEP_IND: 0xFE
09-20 16:48:42.910  1057 20417 D vendor.qti.bluetooth@1.0-ibs_handler: SerialClockVote: vote for UART CLK OFF
09-20 16:48:42.929  1057 20417 I vendor.qti.bluetooth@1.0-ibs_handler: ProcessIbsCmd: Received IBS_WAKE_IND: 0xFD
09-20 16:48:42.930  1057 20417 D vendor.qti.bluetooth@1.0-ibs_handler: SerialClockVote: vote for UART CLK ON
09-20 16:48:42.930  1057 20417 I vendor.qti.bluetooth@1.0-ibs_handler: ProcessIbsCmd: Writing IBS_WAKE_ACK
09-20 16:48:42.972  1057 20417 I vendor.qti.bluetooth@1.0-ibs_handler: ProcessIbsCmd: Received IBS_SLEEP_IND: 0xFE
09-20 16:48:42.972  1057 20417 D vendor.qti.bluetooth@1.0-ibs_handler: SerialClockVote: vote for UART CLK OFF
09-20 16:48:43.087   653  3425 W libperfmgr: Failed to write to node: /sys/module/battery_saver/parameters/enabled with value: N, fd: -1
09-20 16:48:43.122  1057 20410 D vendor.qti.bluetooth@1.0-wake_lock: Release wakelock is released 
09-20 16:48:43.588   653  3425 W libperfmgr: Failed to write to node: /sys/module/battery_saver/parameters/enabled with value: N, fd: -1
09-20 16:48:44.089   653  3425 W libperfmgr: Failed to write to node: /sys/module/battery_saver/parameters/enabled with value: N, fd: -1
09-20 16:48:44.172  1057 20417 I vendor.qti.bluetooth@1.0-ibs_handler: ProcessIbsCmd: Received IBS_WAKE_IND: 0xFD
09-20 16:48:44.172  1057 20417 D vendor.qti.bluetooth@1.0-ibs_handler: SerialClockVote: vote for UART CLK ON
09-20 16:48:44.175  1057 20417 D vendor.qti.bluetooth@1.0-wake_lock: Acquire wakelock is acquired 
09-20 16:48:44.175  1057 20417 I vendor.qti.bluetooth@1.0-ibs_handler: ProcessIbsCmd: Writing IBS_WAKE_ACK
09-20 16:48:44.183 13691  5320 I fpp     : Ranging Results Update: DeviceId=-993898835 Distance=3.548133892335755 (m) Type=BLE
09-20 16:48:44.252  1057 20417 I vendor.qti.bluetooth@1.0-ibs_handler: ProcessIbsCmd: Received IBS_SLEEP_IND: 0xFE
09-20 16:48:44.252  1057 20417 D vendor.qti.bluetooth@1.0-ibs_handler: SerialClockVote: vote for UART CLK OFF
09-20 16:48:44.285 13691  5320 I NearbyMediums: Found Fast Ble Advertisements :
09-20 16:48:44.285 13691  5320 I NearbyMediums: BleAdvertisement { version=2, socketVersion=2, isFast=true, serviceIdHash=null, data=[ 0x23 0x47 0x32 0x58 0x4b 0x11 0x34 0x25 0x4f 0x17 0x07 0xa5 0x77 0xf3 0x70 0x2f 0x1a 0xc7 0xbe 0x97 0x39 0xfc 0x3c ], deviceToken=[ 0xf6 0x35 ], rxAdvertisement=null } : 3 times.
09-20 16:48:44.285 13691  5320 I NearbyMediums: Total 3 fast advertisements from 1 unique advertisers.
09-20 16:48:44.285 13691  5320 I NearbyMediums: Current Tracked Scanning Clients are : {NearbyConnections.EnvironmentMonitor, NearbySharing}
09-20 16:48:44.402  1057 20410 D vendor.qti.bluetooth@1.0-wake_lock: Release wakelock is released 
09-20 16:48:44.590   653  3425 W libperfmgr: Failed to write to node: /sys/module/battery_saver/parameters/enabled with value: N, fd: -1
09-20 16:48:44.607 18454 18598 I libbinder.IPCThreadState: oneway function results for code 2 on binder at 0xb4000077dfe5f9a0 will be dropped but finished with status UNKNOWN_TRANSACTION
09-20 16:48:45.092   653  3425 W libperfmgr: Failed to write to node: /sys/module/battery_saver/parameters/enabled with value: N, fd: -1
09-20 16:48:45.337  1085  1168 E WifiHAL : wifi_get_cached_scan_results: Wifi Cached Scan Result not supported by driver
09-20 16:48:45.338  1836  2452 E WifiStaIfaceAidlImpl: getCachedScanData failed with service-specific exception: android.os.ServiceSpecificException:  (code 4)
09-20 16:48:45.410   653  3425 W libperfmgr: Failed to write to node: /sys/module/battery_saver/parameters/enabled with value: N, fd: -1
09-20 16:48:45.415  8781  8781 W ModuleManager: ModuleManager.loadModule():641 Module qul is not available
09-20 16:48:45.418  1836  1972 E RemoteAugmentedAutofillService: Bad service name for flags 1048704: com.google.android.as/com.google.android.apps.miphone.aiai.app.AiAiAugmentedAutofillService
09-20 16:48:45.511   653  3425 W libperfmgr: Failed to write to node: /sys/module/battery_saver/parameters/enabled with value: N, fd: -1
09-20 16:48:45.672  1057 20417 I vendor.qti.bluetooth@1.0-ibs_handler: ProcessIbsCmd: Received IBS_WAKE_IND: 0xFD
09-20 16:48:45.672  1057 20417 D vendor.qti.bluetooth@1.0-ibs_handler: SerialClockVote: vote for UART CLK ON
09-20 16:48:45.673  1057 20417 D vendor.qti.bluetooth@1.0-wake_lock: Acquire wakelock is acquired 
09-20 16:48:45.673  1057 20417 I vendor.qti.bluetooth@1.0-ibs_handler: ProcessIbsCmd: Writing IBS_WAKE_ACK
09-20 16:48:45.678 13691  5320 I fpp     : Ranging Results Update: DeviceId=-993898835 Distance=3.9810717055349722 (m) Type=BLE
09-20 16:48:45.748  1057 20417 I vendor.qti.bluetooth@1.0-ibs_handler: ProcessIbsCmd: Received IBS_SLEEP_IND: 0xFE
09-20 16:48:45.748  1057 20417 D vendor.qti.bluetooth@1.0-ibs_handler: SerialClockVote: vote for UART CLK OFF
09-20 16:48:45.751  5341  5341 W ATFWD-daemon: libminijail[5341]: failed to get path of fd 3: No such file or directory
09-20 16:48:45.751  5341  5341 W ATFWD-daemon: libminijail[5341]: allowing syscall: connect
09-20 16:48:45.752  5341  5341 W ATFWD-daemon: libminijail[5341]: allowing syscall: fcntl
09-20 16:48:45.752  5341  5341 W ATFWD-daemon: libminijail[5341]: allowing syscall: sendto
09-20 16:48:45.752  5341  5341 W ATFWD-daemon: libminijail[5341]: allowing syscall: socket
09-20 16:48:45.752  5341  5341 W ATFWD-daemon: libminijail[5341]: allowing syscall: writev
09-20 16:48:45.753  5341  5341 W ATFWD-daemon: libminijail[5341]: logging seccomp filter failures
09-20 16:48:45.753  5341  5341 E ATFWD-daemon: libminijail[5341]: blocked syscall: gettid
09-20 16:48:45.782  5342  5342 I flags_health_check: ServerConfigurableFlagsReset reset_mode value: 1
09-20 16:48:45.782  5342  5342 I flags_health_check: ServerConfigurableFlagsReset updatable crashing detected, resetting flags.
09-20 16:48:45.890  5026  5026 W WindowOnBackDispatcher: OnBackInvokedCallback is not enabled for the application.
09-20 16:48:45.890  5026  5026 W WindowOnBackDispatcher: Set 'android:enableOnBackInvokedCallback="true"' in the application manifest.
09-20 16:48:45.899  1057 20410 D vendor.qti.bluetooth@1.0-wake_lock: Release wakelock is released 
09-20 16:48:46.011   653  3425 W libperfmgr: Failed to write to node: /sys/module/battery_saver/parameters/enabled with value: N, fd: -1
09-20 16:48:46.019   653  3425 W libperfmgr: Failed to write to node: /sys/module/battery_saver/parameters/enabled with value: N, fd: -1
09-20 16:48:46.084   653  3425 W libperfmgr: Failed to write to node: /sys/module/battery_saver/parameters/enabled with value: N, fd: -1
09-20 16:48:46.136  5345  5345 W screencap: Thread Pool max thread count is 0. Cannot cache binder as linkToDeath cannot be implemented. serviceName: SurfaceFlingerAIDL
09-20 16:48:46.137  5345  5345 W libbinder.BpBinder: Linking to death on android.gui.ISurfaceComposer but there are no threads (yet?) listening to incoming transactions. See ProcessState::startThreadPool and ProcessState::setThreadPoolMaxThreadCount. Generally you should setup the binder threadpool before other initialization steps.
09-20 16:48:46.137  5345  5345 W libbinder.ProcessState: Extra binder thread started, but 0 threads requested. Do not use *startThreadPool when zero threads are requested.
09-20 16:48:46.190  5345  5346 I Gralloc4: Adding additional valid usage bits: 0x8202000
09-20 16:48:46.277 26738  7303 D App     : bindSocketToActiveNetwork: binding fd=99 to net=107 iface=wlan0
09-20 16:48:46.278 26738  7294 D gojni   : App: bindSocketToActiveNetwork: binding fd=99 to net=107 iface=wlan0
09-20 16:48:46.279 26738  7294 D App     : bindSocketToActiveNetwork: binding fd=99 to net=107 iface=wlan0
09-20 16:48:46.280 26738  7292 D gojni   : App: bindSocketToActiveNetwork: binding fd=99 to net=107 iface=wlan0
09-20 16:48:46.584   653  3425 W libperfmgr: Failed to write to node: /sys/module/battery_saver/parameters/enabled with value: N, fd: -1
09-20 16:48:47.076  1057 20417 I vendor.qti.bluetooth@1.0-ibs_handler: ProcessIbsCmd: Received IBS_WAKE_IND: 0xFD
09-20 16:48:47.076  1057 20417 D vendor.qti.bluetooth@1.0-ibs_handler: SerialClockVote: vote for UART CLK ON
09-20 16:48:47.079  1057 20417 D vendor.qti.bluetooth@1.0-wake_lock: Acquire wakelock is acquired 
09-20 16:48:47.079  1057 20417 I vendor.qti.bluetooth@1.0-ibs_handler: ProcessIbsCmd: Writing IBS_WAKE_ACK
09-20 16:48:47.085   653  3425 W libperfmgr: Failed to write to node: /sys/module/battery_saver/parameters/enabled with value: N, fd: -1
09-20 16:48:47.120  1057 20417 I vendor.qti.bluetooth@1.0-ibs_handler: ProcessIbsCmd: Received IBS_SLEEP_IND: 0xFE
09-20 16:48:47.120  1057 20417 D vendor.qti.bluetooth@1.0-ibs_handler: SerialClockVote: vote for UART CLK OFF
09-20 16:48:47.154  1057 20417 I vendor.qti.bluetooth@1.0-ibs_handler: ProcessIbsCmd: Received IBS_WAKE_IND: 0xFD
09-20 16:48:47.154  1057 20417 D vendor.qti.bluetooth@1.0-ibs_handler: SerialClockVote: vote for UART CLK ON
09-20 16:48:47.154  1057 20417 I vendor.qti.bluetooth@1.0-ibs_handler: ProcessIbsCmd: Writing IBS_WAKE_ACK
09-20 16:48:47.159 13691  5320 I fpp     : Ranging Results Update: DeviceId=-993898835 Distance=5.623413251903491 (m) Type=BLE
09-20 16:48:47.195  1057 20417 I vendor.qti.bluetooth@1.0-ibs_handler: ProcessIbsCmd: Received IBS_SLEEP_IND: 0xFE
09-20 16:48:47.195  1057 20417 D vendor.qti.bluetooth@1.0-ibs_handler: SerialClockVote: vote for UART CLK OFF
09-20 16:48:47.346  1057 20410 D vendor.qti.bluetooth@1.0-wake_lock: Release wakelock is released 
09-20 16:48:47.404   653  3425 W libperfmgr: Failed to write to node: /sys/module/battery_saver/parameters/enabled with value: N, fd: -1
09-20 16:48:47.464   653  3425 W libperfmgr: Failed to write to node: /sys/module/battery_saver/parameters/enabled with value: N, fd: -1
09-20 16:48:47.965   653  3425 W libperfmgr: Failed to write to node: /sys/module/battery_saver/parameters/enabled with value: N, fd: -1
09-20 16:48:48.293  1057 20417 I vendor.qti.bluetooth@1.0-ibs_handler: ProcessIbsCmd: Received IBS_WAKE_IND: 0xFD
09-20 16:48:48.293  1057 20417 D vendor.qti.bluetooth@1.0-ibs_handler: SerialClockVote: vote for UART CLK ON
09-20 16:48:48.297  1057 20417 D vendor.qti.bluetooth@1.0-wake_lock: Acquire wakelock is acquired 
09-20 16:48:48.297  1057 20417 I vendor.qti.bluetooth@1.0-ibs_handler: ProcessIbsCmd: Writing IBS_WAKE_ACK
09-20 16:48:48.339  1057 20417 I vendor.qti.bluetooth@1.0-ibs_handler: ProcessIbsCmd: Received IBS_SLEEP_IND: 0xFE
09-20 16:48:48.340  1057 20417 D vendor.qti.bluetooth@1.0-ibs_handler: SerialClockVote: vote for UART CLK OFF
09-20 16:48:48.354  1085  1168 E WifiHAL : wifi_get_cached_scan_results: Wifi Cached Scan Result not supported by driver
09-20 16:48:48.354  1836  2452 E WifiStaIfaceAidlImpl: getCachedScanData failed with service-specific exception: android.os.ServiceSpecificException:  (code 4)
09-20 16:48:48.368  1057 20417 I vendor.qti.bluetooth@1.0-ibs_handler: ProcessIbsCmd: Received IBS_WAKE_IND: 0xFD
09-20 16:48:48.368  1057 20417 D vendor.qti.bluetooth@1.0-ibs_handler: SerialClockVote: vote for UART CLK ON
09-20 16:48:48.368  1057 20417 I vendor.qti.bluetooth@1.0-ibs_handler: ProcessIbsCmd: Writing IBS_WAKE_ACK
09-20 16:48:48.374 13691  5320 I fpp     : Ranging Results Update: DeviceId=-993898835 Distance=3.548133892335755 (m) Type=BLE
09-20 16:48:48.450  1057 20417 I vendor.qti.bluetooth@1.0-ibs_handler: ProcessIbsCmd: Received IBS_SLEEP_IND: 0xFE
09-20 16:48:48.450  1057 20417 D vendor.qti.bluetooth@1.0-ibs_handler: SerialClockVote: vote for UART CLK OFF
09-20 16:48:48.466   653  3425 W libperfmgr: Failed to write to node: /sys/module/battery_saver/parameters/enabled with value: N, fd: -1
09-20 16:48:48.601  1057 20410 D vendor.qti.bluetooth@1.0-wake_lock: Release wakelock is released 
09-20 16:48:48.967   653  3425 W libperfmgr: Failed to write to node: /sys/module/battery_saver/parameters/enabled with value: N, fd: -1
09-20 16:48:49.468   653  3425 W libperfmgr: Failed to write to node: /sys/module/battery_saver/parameters/enabled with value: N, fd: -1
09-20 16:48:49.790  1057 20417 I vendor.qti.bluetooth@1.0-ibs_handler: ProcessIbsCmd: Received IBS_WAKE_IND: 0xFD
09-20 16:48:49.791  1057 20417 D vendor.qti.bluetooth@1.0-ibs_handler: SerialClockVote: vote for UART CLK ON
09-20 16:48:49.795  1057 20417 D vendor.qti.bluetooth@1.0-wake_lock: Acquire wakelock is acquired 
09-20 16:48:49.795  1057 20417 I vendor.qti.bluetooth@1.0-ibs_handler: ProcessIbsCmd: Writing IBS_WAKE_ACK
09-20 16:48:49.838  1057 20417 I vendor.qti.bluetooth@1.0-ibs_handler: ProcessIbsCmd: Received IBS_SLEEP_IND: 0xFE
09-20 16:48:49.838  1057 20417 D vendor.qti.bluetooth@1.0-ibs_handler: SerialClockVote: vote for UART CLK OFF
09-20 16:48:49.872  1057 20417 I vendor.qti.bluetooth@1.0-ibs_handler: ProcessIbsCmd: Received IBS_WAKE_IND: 0xFD
09-20 16:48:49.873  1057 20417 D vendor.qti.bluetooth@1.0-ibs_handler: SerialClockVote: vote for UART CLK ON
09-20 16:48:49.873  1057 20417 I vendor.qti.bluetooth@1.0-ibs_handler: ProcessIbsCmd: Writing IBS_WAKE_ACK
09-20 16:48:49.880 13691  5320 I fpp     : Ranging Results Update: DeviceId=-993898835 Distance=3.9810717055349722 (m) Type=BLE
09-20 16:48:49.915  1057 20417 I vendor.qti.bluetooth@1.0-ibs_handler: ProcessIbsCmd: Received IBS_SLEEP_IND: 0xFE
09-20 16:48:49.915  1057 20417 D vendor.qti.bluetooth@1.0-ibs_handler: SerialClockVote: vote for UART CLK OFF
09-20 16:48:49.969   653  3425 W libperfmgr: Failed to write to node: /sys/module/battery_saver/parameters/enabled with value: N, fd: -1
09-20 16:48:50.066  1057 20410 D vendor.qti.bluetooth@1.0-wake_lock: Release wakelock is released 
09-20 16:48:50.471   653  3425 W libperfmgr: Failed to write to node: /sys/module/battery_saver/parameters/enabled with value: N, fd: -1
09-20 16:48:50.674 18028 18134 I Finsky  : [201] AIM: AppInfoManager-Perf > Destroying AppInfoManager ...
09-20 16:48:50.762  5347  5347 W ATFWD-daemon: libminijail[5347]: failed to get path of fd 3: No such file or directory
09-20 16:48:50.762  5347  5347 W ATFWD-daemon: libminijail[5347]: allowing syscall: connect
09-20 16:48:50.763  5347  5347 W ATFWD-daemon: libminijail[5347]: allowing syscall: fcntl
09-20 16:48:50.763  5347  5347 W ATFWD-daemon: libminijail[5347]: allowing syscall: sendto
09-20 16:48:50.763  5347  5347 W ATFWD-daemon: libminijail[5347]: allowing syscall: socket
09-20 16:48:50.763  5347  5347 W ATFWD-daemon: libminijail[5347]: allowing syscall: writev
09-20 16:48:50.763  5347  5347 W ATFWD-daemon: libminijail[5347]: logging seccomp filter failures
09-20 16:48:50.764  5347  5347 E ATFWD-daemon: libminijail[5347]: blocked syscall: gettid
09-20 16:48:50.795  5348  5348 I flags_health_check: ServerConfigurableFlagsReset reset_mode value: 1
09-20 16:48:50.795  5348  5348 I flags_health_check: ServerConfigurableFlagsReset updatable crashing detected, resetting flags.
09-20 16:48:50.972   653  3425 W libperfmgr: Failed to write to node: /sys/module/battery_saver/parameters/enabled with value: N, fd: -1
09-20 16:48:51.272  1057 20417 I vendor.qti.bluetooth@1.0-ibs_handler: ProcessIbsCmd: Received IBS_WAKE_IND: 0xFD
09-20 16:48:51.273  1057 20417 D vendor.qti.bluetooth@1.0-ibs_handler: SerialClockVote: vote for UART CLK ON
09-20 16:48:51.275  1057 20417 D vendor.qti.bluetooth@1.0-wake_lock: Acquire wakelock is acquired 
09-20 16:48:51.275  1057 20417 I vendor.qti.bluetooth@1.0-ibs_handler: ProcessIbsCmd: Writing IBS_WAKE_ACK
09-20 16:48:51.317  1057 20417 I vendor.qti.bluetooth@1.0-ibs_handler: ProcessIbsCmd: Received IBS_SLEEP_IND: 0xFE
09-20 16:48:51.317  1057 20417 D vendor.qti.bluetooth@1.0-ibs_handler: SerialClockVote: vote for UART CLK OFF
09-20 16:48:51.351  1057 20417 I vendor.qti.bluetooth@1.0-ibs_handler: ProcessIbsCmd: Received IBS_WAKE_IND: 0xFD
09-20 16:48:51.351  1057 20417 D vendor.qti.bluetooth@1.0-ibs_handler: SerialClockVote: vote for UART CLK ON
09-20 16:48:51.351  1057 20417 I vendor.qti.bluetooth@1.0-ibs_handler: ProcessIbsCmd: Writing IBS_WAKE_ACK
09-20 16:48:51.358 13691  5320 I fpp     : Ranging Results Update: DeviceId=-993898835 Distance=5.623413251903491 (m) Type=BLE
09-20 16:48:51.373  1085  1168 E WifiHAL : wifi_get_cached_scan_results: Wifi Cached Scan Result not supported by driver
09-20 16:48:51.374  1836  2452 E WifiStaIfaceAidlImpl: getCachedScanData failed with service-specific exception: android.os.ServiceSpecificException:  (code 4)
09-20 16:48:51.393  1057 20417 I vendor.qti.bluetooth@1.0-ibs_handler: ProcessIbsCmd: Received IBS_SLEEP_IND: 0xFE
09-20 16:48:51.393  1057 20417 D vendor.qti.bluetooth@1.0-ibs_handler: SerialClockVote: vote for UART CLK OFF
09-20 16:48:51.473   653  3425 W libperfmgr: Failed to write to node: /sys/module/battery_saver/parameters/enabled with value: N, fd: -1
09-20 16:48:51.544  1057 20410 D vendor.qti.bluetooth@1.0-wake_lock: Release wakelock is released 
09-20 16:48:51.974   653  3425 W libperfmgr: Failed to write to node: /sys/module/battery_saver/parameters/enabled with value: N, fd: -1
09-20 16:48:52.475   653  3425 W libperfmgr: Failed to write to node: /sys/module/battery_saver/parameters/enabled with value: N, fd: -1
09-20 16:48:52.658  1057 20417 I vendor.qti.bluetooth@1.0-ibs_handler: ProcessIbsCmd: Received IBS_WAKE_IND: 0xFD
09-20 16:48:52.659  1057 20417 D vendor.qti.bluetooth@1.0-ibs_handler: SerialClockVote: vote for UART CLK ON
09-20 16:48:52.664  1057 20417 D vendor.qti.bluetooth@1.0-wake_lock: Acquire wakelock is acquired 
09-20 16:48:52.664  1057 20417 I vendor.qti.bluetooth@1.0-ibs_handler: ProcessIbsCmd: Writing IBS_WAKE_ACK
09-20 16:48:52.721  1057 20417 I vendor.qti.bluetooth@1.0-ibs_handler: ProcessIbsCmd: Received IBS_SLEEP_IND: 0xFE
09-20 16:48:52.722  1057 20417 D vendor.qti.bluetooth@1.0-ibs_handler: SerialClockVote: vote for UART CLK OFF
09-20 16:48:52.872  1057 20410 D vendor.qti.bluetooth@1.0-wake_lock: Release wakelock is released 
09-20 16:48:52.976   653  3425 W libperfmgr: Failed to write to node: /sys/module/battery_saver/parameters/enabled with value: N, fd: -1
09-20 16:48:53.477   653  3425 W libperfmgr: Failed to write to node: /sys/module/battery_saver/parameters/enabled with value: N, fd: -1
09-20 16:48:53.969  1057 20417 I vendor.qti.bluetooth@1.0-ibs_handler: ProcessIbsCmd: Received IBS_WAKE_IND: 0xFD
09-20 16:48:53.969  1057 20417 D vendor.qti.bluetooth@1.0-ibs_handler: SerialClockVote: vote for UART CLK ON
09-20 16:48:53.973  1057 20417 D vendor.qti.bluetooth@1.0-wake_lock: Acquire wakelock is acquired 
09-20 16:48:53.973  1057 20417 I vendor.qti.bluetooth@1.0-ibs_handler: ProcessIbsCmd: Writing IBS_WAKE_ACK
09-20 16:48:53.978   653  3425 W libperfmgr: Failed to write to node: /sys/module/battery_saver/parameters/enabled with value: N, fd: -1
09-20 16:48:53.980 13691  5320 I fpp     : Ranging Results Update: DeviceId=-993898835 Distance=3.9810717055349722 (m) Type=BLE
09-20 16:48:54.034  1057 20417 I vendor.qti.bluetooth@1.0-ibs_handler: ProcessIbsCmd: Received IBS_SLEEP_IND: 0xFE
09-20 16:48:54.034  1057 20417 D vendor.qti.bluetooth@1.0-ibs_handler: SerialClockVote: vote for UART CLK OFF
09-20 16:48:54.185  1057 20410 D vendor.qti.bluetooth@1.0-wake_lock: Release wakelock is released 
09-20 16:48:54.288 13691  5320 I NearbyMediums: Found Fast Ble Advertisements :
09-20 16:48:54.288 13691  5320 I NearbyMediums: BleAdvertisement { version=2, socketVersion=2, isFast=true, serviceIdHash=null, data=[ 0x23 0x47 0x32 0x58 0x4b 0x11 0x34 0x25 0x4f 0x17 0x07 0xa5 0x77 0xf3 0x70 0x2f 0x1a 0xc7 0xbe 0x97 0x39 0xfc 0x3c ], deviceToken=[ 0xf6 0x35 ], rxAdvertisement=null } : 2 times.
09-20 16:48:54.288 13691  5320 I NearbyMediums: Total 2 fast advertisements from 1 unique advertisers.
09-20 16:48:54.288 13691  5320 I NearbyMediums: Current Tracked Scanning Clients are : {NearbyConnections.EnvironmentMonitor, NearbySharing}
09-20 16:48:54.393  1085  1168 E WifiHAL : wifi_get_cached_scan_results: Wifi Cached Scan Result not supported by driver
09-20 16:48:54.393  1836  2452 E WifiStaIfaceAidlImpl: getCachedScanData failed with service-specific exception: android.os.ServiceSpecificException:  (code 4)
09-20 16:48:54.479   653  3425 W libperfmgr: Failed to write to node: /sys/module/battery_saver/parameters/enabled with value: N, fd: -1
09-20 16:48:54.980   653  3425 W libperfmgr: Failed to write to node: /sys/module/battery_saver/parameters/enabled with value: N, fd: -1
09-20 16:48:55.473  1057 20417 I vendor.qti.bluetooth@1.0-ibs_handler: ProcessIbsCmd: Received IBS_WAKE_IND: 0xFD
09-20 16:48:55.473  1057 20417 D vendor.qti.bluetooth@1.0-ibs_handler: SerialClockVote: vote for UART CLK ON
09-20 16:48:55.477  1057 20417 D vendor.qti.bluetooth@1.0-wake_lock: Acquire wakelock is acquired 
09-20 16:48:55.477  1057 20417 I vendor.qti.bluetooth@1.0-ibs_handler: ProcessIbsCmd: Writing IBS_WAKE_ACK
09-20 16:48:55.481   653  3425 W libperfmgr: Failed to write to node: /sys/module/battery_saver/parameters/enabled with value: N, fd: -1
09-20 16:48:55.485 13691  5320 I fpp     : Ranging Results Update: DeviceId=-993898835 Distance=5.011872336272722 (m) Type=BLE
09-20 16:48:55.529  1057 20417 I vendor.qti.bluetooth@1.0-ibs_handler: ProcessIbsCmd: Received IBS_SLEEP_IND: 0xFE
09-20 16:48:55.529  1057 20417 D vendor.qti.bluetooth@1.0-ibs_handler: SerialClockVote: vote for UART CLK OFF
09-20 16:48:55.680  1057 20410 D vendor.qti.bluetooth@1.0-wake_lock: Release wakelock is released 
09-20 16:48:55.756  5349  5349 W ATFWD-daemon: libminijail[5349]: failed to get path of fd 3: No such file or directory
09-20 16:48:55.756  5349  5349 W ATFWD-daemon: libminijail[5349]: allowing syscall: connect
09-20 16:48:55.756  5349  5349 W ATFWD-daemon: libminijail[5349]: allowing syscall: fcntl
09-20 16:48:55.756  5349  5349 W ATFWD-daemon: libminijail[5349]: allowing syscall: sendto
09-20 16:48:55.756  5349  5349 W ATFWD-daemon: libminijail[5349]: allowing syscall: socket
09-20 16:48:55.756  5349  5349 W ATFWD-daemon: libminijail[5349]: allowing syscall: writev
09-20 16:48:55.757  5349  5349 W ATFWD-daemon: libminijail[5349]: logging seccomp filter failures
09-20 16:48:55.758  5349  5349 E ATFWD-daemon: libminijail[5349]: blocked syscall: gettid
09-20 16:48:55.788  5351  5351 I flags_health_check: ServerConfigurableFlagsReset reset_mode value: 1
09-20 16:48:55.788  5351  5351 I flags_health_check: ServerConfigurableFlagsReset updatable crashing detected, resetting flags.
09-20 16:48:55.983   653  3425 W libperfmgr: Failed to write to node: /sys/module/battery_saver/parameters/enabled with value: N, fd: -1
09-20 16:48:56.483   653  3425 W libperfmgr: Failed to write to node: /sys/module/battery_saver/parameters/enabled with value: N, fd: -1
09-20 16:48:56.969  1057 20417 I vendor.qti.bluetooth@1.0-ibs_handler: ProcessIbsCmd: Received IBS_WAKE_IND: 0xFD
09-20 16:48:56.969  1057 20417 D vendor.qti.bluetooth@1.0-ibs_handler: SerialClockVote: vote for UART CLK ON
09-20 16:48:56.976  1057 20417 D vendor.qti.bluetooth@1.0-wake_lock: Acquire wakelock is acquired 
09-20 16:48:56.976  1057 20417 I vendor.qti.bluetooth@1.0-ibs_handler: ProcessIbsCmd: Writing IBS_WAKE_ACK
09-20 16:48:56.984   653  3425 W libperfmgr: Failed to write to node: /sys/module/battery_saver/parameters/enabled with value: N, fd: -1
09-20 16:48:56.987 13691  5320 I fpp     : Ranging Results Update: DeviceId=-993898835 Distance=3.9810717055349722 (m) Type=BLE
09-20 16:48:57.018  1057 20417 I vendor.qti.bluetooth@1.0-ibs_handler: ProcessIbsCmd: Received IBS_SLEEP_IND: 0xFE
09-20 16:48:57.018  1057 20417 D vendor.qti.bluetooth@1.0-ibs_handler: SerialClockVote: vote for UART CLK OFF
09-20 16:48:57.170  1057 20410 D vendor.qti.bluetooth@1.0-wake_lock: Release wakelock is released 
09-20 16:48:57.412  1085  1168 E WifiHAL : wifi_get_cached_scan_results: Wifi Cached Scan Result not supported by driver
09-20 16:48:57.413  1836  2452 E WifiStaIfaceAidlImpl: getCachedScanData failed with service-specific exception: android.os.ServiceSpecificException:  (code 4)
09-20 16:48:57.485   653  3425 W libperfmgr: Failed to write to node: /sys/module/battery_saver/parameters/enabled with value: N, fd: -1
09-20 16:48:57.986   653  3425 W libperfmgr: Failed to write to node: /sys/module/battery_saver/parameters/enabled with value: N, fd: -1
09-20 16:48:58.201  1057 20417 I vendor.qti.bluetooth@1.0-ibs_handler: ProcessIbsCmd: Received IBS_WAKE_IND: 0xFD
09-20 16:48:58.201  1057 20417 D vendor.qti.bluetooth@1.0-ibs_handler: SerialClockVote: vote for UART CLK ON
09-20 16:48:58.204  1057 20417 D vendor.qti.bluetooth@1.0-wake_lock: Acquire wakelock is acquired 
09-20 16:48:58.204  1057 20417 I vendor.qti.bluetooth@1.0-ibs_handler: ProcessIbsCmd: Writing IBS_WAKE_ACK
09-20 16:48:58.212 13691  5320 I fpp     : Ranging Results Update: DeviceId=-993898835 Distance=7.079457843841379 (m) Type=BLE
09-20 16:48:58.246  1057 20417 I vendor.qti.bluetooth@1.0-ibs_handler: ProcessIbsCmd: Received IBS_SLEEP_IND: 0xFE
09-20 16:48:58.246  1057 20417 D vendor.qti.bluetooth@1.0-ibs_handler: SerialClockVote: vote for UART CLK OFF
09-20 16:48:58.397  1057 20410 D vendor.qti.bluetooth@1.0-wake_lock: Release wakelock is released 
09-20 16:48:58.487   653  3425 W libperfmgr: Failed to write to node: /sys/module/battery_saver/parameters/enabled with value: N, fd: -1
09-20 16:48:58.989   653  3425 W libperfmgr: Failed to write to node: /sys/module/battery_saver/parameters/enabled with value: N, fd: -1
09-20 16:48:59.490   653  3425 W libperfmgr: Failed to write to node: /sys/module/battery_saver/parameters/enabled with value: N, fd: -1
09-20 16:48:59.575  1057 20417 I vendor.qti.bluetooth@1.0-ibs_handler: ProcessIbsCmd: Received IBS_WAKE_IND: 0xFD
09-20 16:48:59.575  1057 20417 D vendor.qti.bluetooth@1.0-ibs_handler: SerialClockVote: vote for UART CLK ON
09-20 16:48:59.578  1057 20417 D vendor.qti.bluetooth@1.0-wake_lock: Acquire wakelock is acquired 
09-20 16:48:59.578  1057 20417 I vendor.qti.bluetooth@1.0-ibs_handler: ProcessIbsCmd: Writing IBS_WAKE_ACK
09-20 16:48:59.621  1057 20417 I vendor.qti.bluetooth@1.0-ibs_handler: ProcessIbsCmd: Received IBS_SLEEP_IND: 0xFE
09-20 16:48:59.621  1057 20417 D vendor.qti.bluetooth@1.0-ibs_handler: SerialClockVote: vote for UART CLK OFF
09-20 16:48:59.672  1057 20417 I vendor.qti.bluetooth@1.0-ibs_handler: ProcessIbsCmd: Received IBS_WAKE_IND: 0xFD
09-20 16:48:59.672  1057 20417 D vendor.qti.bluetooth@1.0-ibs_handler: SerialClockVote: vote for UART CLK ON
09-20 16:48:59.672  1057 20417 I vendor.qti.bluetooth@1.0-ibs_handler: ProcessIbsCmd: Writing IBS_WAKE_ACK
09-20 16:48:59.680 13691  5320 I fpp     : Ranging Results Update: DeviceId=-993898835 Distance=7.079457843841379 (m) Type=BLE
09-20 16:48:59.732  1057 20417 I vendor.qti.bluetooth@1.0-ibs_handler: ProcessIbsCmd: Received IBS_SLEEP_IND: 0xFE
09-20 16:48:59.732  1057 20417 D vendor.qti.bluetooth@1.0-ibs_handler: SerialClockVote: vote for UART CLK OFF
09-20 16:48:59.883  1057 20410 D vendor.qti.bluetooth@1.0-wake_lock: Release wakelock is released 
09-20 16:48:59.992   653  3425 W libperfmgr: Failed to write to node: /sys/module/battery_saver/parameters/enabled with value: N, fd: -1
09-20 16:49:00.432  1085  1168 E WifiHAL : wifi_get_cached_scan_results: Wifi Cached Scan Result not supported by driver
09-20 16:49:00.433  1836  2452 E WifiStaIfaceAidlImpl: getCachedScanData failed with service-specific exception: android.os.ServiceSpecificException:  (code 4)
09-20 16:49:00.493   653  3425 W libperfmgr: Failed to write to node: /sys/module/battery_saver/parameters/enabled with value: N, fd: -1
09-20 16:49:00.755  5352  5352 W ATFWD-daemon: libminijail[5352]: failed to get path of fd 3: No such file or directory
09-20 16:49:00.755  5352  5352 W ATFWD-daemon: libminijail[5352]: allowing syscall: connect
09-20 16:49:00.755  5352  5352 W ATFWD-daemon: libminijail[5352]: allowing syscall: fcntl
09-20 16:49:00.755  5352  5352 W ATFWD-daemon: libminijail[5352]: allowing syscall: sendto
09-20 16:49:00.755  5352  5352 W ATFWD-daemon: libminijail[5352]: allowing syscall: socket
09-20 16:49:00.755  5352  5352 W ATFWD-daemon: libminijail[5352]: allowing syscall: writev
09-20 16:49:00.756  5352  5352 W ATFWD-daemon: libminijail[5352]: logging seccomp filter failures
09-20 16:49:00.756  5352  5352 E ATFWD-daemon: libminijail[5352]: blocked syscall: gettid
09-20 16:49:00.918  1057 20417 I vendor.qti.bluetooth@1.0-ibs_handler: ProcessIbsCmd: Received IBS_WAKE_IND: 0xFD
09-20 16:49:00.918  1057 20417 D vendor.qti.bluetooth@1.0-ibs_handler: SerialClockVote: vote for UART CLK ON
09-20 16:49:00.922  1057 20417 D vendor.qti.bluetooth@1.0-wake_lock: Acquire wakelock is acquired 
09-20 16:49:00.922  1057 20417 I vendor.qti.bluetooth@1.0-ibs_handler: ProcessIbsCmd: Writing IBS_WAKE_ACK
09-20 16:49:00.929 13691  5320 I fpp     : Ranging Results Update: DeviceId=-993898835 Distance=4.466835921509632 (m) Type=BLE
09-20 16:49:00.964  1057 20417 I vendor.qti.bluetooth@1.0-ibs_handler: ProcessIbsCmd: Received IBS_SLEEP_IND: 0xFE
09-20 16:49:00.964  1057 20417 D vendor.qti.bluetooth@1.0-ibs_handler: SerialClockVote: vote for UART CLK OFF
09-20 16:49:00.994   653  3425 W libperfmgr: Failed to write to node: /sys/module/battery_saver/parameters/enabled with value: N, fd: -1
09-20 16:49:00.995  1057 20417 I vendor.qti.bluetooth@1.0-ibs_handler: ProcessIbsCmd: Received IBS_WAKE_IND: 0xFD
09-20 16:49:00.995  1057 20417 D vendor.qti.bluetooth@1.0-ibs_handler: SerialClockVote: vote for UART CLK ON
09-20 16:49:00.995  1057 20417 I vendor.qti.bluetooth@1.0-ibs_handler: ProcessIbsCmd: Writing IBS_WAKE_ACK
09-20 16:49:01.037  1057 20417 I vendor.qti.bluetooth@1.0-ibs_handler: ProcessIbsCmd: Received IBS_SLEEP_IND: 0xFE
09-20 16:49:01.037  1057 20417 D vendor.qti.bluetooth@1.0-ibs_handler: SerialClockVote: vote for UART CLK OFF
09-20 16:49:01.188  1057 20410 D vendor.qti.bluetooth@1.0-wake_lock: Release wakelock is released 
09-20 16:49:01.495   653  3425 W libperfmgr: Failed to write to node: /sys/module/battery_saver/parameters/enabled with value: N, fd: -1
09-20 16:49:01.997   653  3425 W libperfmgr: Failed to write to node: /sys/module/battery_saver/parameters/enabled with value: N, fd: -1
09-20 16:49:02.413  1057 20417 I vendor.qti.bluetooth@1.0-ibs_handler: ProcessIbsCmd: Received IBS_WAKE_IND: 0xFD
09-20 16:49:02.413  1057 20417 D vendor.qti.bluetooth@1.0-ibs_handler: SerialClockVote: vote for UART CLK ON
09-20 16:49:02.418  1057 20417 D vendor.qti.bluetooth@1.0-wake_lock: Acquire wakelock is acquired 
09-20 16:49:02.418  1057 20417 I vendor.qti.bluetooth@1.0-ibs_handler: ProcessIbsCmd: Writing IBS_WAKE_ACK
09-20 16:49:02.428 13691  5320 I fpp     : Ranging Results Update: DeviceId=-993898835 Distance=3.9810717055349722 (m) Type=BLE
09-20 16:49:02.462  1057 20417 I vendor.qti.bluetooth@1.0-ibs_handler: ProcessIbsCmd: Received IBS_SLEEP_IND: 0xFE
09-20 16:49:02.462  1057 20417 D vendor.qti.bluetooth@1.0-ibs_handler: SerialClockVote: vote for UART CLK OFF
09-20 16:49:02.498   653  3425 W libperfmgr: Failed to write to node: /sys/module/battery_saver/parameters/enabled with value: N, fd: -1
09-20 16:49:02.613  1057 20410 D vendor.qti.bluetooth@1.0-wake_lock: Release wakelock is released 
09-20 16:49:02.999   653  3425 W libperfmgr: Failed to write to node: /sys/module/battery_saver/parameters/enabled with value: N, fd: -1
09-20 16:49:03.452  1085  1168 E WifiHAL : wifi_get_cached_scan_results: Wifi Cached Scan Result not supported by driver
09-20 16:49:03.453  1836  2452 E WifiStaIfaceAidlImpl: getCachedScanData failed with service-specific exception: android.os.ServiceSpecificException:  (code 4)
09-20 16:49:03.501   653  3425 W libperfmgr: Failed to write to node: /sys/module/battery_saver/parameters/enabled with value: N, fd: -1
09-20 16:49:04.001   653  3425 W libperfmgr: Failed to write to node: /sys/module/battery_saver/parameters/enabled with value: N, fd: -1
09-20 16:49:04.291 13691  5353 I NearbyMediums: Found Fast Ble Advertisements :
09-20 16:49:04.291 13691  5353 I NearbyMediums: BleAdvertisement { version=2, socketVersion=2, isFast=true, serviceIdHash=null, data=[ 0x23 0x47 0x32 0x58 0x4b 0x11 0x34 0x25 0x4f 0x17 0x07 0xa5 0x77 0xf3 0x70 0x2f 0x1a 0xc7 0xbe 0x97 0x39 0xfc 0x3c ], deviceToken=[ 0xf6 0x35 ], rxAdvertisement=null } : 3 times.
09-20 16:49:04.291 13691  5353 I NearbyMediums: Total 3 fast advertisements from 1 unique advertisers.
09-20 16:49:04.291 13691  5353 I NearbyMediums: Current Tracked Scanning Clients are : {NearbyConnections.EnvironmentMonitor, NearbySharing}
09-20 16:49:04.503   653  3425 W libperfmgr: Failed to write to node: /sys/module/battery_saver/parameters/enabled with value: N, fd: -1
09-20 16:49:05.004   653  3425 W libperfmgr: Failed to write to node: /sys/module/battery_saver/parameters/enabled with value: N, fd: -1
09-20 16:49:05.265  1057 20417 I vendor.qti.bluetooth@1.0-ibs_handler: ProcessIbsCmd: Received IBS_WAKE_IND: 0xFD
09-20 16:49:05.265  1057 20417 D vendor.qti.bluetooth@1.0-ibs_handler: SerialClockVote: vote for UART CLK ON
09-20 16:49:05.270  1057 20417 D vendor.qti.bluetooth@1.0-wake_lock: Acquire wakelock is acquired 
09-20 16:49:05.270  1057 20417 I vendor.qti.bluetooth@1.0-ibs_handler: ProcessIbsCmd: Writing IBS_WAKE_ACK
09-20 16:49:05.278 13691  5353 I fpp     : Ranging Results Update: DeviceId=-993898835 Distance=3.548133892335755 (m) Type=BLE
09-20 16:49:05.317  1057 20417 I vendor.qti.bluetooth@1.0-ibs_handler: ProcessIbsCmd: Received IBS_SLEEP_IND: 0xFE
09-20 16:49:05.318  1057 20417 D vendor.qti.bluetooth@1.0-ibs_handler: SerialClockVote: vote for UART CLK OFF
09-20 16:49:05.469  1057 20410 D vendor.qti.bluetooth@1.0-wake_lock: Release wakelock is released 
09-20 16:49:05.505   653  3425 W libperfmgr: Failed to write to node: /sys/module/battery_saver/parameters/enabled with value: N, fd: -1
09-20 16:49:05.774  5354  5354 W ATFWD-daemon: libminijail[5354]: failed to get path of fd 3: No such file or directory
09-20 16:49:05.774  5354  5354 W ATFWD-daemon: libminijail[5354]: allowing syscall: connect
09-20 16:49:05.774  5354  5354 W ATFWD-daemon: libminijail[5354]: allowing syscall: fcntl
09-20 16:49:05.774  5354  5354 W ATFWD-daemon: libminijail[5354]: allowing syscall: sendto
09-20 16:49:05.774  5354  5354 W ATFWD-daemon: libminijail[5354]: allowing syscall: socket
09-20 16:49:05.774  5354  5354 W ATFWD-daemon: libminijail[5354]: allowing syscall: writev
09-20 16:49:05.775  5354  5354 W ATFWD-daemon: libminijail[5354]: logging seccomp filter failures
09-20 16:49:05.775  5354  5354 E ATFWD-daemon: libminijail[5354]: blocked syscall: gettid
09-20 16:49:06.006   653  3425 W libperfmgr: Failed to write to node: /sys/module/battery_saver/parameters/enabled with value: N, fd: -1
09-20 16:49:06.480  1085  1168 E WifiHAL : wifi_get_cached_scan_results: Wifi Cached Scan Result not supported by driver
09-20 16:49:06.481  1836  2452 E WifiStaIfaceAidlImpl: getCachedScanData failed with service-specific exception: android.os.ServiceSpecificException:  (code 4)
09-20 16:49:06.507   653  3425 W libperfmgr: Failed to write to node: /sys/module/battery_saver/parameters/enabled with value: N, fd: -1
09-20 16:49:07.000 26738 26797 D App     : bindSocketToActiveNetwork: binding fd=99 to net=107 iface=wlan0
09-20 16:49:07.001 26738  7292 D gojni   : App: bindSocketToActiveNetwork: binding fd=99 to net=107 iface=wlan0
09-20 16:49:07.004 26738  7292 D App     : bindSocketToActiveNetwork: binding fd=99 to net=107 iface=wlan0
09-20 16:49:07.005 26738 26797 D gojni   : App: bindSocketToActiveNetwork: binding fd=99 to net=107 iface=wlan0
09-20 16:49:07.007   653  3425 W libperfmgr: Failed to write to node: /sys/module/battery_saver/parameters/enabled with value: N, fd: -1
09-20 16:49:07.508   653  3425 W libperfmgr: Failed to write to node: /sys/module/battery_saver/parameters/enabled with value: N, fd: -1
09-20 16:49:08.010   653  3425 W libperfmgr: Failed to write to node: /sys/module/battery_saver/parameters/enabled with value: N, fd: -1
09-20 16:49:08.022  1057 20417 I vendor.qti.bluetooth@1.0-ibs_handler: ProcessIbsCmd: Received IBS_WAKE_IND: 0xFD
09-20 16:49:08.022  1057 20417 D vendor.qti.bluetooth@1.0-ibs_handler: SerialClockVote: vote for UART CLK ON
09-20 16:49:08.030  1057 20417 D vendor.qti.bluetooth@1.0-wake_lock: Acquire wakelock is acquired 
09-20 16:49:08.030  1057 20417 I vendor.qti.bluetooth@1.0-ibs_handler: ProcessIbsCmd: Writing IBS_WAKE_ACK
09-20 16:49:08.072  1057 20417 I vendor.qti.bluetooth@1.0-ibs_handler: ProcessIbsCmd: Received IBS_SLEEP_IND: 0xFE
09-20 16:49:08.072  1057 20417 D vendor.qti.bluetooth@1.0-ibs_handler: SerialClockVote: vote for UART CLK OFF
09-20 16:49:08.223  1057 20410 D vendor.qti.bluetooth@1.0-wake_lock: Release wakelock is released 
09-20 16:49:08.511   653  3425 W libperfmgr: Failed to write to node: /sys/module/battery_saver/parameters/enabled with value: N, fd: -1
09-20 16:49:09.011   653  3425 W libperfmgr: Failed to write to node: /sys/module/battery_saver/parameters/enabled with value: N, fd: -1
09-20 16:49:09.484  1057 20417 I vendor.qti.bluetooth@1.0-ibs_handler: ProcessIbsCmd: Received IBS_WAKE_IND: 0xFD
09-20 16:49:09.484  1057 20417 D vendor.qti.bluetooth@1.0-ibs_handler: SerialClockVote: vote for UART CLK ON
09-20 16:49:09.489  1057 20417 D vendor.qti.bluetooth@1.0-wake_lock: Acquire wakelock is acquired 
09-20 16:49:09.489  1057 20417 I vendor.qti.bluetooth@1.0-ibs_handler: ProcessIbsCmd: Writing IBS_WAKE_ACK
09-20 16:49:09.496 13691  5353 I fpp     : Ranging Results Update: DeviceId=-993898835 Distance=4.466835921509632 (m) Type=BLE
09-20 16:49:09.512   653  3425 W libperfmgr: Failed to write to node: /sys/module/battery_saver/parameters/enabled with value: N, fd: -1
09-20 16:49:09.531  1057 20417 I vendor.qti.bluetooth@1.0-ibs_handler: ProcessIbsCmd: Received IBS_SLEEP_IND: 0xFE
09-20 16:49:09.531  1057 20417 D vendor.qti.bluetooth@1.0-ibs_handler: SerialClockVote: vote for UART CLK OFF
09-20 16:49:09.569  1085  1168 E WifiHAL : wifi_get_cached_scan_results: Wifi Cached Scan Result not supported by driver
09-20 16:49:09.570  1836  2452 E WifiStaIfaceAidlImpl: getCachedScanData failed with service-specific exception: android.os.ServiceSpecificException:  (code 4)
09-20 16:49:09.681  1057 20410 D vendor.qti.bluetooth@1.0-wake_lock: Release wakelock is released 
09-20 16:49:10.014   653  3425 W libperfmgr: Failed to write to node: /sys/module/battery_saver/parameters/enabled with value: N, fd: -1
09-20 16:49:10.515   653  3425 W libperfmgr: Failed to write to node: /sys/module/battery_saver/parameters/enabled with value: N, fd: -1
09-20 16:49:10.805  5355  5355 W ATFWD-daemon: libminijail[5355]: failed to get path of fd 3: No such file or directory
09-20 16:49:10.805  5355  5355 W ATFWD-daemon: libminijail[5355]: allowing syscall: connect
09-20 16:49:10.805  5355  5355 W ATFWD-daemon: libminijail[5355]: allowing syscall: fcntl
09-20 16:49:10.805  5355  5355 W ATFWD-daemon: libminijail[5355]: allowing syscall: sendto
09-20 16:49:10.805  5355  5355 W ATFWD-daemon: libminijail[5355]: allowing syscall: socket
09-20 16:49:10.805  5355  5355 W ATFWD-daemon: libminijail[5355]: allowing syscall: writev
09-20 16:49:10.806  5355  5355 W ATFWD-daemon: libminijail[5355]: logging seccomp filter failures
09-20 16:49:10.807  5355  5355 E ATFWD-daemon: libminijail[5355]: blocked syscall: gettid
09-20 16:49:10.857  1057 20417 I vendor.qti.bluetooth@1.0-ibs_handler: ProcessIbsCmd: Received IBS_WAKE_IND: 0xFD
09-20 16:49:10.857  1057 20417 D vendor.qti.bluetooth@1.0-ibs_handler: SerialClockVote: vote for UART CLK ON
09-20 16:49:10.860  1057 20417 D vendor.qti.bluetooth@1.0-wake_lock: Acquire wakelock is acquired 
09-20 16:49:10.860  1057 20417 I vendor.qti.bluetooth@1.0-ibs_handler: ProcessIbsCmd: Writing IBS_WAKE_ACK
09-20 16:49:10.868 13691  5353 I fpp     : Ranging Results Update: DeviceId=-993898835 Distance=3.9810717055349722 (m) Type=BLE
09-20 16:49:10.869 13691  5353 I fpp     : Proximity state event detected: device=-993898835, distance(m)=3.98, state=LONG_RANGE, prevState=Unknown/Expired, distance history=[]
09-20 16:49:10.917  1057 20417 I vendor.qti.bluetooth@1.0-ibs_handler: ProcessIbsCmd: Received IBS_SLEEP_IND: 0xFE
09-20 16:49:10.917  1057 20417 D vendor.qti.bluetooth@1.0-ibs_handler: SerialClockVote: vote for UART CLK OFF
09-20 16:49:11.016   653  3425 W libperfmgr: Failed to write to node: /sys/module/battery_saver/parameters/enabled with value: N, fd: -1
09-20 16:49:11.067  1057 20410 D vendor.qti.bluetooth@1.0-wake_lock: Release wakelock is released 
09-20 16:49:11.517   653  3425 W libperfmgr: Failed to write to node: /sys/module/battery_saver/parameters/enabled with value: N, fd: -1
09-20 16:49:12.018   653  3425 W libperfmgr: Failed to write to node: /sys/module/battery_saver/parameters/enabled with value: N, fd: -1
09-20 16:49:12.190  1057 20417 I vendor.qti.bluetooth@1.0-ibs_handler: ProcessIbsCmd: Received IBS_WAKE_IND: 0xFD
09-20 16:49:12.190  1057 20417 D vendor.qti.bluetooth@1.0-ibs_handler: SerialClockVote: vote for UART CLK ON
09-20 16:49:12.193  1057 20417 D vendor.qti.bluetooth@1.0-wake_lock: Acquire wakelock is acquired 
09-20 16:49:12.193  1057 20417 I vendor.qti.bluetooth@1.0-ibs_handler: ProcessIbsCmd: Writing IBS_WAKE_ACK
09-20 16:49:12.235  1057 20417 I vendor.qti.bluetooth@1.0-ibs_handler: ProcessIbsCmd: Received IBS_SLEEP_IND: 0xFE
09-20 16:49:12.236  1057 20417 D vendor.qti.bluetooth@1.0-ibs_handler: SerialClockVote: vote for UART CLK OFF
09-20 16:49:12.387  1057 20410 D vendor.qti.bluetooth@1.0-wake_lock: Release wakelock is released 
09-20 16:49:12.519   653  3425 W libperfmgr: Failed to write to node: /sys/module/battery_saver/parameters/enabled with value: N, fd: -1
09-20 16:49:12.587  1085  1168 E WifiHAL : wifi_get_cached_scan_results: Wifi Cached Scan Result not supported by driver
09-20 16:49:12.588  1836  2452 E WifiStaIfaceAidlImpl: getCachedScanData failed with service-specific exception: android.os.ServiceSpecificException:  (code 4)
09-20 16:49:13.021   653  3425 W libperfmgr: Failed to write to node: /sys/module/battery_saver/parameters/enabled with value: N, fd: -1
09-20 16:49:13.522   653  3425 W libperfmgr: Failed to write to node: /sys/module/battery_saver/parameters/enabled with value: N, fd: -1
09-20 16:49:13.742  1057 20417 I vendor.qti.bluetooth@1.0-ibs_handler: ProcessIbsCmd: Received IBS_WAKE_IND: 0xFD
09-20 16:49:13.742  1057 20417 D vendor.qti.bluetooth@1.0-ibs_handler: SerialClockVote: vote for UART CLK ON
09-20 16:49:13.748  1057 20417 D vendor.qti.bluetooth@1.0-wake_lock: Acquire wakelock is acquired 
09-20 16:49:13.748  1057 20417 I vendor.qti.bluetooth@1.0-ibs_handler: ProcessIbsCmd: Writing IBS_WAKE_ACK
09-20 16:49:13.790  1057 20417 I vendor.qti.bluetooth@1.0-ibs_handler: ProcessIbsCmd: Received IBS_SLEEP_IND: 0xFE
09-20 16:49:13.790  1057 20417 D vendor.qti.bluetooth@1.0-ibs_handler: SerialClockVote: vote for UART CLK OFF
09-20 16:49:13.941  1057 20410 D vendor.qti.bluetooth@1.0-wake_lock: Release wakelock is released 
09-20 16:49:14.024   653  3425 W libperfmgr: Failed to write to node: /sys/module/battery_saver/parameters/enabled with value: N, fd: -1
09-20 16:49:14.295 13691  5353 I NearbyMediums: Found Fast Ble Advertisements :
09-20 16:49:14.295 13691  5353 I NearbyMediums: BleAdvertisement { version=2, socketVersion=2, isFast=true, serviceIdHash=null, data=[ 0x23 0x47 0x32 0x58 0x4b 0x11 0x34 0x25 0x4f 0x17 0x07 0xa5 0x77 0xf3 0x70 0x2f 0x1a 0xc7 0xbe 0x97 0x39 0xfc 0x3c ], deviceToken=[ 0xf6 0x35 ], rxAdvertisement=null } : 1 times.
09-20 16:49:14.295 13691  5353 I NearbyMediums: Total 1 fast advertisements from 1 unique advertisers.
09-20 16:49:14.295 13691  5353 I NearbyMediums: Current Tracked Scanning Clients are : {NearbyConnections.EnvironmentMonitor, NearbySharing}
09-20 16:49:14.525   653  3425 W libperfmgr: Failed to write to node: /sys/module/battery_saver/parameters/enabled with value: N, fd: -1
09-20 16:49:15.025   653  3425 W libperfmgr: Failed to write to node: /sys/module/battery_saver/parameters/enabled with value: N, fd: -1
09-20 16:49:15.041  1057 20417 I vendor.qti.bluetooth@1.0-ibs_handler: ProcessIbsCmd: Received IBS_WAKE_IND: 0xFD
09-20 16:49:15.041  1057 20417 D vendor.qti.bluetooth@1.0-ibs_handler: SerialClockVote: vote for UART CLK ON
09-20 16:49:15.045  1057 20417 D vendor.qti.bluetooth@1.0-wake_lock: Acquire wakelock is acquired 
09-20 16:49:15.045  1057 20417 I vendor.qti.bluetooth@1.0-ibs_handler: ProcessIbsCmd: Writing IBS_WAKE_ACK
09-20 16:49:15.069 13691  5353 I fpp     : Ranging Results Update: DeviceId=-993898835 Distance=3.9810717055349722 (m) Type=BLE
09-20 16:49:15.118  1057 20417 I vendor.qti.bluetooth@1.0-ibs_handler: ProcessIbsCmd: Received IBS_SLEEP_IND: 0xFE
09-20 16:49:15.118  1057 20417 D vendor.qti.bluetooth@1.0-ibs_handler: SerialClockVote: vote for UART CLK OFF
09-20 16:49:15.269  1057 20410 D vendor.qti.bluetooth@1.0-wake_lock: Release wakelock is released 
09-20 16:49:15.527   653  3425 W libperfmgr: Failed to write to node: /sys/module/battery_saver/parameters/enabled with value: N, fd: -1
09-20 16:49:15.606  1085  1168 E WifiHAL : wifi_get_cached_scan_results: Wifi Cached Scan Result not supported by driver
09-20 16:49:15.607  1836  2452 E WifiStaIfaceAidlImpl: getCachedScanData failed with service-specific exception: android.os.ServiceSpecificException:  (code 4)
09-20 16:49:15.805  5356  5356 W ATFWD-daemon: libminijail[5356]: failed to get path of fd 3: No such file or directory
09-20 16:49:15.805  5356  5356 W ATFWD-daemon: libminijail[5356]: allowing syscall: connect
09-20 16:49:15.805  5356  5356 W ATFWD-daemon: libminijail[5356]: allowing syscall: fcntl
09-20 16:49:15.805  5356  5356 W ATFWD-daemon: libminijail[5356]: allowing syscall: sendto
09-20 16:49:15.805  5356  5356 W ATFWD-daemon: libminijail[5356]: allowing syscall: socket
09-20 16:49:15.805  5356  5356 W ATFWD-daemon: libminijail[5356]: allowing syscall: writev
09-20 16:49:15.806  5356  5356 W ATFWD-daemon: libminijail[5356]: logging seccomp filter failures
09-20 16:49:15.806  5356  5356 E ATFWD-daemon: libminijail[5356]: blocked syscall: gettid
09-20 16:49:16.027   653  3425 W libperfmgr: Failed to write to node: /sys/module/battery_saver/parameters/enabled with value: N, fd: -1
09-20 16:49:16.479  1057 20417 I vendor.qti.bluetooth@1.0-ibs_handler: ProcessIbsCmd: Received IBS_WAKE_IND: 0xFD
09-20 16:49:16.479  1057 20417 D vendor.qti.bluetooth@1.0-ibs_handler: SerialClockVote: vote for UART CLK ON
09-20 16:49:16.483  1057 20417 D vendor.qti.bluetooth@1.0-wake_lock: Acquire wakelock is acquired 
09-20 16:49:16.484  1057 20417 I vendor.qti.bluetooth@1.0-ibs_handler: ProcessIbsCmd: Writing IBS_WAKE_ACK
09-20 16:49:16.525  1057 20417 I vendor.qti.bluetooth@1.0-ibs_handler: ProcessIbsCmd: Received IBS_SLEEP_IND: 0xFE
09-20 16:49:16.526  1057 20417 D vendor.qti.bluetooth@1.0-ibs_handler: SerialClockVote: vote for UART CLK OFF
09-20 16:49:16.528   653  3425 W libperfmgr: Failed to write to node: /sys/module/battery_saver/parameters/enabled with value: N, fd: -1
09-20 16:49:16.557  1057 20417 I vendor.qti.bluetooth@1.0-ibs_handler: ProcessIbsCmd: Received IBS_WAKE_IND: 0xFD
09-20 16:49:16.558  1057 20417 D vendor.qti.bluetooth@1.0-ibs_handler: SerialClockVote: vote for UART CLK ON
09-20 16:49:16.558  1057 20417 I vendor.qti.bluetooth@1.0-ibs_handler: ProcessIbsCmd: Writing IBS_WAKE_ACK
09-20 16:49:16.566 13691  5353 I fpp     : Ranging Results Update: DeviceId=-993898835 Distance=5.623413251903491 (m) Type=BLE
09-20 16:49:16.567 13691  5353 I fpp     : Proximity state event detected: device=-993898835, distance(m)=5.62, state=LONG_RANGE, prevState=Unknown/Expired, distance history=[]
09-20 16:49:16.599  1057 20417 I vendor.qti.bluetooth@1.0-ibs_handler: ProcessIbsCmd: Received IBS_SLEEP_IND: 0xFE
09-20 16:49:16.600  1057 20417 D vendor.qti.bluetooth@1.0-ibs_handler: SerialClockVote: vote for UART CLK OFF
09-20 16:49:16.751  1057 20410 D vendor.qti.bluetooth@1.0-wake_lock: Release wakelock is released 
09-20 16:49:17.029   653  3425 W libperfmgr: Failed to write to node: /sys/module/battery_saver/parameters/enabled with value: N, fd: -1
09-20 16:49:17.530   653  3425 W libperfmgr: Failed to write to node: /sys/module/battery_saver/parameters/enabled with value: N, fd: -1
09-20 16:49:17.812  1057 20417 I vendor.qti.bluetooth@1.0-ibs_handler: ProcessIbsCmd: Received IBS_WAKE_IND: 0xFD
09-20 16:49:17.812  1057 20417 D vendor.qti.bluetooth@1.0-ibs_handler: SerialClockVote: vote for UART CLK ON
09-20 16:49:17.814  1057 20417 D vendor.qti.bluetooth@1.0-wake_lock: Acquire wakelock is acquired 
09-20 16:49:17.814  1057 20417 I vendor.qti.bluetooth@1.0-ibs_handler: ProcessIbsCmd: Writing IBS_WAKE_ACK
09-20 16:49:17.821 13691  5353 I fpp     : Ranging Results Update: DeviceId=-993898835 Distance=3.9810717055349722 (m) Type=BLE
09-20 16:49:17.863  1057 20417 I vendor.qti.bluetooth@1.0-ibs_handler: ProcessIbsCmd: Received IBS_SLEEP_IND: 0xFE
09-20 16:49:17.863  1057 20417 D vendor.qti.bluetooth@1.0-ibs_handler: SerialClockVote: vote for UART CLK OFF
09-20 16:49:18.013  1057 20410 D vendor.qti.bluetooth@1.0-wake_lock: Release wakelock is released 
09-20 16:49:18.032   653  3425 W libperfmgr: Failed to write to node: /sys/module/battery_saver/parameters/enabled with value: N, fd: -1
09-20 16:49:18.532   653  3425 W libperfmgr: Failed to write to node: /sys/module/battery_saver/parameters/enabled with value: N, fd: -1
09-20 16:49:18.624  1085  1168 E WifiHAL : wifi_get_cached_scan_results: Wifi Cached Scan Result not supported by driver
09-20 16:49:18.625  1836  2452 E WifiStaIfaceAidlImpl: getCachedScanData failed with service-specific exception: android.os.ServiceSpecificException:  (code 4)
09-20 16:49:19.033   653  3425 W libperfmgr: Failed to write to node: /sys/module/battery_saver/parameters/enabled with value: N, fd: -1
09-20 16:49:19.302  1057 20417 I vendor.qti.bluetooth@1.0-ibs_handler: ProcessIbsCmd: Received IBS_WAKE_IND: 0xFD
09-20 16:49:19.302  1057 20417 D vendor.qti.bluetooth@1.0-ibs_handler: SerialClockVote: vote for UART CLK ON
09-20 16:49:19.306  1057 20417 D vendor.qti.bluetooth@1.0-wake_lock: Acquire wakelock is acquired 
09-20 16:49:19.307  1057 20417 I vendor.qti.bluetooth@1.0-ibs_handler: ProcessIbsCmd: Writing IBS_WAKE_ACK
09-20 16:49:19.316 13691  5353 I fpp     : Ranging Results Update: DeviceId=-993898835 Distance=3.9810717055349722 (m) Type=BLE
09-20 16:49:19.371  1057 20417 I vendor.qti.bluetooth@1.0-ibs_handler: ProcessIbsCmd: Received IBS_SLEEP_IND: 0xFE
09-20 16:49:19.371  1057 20417 D vendor.qti.bluetooth@1.0-ibs_handler: SerialClockVote: vote for UART CLK OFF
09-20 16:49:19.522  1057 20410 D vendor.qti.bluetooth@1.0-wake_lock: Release wakelock is released 
09-20 16:49:19.534   653  3425 W libperfmgr: Failed to write to node: /sys/module/battery_saver/parameters/enabled with value: N, fd: -1
09-20 16:49:20.035   653  3425 W libperfmgr: Failed to write to node: /sys/module/battery_saver/parameters/enabled with value: N, fd: -1
09-20 16:49:20.536   653  3425 W libperfmgr: Failed to write to node: /sys/module/battery_saver/parameters/enabled with value: N, fd: -1
09-20 16:49:20.668  1057 20417 I vendor.qti.bluetooth@1.0-ibs_handler: ProcessIbsCmd: Received IBS_WAKE_IND: 0xFD
09-20 16:49:20.668  1057 20417 D vendor.qti.bluetooth@1.0-ibs_handler: SerialClockVote: vote for UART CLK ON
09-20 16:49:20.672  1057 20417 D vendor.qti.bluetooth@1.0-wake_lock: Acquire wakelock is acquired 
09-20 16:49:20.672  1057 20417 I vendor.qti.bluetooth@1.0-ibs_handler: ProcessIbsCmd: Writing IBS_WAKE_ACK
09-20 16:49:20.680 13691  5353 I fpp     : Ranging Results Update: DeviceId=-993898835 Distance=5.623413251903491 (m) Type=BLE
09-20 16:49:20.714  1057 20417 I vendor.qti.bluetooth@1.0-ibs_handler: ProcessIbsCmd: Received IBS_SLEEP_IND: 0xFE
09-20 16:49:20.714  1057 20417 D vendor.qti.bluetooth@1.0-ibs_handler: SerialClockVote: vote for UART CLK OFF
09-20 16:49:20.752  1057 20417 I vendor.qti.bluetooth@1.0-ibs_handler: ProcessIbsCmd: Received IBS_WAKE_IND: 0xFD
09-20 16:49:20.752  1057 20417 D vendor.qti.bluetooth@1.0-ibs_handler: SerialClockVote: vote for UART CLK ON
09-20 16:49:20.752  1057 20417 I vendor.qti.bluetooth@1.0-ibs_handler: ProcessIbsCmd: Writing IBS_WAKE_ACK
09-20 16:49:20.793  1057 20417 I vendor.qti.bluetooth@1.0-ibs_handler: ProcessIbsCmd: Received IBS_SLEEP_IND: 0xFE
09-20 16:49:20.793  1057 20417 D vendor.qti.bluetooth@1.0-ibs_handler: SerialClockVote: vote for UART CLK OFF
09-20 16:49:20.809  5357  5357 W ATFWD-daemon: libminijail[5357]: failed to get path of fd 3: No such file or directory
09-20 16:49:20.812  5357  5357 W ATFWD-daemon: libminijail[5357]: allowing syscall: connect
09-20 16:49:20.812  5357  5357 W ATFWD-daemon: libminijail[5357]: allowing syscall: fcntl
09-20 16:49:20.812  5357  5357 W ATFWD-daemon: libminijail[5357]: allowing syscall: sendto
09-20 16:49:20.812  5357  5357 W ATFWD-daemon: libminijail[5357]: allowing syscall: socket
09-20 16:49:20.812  5357  5357 W ATFWD-daemon: libminijail[5357]: allowing syscall: writev
09-20 16:49:20.813  5357  5357 W ATFWD-daemon: libminijail[5357]: logging seccomp filter failures
09-20 16:49:20.814  5357  5357 E ATFWD-daemon: libminijail[5357]: blocked syscall: gettid
09-20 16:49:20.854  5358  5358 I flags_health_check: ServerConfigurableFlagsReset reset_mode value: 1
09-20 16:49:20.855  5358  5358 I flags_health_check: ServerConfigurableFlagsReset updatable crashing detected, resetting flags.
09-20 16:49:20.944  1057 20410 D vendor.qti.bluetooth@1.0-wake_lock: Release wakelock is released 
09-20 16:49:21.037   653  3425 W libperfmgr: Failed to write to node: /sys/module/battery_saver/parameters/enabled with value: N, fd: -1
09-20 16:49:21.538   653  3425 W libperfmgr: Failed to write to node: /sys/module/battery_saver/parameters/enabled with value: N, fd: -1
09-20 16:49:21.640  1085  1168 E WifiHAL : wifi_get_cached_scan_results: Wifi Cached Scan Result not supported by driver
09-20 16:49:21.641  1836  2452 E WifiStaIfaceAidlImpl: getCachedScanData failed with service-specific exception: android.os.ServiceSpecificException:  (code 4)
09-20 16:49:22.038  1057 20417 I vendor.qti.bluetooth@1.0-ibs_handler: ProcessIbsCmd: Received IBS_WAKE_IND: 0xFD
09-20 16:49:22.038  1057 20417 D vendor.qti.bluetooth@1.0-ibs_handler: SerialClockVote: vote for UART CLK ON
09-20 16:49:22.039   653  3425 W libperfmgr: Failed to write to node: /sys/module/battery_saver/parameters/enabled with value: N, fd: -1
09-20 16:49:22.041  1057 20417 D vendor.qti.bluetooth@1.0-wake_lock: Acquire wakelock is acquired 
09-20 16:49:22.041  1057 20417 I vendor.qti.bluetooth@1.0-ibs_handler: ProcessIbsCmd: Writing IBS_WAKE_ACK
09-20 16:49:22.050 13691  5353 I fpp     : Ranging Results Update: DeviceId=-993898835 Distance=4.466835921509632 (m) Type=BLE
09-20 16:49:22.083  1057 20417 I vendor.qti.bluetooth@1.0-ibs_handler: ProcessIbsCmd: Received IBS_SLEEP_IND: 0xFE
09-20 16:49:22.084  1057 20417 D vendor.qti.bluetooth@1.0-ibs_handler: SerialClockVote: vote for UART CLK OFF
09-20 16:49:22.234  1057 20410 D vendor.qti.bluetooth@1.0-wake_lock: Release wakelock is released 
09-20 16:49:22.541   653  3425 W libperfmgr: Failed to write to node: /sys/module/battery_saver/parameters/enabled with value: N, fd: -1
09-20 16:49:23.042   653  3425 W libperfmgr: Failed to write to node: /sys/module/battery_saver/parameters/enabled with value: N, fd: -1
09-20 16:49:23.425  1057 20417 I vendor.qti.bluetooth@1.0-ibs_handler: ProcessIbsCmd: Received IBS_WAKE_IND: 0xFD
09-20 16:49:23.425  1057 20417 D vendor.qti.bluetooth@1.0-ibs_handler: SerialClockVote: vote for UART CLK ON
09-20 16:49:23.427  1057 20417 D vendor.qti.bluetooth@1.0-wake_lock: Acquire wakelock is acquired 
09-20 16:49:23.427  1057 20417 I vendor.qti.bluetooth@1.0-ibs_handler: ProcessIbsCmd: Writing IBS_WAKE_ACK
09-20 16:49:23.470  1057 20417 I vendor.qti.bluetooth@1.0-ibs_handler: ProcessIbsCmd: Received IBS_SLEEP_IND: 0xFE
09-20 16:49:23.470  1057 20417 D vendor.qti.bluetooth@1.0-ibs_handler: SerialClockVote: vote for UART CLK OFF
09-20 16:49:23.497  1057 20417 I vendor.qti.bluetooth@1.0-ibs_handler: ProcessIbsCmd: Received IBS_WAKE_IND: 0xFD
09-20 16:49:23.498  1057 20417 D vendor.qti.bluetooth@1.0-ibs_handler: SerialClockVote: vote for UART CLK ON
09-20 16:49:23.498  1057 20417 I vendor.qti.bluetooth@1.0-ibs_handler: ProcessIbsCmd: Writing IBS_WAKE_ACK
09-20 16:49:23.505 13691  5353 I fpp     : Ranging Results Update: DeviceId=-993898835 Distance=3.9810717055349722 (m) Type=BLE
09-20 16:49:23.539  1057 20417 I vendor.qti.bluetooth@1.0-ibs_handler: ProcessIbsCmd: Received IBS_SLEEP_IND: 0xFE
09-20 16:49:23.539  1057 20417 D vendor.qti.bluetooth@1.0-ibs_handler: SerialClockVote: vote for UART CLK OFF
09-20 16:49:23.543   653  3425 W libperfmgr: Failed to write to node: /sys/module/battery_saver/parameters/enabled with value: N, fd: -1
09-20 16:49:23.691  1057 20410 D vendor.qti.bluetooth@1.0-wake_lock: Release wakelock is released 
09-20 16:49:24.044   653  3425 W libperfmgr: Failed to write to node: /sys/module/battery_saver/parameters/enabled with value: N, fd: -1
09-20 16:49:24.297 13691  5353 I NearbyMediums: Found Fast Ble Advertisements :
09-20 16:49:24.297 13691  5353 I NearbyMediums: BleAdvertisement { version=2, socketVersion=2, isFast=true, serviceIdHash=null, data=[ 0x23 0x47 0x32 0x58 0x4b 0x11 0x34 0x25 0x4f 0x17 0x07 0xa5 0x77 0xf3 0x70 0x2f 0x1a 0xc7 0xbe 0x97 0x39 0xfc 0x3c ], deviceToken=[ 0xf6 0x35 ], rxAdvertisement=null } : 4 times.
09-20 16:49:24.297 13691  5353 I NearbyMediums: Total 4 fast advertisements from 1 unique advertisers.
09-20 16:49:24.297 13691  5353 I NearbyMediums: Current Tracked Scanning Clients are : {NearbyConnections.EnvironmentMonitor, NearbySharing}
09-20 16:49:24.545   653  3425 W libperfmgr: Failed to write to node: /sys/module/battery_saver/parameters/enabled with value: N, fd: -1
09-20 16:49:24.658  1085  1168 E WifiHAL : wifi_get_cached_scan_results: Wifi Cached Scan Result not supported by driver
09-20 16:49:24.658  1836  2452 E WifiStaIfaceAidlImpl: getCachedScanData failed with service-specific exception: android.os.ServiceSpecificException:  (code 4)
09-20 16:49:24.925  1057 20417 I vendor.qti.bluetooth@1.0-ibs_handler: ProcessIbsCmd: Received IBS_WAKE_IND: 0xFD
09-20 16:49:24.925  1057 20417 D vendor.qti.bluetooth@1.0-ibs_handler: SerialClockVote: vote for UART CLK ON
09-20 16:49:24.928  1057 20417 D vendor.qti.bluetooth@1.0-wake_lock: Acquire wakelock is acquired 
09-20 16:49:24.928  1057 20417 I vendor.qti.bluetooth@1.0-ibs_handler: ProcessIbsCmd: Writing IBS_WAKE_ACK
09-20 16:49:24.969  1057 20417 I vendor.qti.bluetooth@1.0-ibs_handler: ProcessIbsCmd: Received IBS_SLEEP_IND: 0xFE
09-20 16:49:24.969  1057 20417 D vendor.qti.bluetooth@1.0-ibs_handler: SerialClockVote: vote for UART CLK OFF
09-20 16:49:25.046   653  3425 W libperfmgr: Failed to write to node: /sys/module/battery_saver/parameters/enabled with value: N, fd: -1
09-20 16:49:25.121  1057 20410 D vendor.qti.bluetooth@1.0-wake_lock: Release wakelock is released 
09-20 16:49:25.547   653  3425 W libperfmgr: Failed to write to node: /sys/module/battery_saver/parameters/enabled with value: N, fd: -1
09-20 16:49:25.831  5359  5359 W ATFWD-daemon: libminijail[5359]: failed to get path of fd 3: No such file or directory
09-20 16:49:25.831  5359  5359 W ATFWD-daemon: libminijail[5359]: allowing syscall: connect
09-20 16:49:25.831  5359  5359 W ATFWD-daemon: libminijail[5359]: allowing syscall: fcntl
09-20 16:49:25.831  5359  5359 W ATFWD-daemon: libminijail[5359]: allowing syscall: sendto
09-20 16:49:25.831  5359  5359 W ATFWD-daemon: libminijail[5359]: allowing syscall: socket
09-20 16:49:25.831  5359  5359 W ATFWD-daemon: libminijail[5359]: allowing syscall: writev
09-20 16:49:25.832  5359  5359 W ATFWD-daemon: libminijail[5359]: logging seccomp filter failures
09-20 16:49:25.833  5359  5359 E ATFWD-daemon: libminijail[5359]: blocked syscall: gettid
09-20 16:49:25.858  5360  5360 I flags_health_check: ServerConfigurableFlagsReset reset_mode value: 1
09-20 16:49:25.858  5360  5360 I flags_health_check: ServerConfigurableFlagsReset updatable crashing detected, resetting flags.
09-20 16:49:26.049   653  3425 W libperfmgr: Failed to write to node: /sys/module/battery_saver/parameters/enabled with value: N, fd: -1
09-20 16:49:26.282  1057 20417 I vendor.qti.bluetooth@1.0-ibs_handler: ProcessIbsCmd: Received IBS_WAKE_IND: 0xFD
09-20 16:49:26.283  1057 20417 D vendor.qti.bluetooth@1.0-ibs_handler: SerialClockVote: vote for UART CLK ON
09-20 16:49:26.286  1057 20417 D vendor.qti.bluetooth@1.0-wake_lock: Acquire wakelock is acquired 
09-20 16:49:26.286  1057 20417 I vendor.qti.bluetooth@1.0-ibs_handler: ProcessIbsCmd: Writing IBS_WAKE_ACK
09-20 16:49:26.328  1057 20417 I vendor.qti.bluetooth@1.0-ibs_handler: ProcessIbsCmd: Received IBS_SLEEP_IND: 0xFE
09-20 16:49:26.328  1057 20417 D vendor.qti.bluetooth@1.0-ibs_handler: SerialClockVote: vote for UART CLK OFF
09-20 16:49:26.479  1057 20410 D vendor.qti.bluetooth@1.0-wake_lock: Release wakelock is released 
09-20 16:49:26.550   653  3425 W libperfmgr: Failed to write to node: /sys/module/battery_saver/parameters/enabled with value: N, fd: -1
09-20 16:49:27.051   653  3425 W libperfmgr: Failed to write to node: /sys/module/battery_saver/parameters/enabled with value: N, fd: -1
09-20 16:49:27.553   653  3425 W libperfmgr: Failed to write to node: /sys/module/battery_saver/parameters/enabled with value: N, fd: -1
09-20 16:49:27.678  1085  1168 E WifiHAL : wifi_get_cached_scan_results: Wifi Cached Scan Result not supported by driver
09-20 16:49:27.679  1836  2452 E WifiStaIfaceAidlImpl: getCachedScanData failed with service-specific exception: android.os.ServiceSpecificException:  (code 4)
09-20 16:49:27.693 26738  7294 D App     : bindSocketToActiveNetwork: binding fd=99 to net=107 iface=wlan0
09-20 16:49:27.694 26738 26797 D gojni   : App: bindSocketToActiveNetwork: binding fd=99 to net=107 iface=wlan0
09-20 16:49:27.697 26738  7292 D App     : bindSocketToActiveNetwork: binding fd=99 to net=107 iface=wlan0
09-20 16:49:27.698 26738  7294 D gojni   : App: bindSocketToActiveNetwork: binding fd=99 to net=107 iface=wlan0
09-20 16:49:28.054   653  3425 W libperfmgr: Failed to write to node: /sys/module/battery_saver/parameters/enabled with value: N, fd: -1
09-20 16:49:28.555   653  3425 W libperfmgr: Failed to write to node: /sys/module/battery_saver/parameters/enabled with value: N, fd: -1
09-20 16:49:29.032  1057 20417 I vendor.qti.bluetooth@1.0-ibs_handler: ProcessIbsCmd: Received IBS_WAKE_IND: 0xFD
09-20 16:49:29.033  1057 20417 D vendor.qti.bluetooth@1.0-ibs_handler: SerialClockVote: vote for UART CLK ON
09-20 16:49:29.036  1057 20417 D vendor.qti.bluetooth@1.0-wake_lock: Acquire wakelock is acquired 
09-20 16:49:29.036  1057 20417 I vendor.qti.bluetooth@1.0-ibs_handler: ProcessIbsCmd: Writing IBS_WAKE_ACK
09-20 16:49:29.056   653  3425 W libperfmgr: Failed to write to node: /sys/module/battery_saver/parameters/enabled with value: N, fd: -1
09-20 16:49:29.111  1057 20417 I vendor.qti.bluetooth@1.0-ibs_handler: ProcessIbsCmd: Received IBS_SLEEP_IND: 0xFE
09-20 16:49:29.111  1057 20417 D vendor.qti.bluetooth@1.0-ibs_handler: SerialClockVote: vote for UART CLK OFF
09-20 16:49:29.113  1057 20417 I vendor.qti.bluetooth@1.0-ibs_handler: ProcessIbsCmd: Received IBS_WAKE_IND: 0xFD
09-20 16:49:29.113  1057 20417 D vendor.qti.bluetooth@1.0-ibs_handler: SerialClockVote: vote for UART CLK ON
09-20 16:49:29.113  1057 20417 I vendor.qti.bluetooth@1.0-ibs_handler: ProcessIbsCmd: Writing IBS_WAKE_ACK
09-20 16:49:29.121 13691  5353 I fpp     : Ranging Results Update: DeviceId=-993898835 Distance=5.623413251903491 (m) Type=BLE
09-20 16:49:29.155  1057 20417 I vendor.qti.bluetooth@1.0-ibs_handler: ProcessIbsCmd: Received IBS_SLEEP_IND: 0xFE
09-20 16:49:29.155  1057 20417 D vendor.qti.bluetooth@1.0-ibs_handler: SerialClockVote: vote for UART CLK OFF
09-20 16:49:29.306  1057 20410 D vendor.qti.bluetooth@1.0-wake_lock: Release wakelock is released 
09-20 16:49:29.557   653  3425 W libperfmgr: Failed to write to node: /sys/module/battery_saver/parameters/enabled with value: N, fd: -1
09-20 16:49:30.058   653  3425 W libperfmgr: Failed to write to node: /sys/module/battery_saver/parameters/enabled with value: N, fd: -1
09-20 16:49:30.559   653  3425 W libperfmgr: Failed to write to node: /sys/module/battery_saver/parameters/enabled with value: N, fd: -1
09-20 16:49:30.695  1085  1168 E WifiHAL : wifi_get_cached_scan_results: Wifi Cached Scan Result not supported by driver
09-20 16:49:30.695  1836  2452 E WifiStaIfaceAidlImpl: getCachedScanData failed with service-specific exception: android.os.ServiceSpecificException:  (code 4)
09-20 16:49:30.819  5361  5361 W ATFWD-daemon: libminijail[5361]: failed to get path of fd 3: No such file or directory
09-20 16:49:30.819  5361  5361 W ATFWD-daemon: libminijail[5361]: allowing syscall: connect
09-20 16:49:30.819  5361  5361 W ATFWD-daemon: libminijail[5361]: allowing syscall: fcntl
09-20 16:49:30.819  5361  5361 W ATFWD-daemon: libminijail[5361]: allowing syscall: sendto
09-20 16:49:30.819  5361  5361 W ATFWD-daemon: libminijail[5361]: allowing syscall: socket
09-20 16:49:30.819  5361  5361 W ATFWD-daemon: libminijail[5361]: allowing syscall: writev
09-20 16:49:30.821  5361  5361 W ATFWD-daemon: libminijail[5361]: logging seccomp filter failures
09-20 16:49:30.821  5361  5361 E ATFWD-daemon: libminijail[5361]: blocked syscall: gettid
09-20 16:49:30.869  5362  5362 I flags_health_check: ServerConfigurableFlagsReset reset_mode value: 1
09-20 16:49:30.870  5362  5362 I flags_health_check: ServerConfigurableFlagsReset updatable crashing detected, resetting flags.
09-20 16:49:31.060   653  3425 W libperfmgr: Failed to write to node: /sys/module/battery_saver/parameters/enabled with value: N, fd: -1
09-20 16:49:31.561   653  3425 W libperfmgr: Failed to write to node: /sys/module/battery_saver/parameters/enabled with value: N, fd: -1
09-20 16:49:31.856  1057 20417 I vendor.qti.bluetooth@1.0-ibs_handler: ProcessIbsCmd: Received IBS_WAKE_IND: 0xFD
09-20 16:49:31.856  1057 20417 D vendor.qti.bluetooth@1.0-ibs_handler: SerialClockVote: vote for UART CLK ON
09-20 16:49:31.859  1057 20417 D vendor.qti.bluetooth@1.0-wake_lock: Acquire wakelock is acquired 
09-20 16:49:31.859  1057 20417 I vendor.qti.bluetooth@1.0-ibs_handler: ProcessIbsCmd: Writing IBS_WAKE_ACK
09-20 16:49:31.869 13691  5353 I fpp     : Ranging Results Update: DeviceId=-993898835 Distance=3.9810717055349722 (m) Type=BLE
09-20 16:49:31.869 13691  5353 I fpp     : Proximity state event detected: device=-993898835, distance(m)=3.98, state=LONG_RANGE, prevState=Unknown/Expired, distance history=[]
09-20 16:49:31.901  1057 20417 I vendor.qti.bluetooth@1.0-ibs_handler: ProcessIbsCmd: Received IBS_SLEEP_IND: 0xFE
09-20 16:49:31.902  1057 20417 D vendor.qti.bluetooth@1.0-ibs_handler: SerialClockVote: vote for UART CLK OFF
09-20 16:49:32.052  1057 20410 D vendor.qti.bluetooth@1.0-wake_lock: Release wakelock is released 
09-20 16:49:32.062   653  3425 W libperfmgr: Failed to write to node: /sys/module/battery_saver/parameters/enabled with value: N, fd: -1
09-20 16:49:32.564   653  3425 W libperfmgr: Failed to write to node: /sys/module/battery_saver/parameters/enabled with value: N, fd: -1
09-20 16:49:33.066   653  3425 W libperfmgr: Failed to write to node: /sys/module/battery_saver/parameters/enabled with value: N, fd: -1
09-20 16:49:33.282  1057 20417 I vendor.qti.bluetooth@1.0-ibs_handler: ProcessIbsCmd: Received IBS_WAKE_IND: 0xFD
09-20 16:49:33.283  1057 20417 D vendor.qti.bluetooth@1.0-ibs_handler: SerialClockVote: vote for UART CLK ON
09-20 16:49:33.287  1057 20417 D vendor.qti.bluetooth@1.0-wake_lock: Acquire wakelock is acquired 
09-20 16:49:33.287  1057 20417 I vendor.qti.bluetooth@1.0-ibs_handler: ProcessIbsCmd: Writing IBS_WAKE_ACK
09-20 16:49:33.329  1057 20417 I vendor.qti.bluetooth@1.0-ibs_handler: ProcessIbsCmd: Received IBS_SLEEP_IND: 0xFE
09-20 16:49:33.330  1057 20417 D vendor.qti.bluetooth@1.0-ibs_handler: SerialClockVote: vote for UART CLK OFF
09-20 16:49:33.355  1057 20417 I vendor.qti.bluetooth@1.0-ibs_handler: ProcessIbsCmd: Received IBS_WAKE_IND: 0xFD
09-20 16:49:33.355  1057 20417 D vendor.qti.bluetooth@1.0-ibs_handler: SerialClockVote: vote for UART CLK ON
09-20 16:49:33.355  1057 20417 I vendor.qti.bluetooth@1.0-ibs_handler: ProcessIbsCmd: Writing IBS_WAKE_ACK
09-20 16:49:33.397  1057 20417 I vendor.qti.bluetooth@1.0-ibs_handler: ProcessIbsCmd: Received IBS_SLEEP_IND: 0xFE
09-20 16:49:33.397  1057 20417 D vendor.qti.bluetooth@1.0-ibs_handler: SerialClockVote: vote for UART CLK OFF
09-20 16:49:33.547  1057 20410 D vendor.qti.bluetooth@1.0-wake_lock: Release wakelock is released 
09-20 16:49:33.567   653  3425 W libperfmgr: Failed to write to node: /sys/module/battery_saver/parameters/enabled with value: N, fd: -1
09-20 16:49:33.712  1085  1168 E WifiHAL : wifi_get_cached_scan_results: Wifi Cached Scan Result not supported by driver
09-20 16:49:33.713  1836  2452 E WifiStaIfaceAidlImpl: getCachedScanData failed with service-specific exception: android.os.ServiceSpecificException:  (code 4)
09-20 16:49:34.068   653  3425 W libperfmgr: Failed to write to node: /sys/module/battery_saver/parameters/enabled with value: N, fd: -1
09-20 16:49:34.301 13691  5353 I NearbyMediums: Found Fast Ble Advertisements :
09-20 16:49:34.301 13691  5353 I NearbyMediums: BleAdvertisement { version=2, socketVersion=2, isFast=true, serviceIdHash=null, data=[ 0x23 0x47 0x32 0x58 0x4b 0x11 0x34 0x25 0x4f 0x17 0x07 0xa5 0x77 0xf3 0x70 0x2f 0x1a 0xc7 0xbe 0x97 0x39 0xfc 0x3c ], deviceToken=[ 0xf6 0x35 ], rxAdvertisement=null } : 1 times.
09-20 16:49:34.301 13691  5353 I NearbyMediums: Total 1 fast advertisements from 1 unique advertisers.
09-20 16:49:34.301 13691  5353 I NearbyMediums: Current Tracked Scanning Clients are : {NearbyConnections.EnvironmentMonitor, NearbySharing}
09-20 16:49:34.569   653  3425 W libperfmgr: Failed to write to node: /sys/module/battery_saver/parameters/enabled with value: N, fd: -1
09-20 16:49:34.718  1057 20417 I vendor.qti.bluetooth@1.0-ibs_handler: ProcessIbsCmd: Received IBS_WAKE_IND: 0xFD
09-20 16:49:34.718  1057 20417 D vendor.qti.bluetooth@1.0-ibs_handler: SerialClockVote: vote for UART CLK ON
09-20 16:49:34.720  1057 20417 D vendor.qti.bluetooth@1.0-wake_lock: Acquire wakelock is acquired 
09-20 16:49:34.720  1057 20417 I vendor.qti.bluetooth@1.0-ibs_handler: ProcessIbsCmd: Writing IBS_WAKE_ACK
09-20 16:49:34.727 13691  5353 I fpp     : Ranging Results Update: DeviceId=-993898835 Distance=3.9810717055349722 (m) Type=BLE
09-20 16:49:34.762  1057 20417 I vendor.qti.bluetooth@1.0-ibs_handler: ProcessIbsCmd: Received IBS_SLEEP_IND: 0xFE
09-20 16:49:34.762  1057 20417 D vendor.qti.bluetooth@1.0-ibs_handler: SerialClockVote: vote for UART CLK OFF
09-20 16:49:34.912  1057 20410 D vendor.qti.bluetooth@1.0-wake_lock: Release wakelock is released 
09-20 16:49:35.070   653  3425 W libperfmgr: Failed to write to node: /sys/module/battery_saver/parameters/enabled with value: N, fd: -1
09-20 16:49:35.572   653  3425 W libperfmgr: Failed to write to node: /sys/module/battery_saver/parameters/enabled with value: N, fd: -1
09-20 16:49:35.854  5363  5363 W ATFWD-daemon: libminijail[5363]: failed to get path of fd 3: No such file or directory
09-20 16:49:35.854  5363  5363 W ATFWD-daemon: libminijail[5363]: allowing syscall: connect
09-20 16:49:35.854  5363  5363 W ATFWD-daemon: libminijail[5363]: allowing syscall: fcntl
09-20 16:49:35.854  5363  5363 W ATFWD-daemon: libminijail[5363]: allowing syscall: sendto
09-20 16:49:35.854  5363  5363 W ATFWD-daemon: libminijail[5363]: allowing syscall: socket
09-20 16:49:35.854  5363  5363 W ATFWD-daemon: libminijail[5363]: allowing syscall: writev
09-20 16:49:35.855  5363  5363 W ATFWD-daemon: libminijail[5363]: logging seccomp filter failures
09-20 16:49:35.855  5363  5363 E ATFWD-daemon: libminijail[5363]: blocked syscall: gettid
09-20 16:49:35.884  5365  5365 I flags_health_check: ServerConfigurableFlagsReset reset_mode value: 1
09-20 16:49:35.884  5365  5365 I flags_health_check: ServerConfigurableFlagsReset updatable crashing detected, resetting flags.
09-20 16:49:36.073   653  3425 W libperfmgr: Failed to write to node: /sys/module/battery_saver/parameters/enabled with value: N, fd: -1
09-20 16:49:36.218  1057 20417 I vendor.qti.bluetooth@1.0-ibs_handler: ProcessIbsCmd: Received IBS_WAKE_IND: 0xFD
09-20 16:49:36.218  1057 20417 D vendor.qti.bluetooth@1.0-ibs_handler: SerialClockVote: vote for UART CLK ON
09-20 16:49:36.221  1057 20417 D vendor.qti.bluetooth@1.0-wake_lock: Acquire wakelock is acquired 
09-20 16:49:36.221  1057 20417 I vendor.qti.bluetooth@1.0-ibs_handler: ProcessIbsCmd: Writing IBS_WAKE_ACK
09-20 16:49:36.228 13691  5353 I fpp     : Ranging Results Update: DeviceId=-993898835 Distance=3.9810717055349722 (m) Type=BLE
09-20 16:49:36.274  1057 20417 I vendor.qti.bluetooth@1.0-ibs_handler: ProcessIbsCmd: Received IBS_SLEEP_IND: 0xFE
09-20 16:49:36.274  1057 20417 D vendor.qti.bluetooth@1.0-ibs_handler: SerialClockVote: vote for UART CLK OFF
09-20 16:49:36.425  1057 20410 D vendor.qti.bluetooth@1.0-wake_lock: Release wakelock is released 
09-20 16:49:36.574   653  3425 W libperfmgr: Failed to write to node: /sys/module/battery_saver/parameters/enabled with value: N, fd: -1
09-20 16:49:36.704 26738  7303 D gojni   : magicsock: disco: node [ueFcY] d:0262d193c7ac5c2f now using 192.168.80.20:48844 mtu=1360 tx=709e18802839
09-20 16:49:36.726  1085  1168 E WifiHAL : wifi_get_cached_scan_results: Wifi Cached Scan Result not supported by driver
09-20 16:49:36.727  1836  2452 E WifiStaIfaceAidlImpl: getCachedScanData failed with service-specific exception: android.os.ServiceSpecificException:  (code 4)
09-20 16:49:37.075   653  3425 W libperfmgr: Failed to write to node: /sys/module/battery_saver/parameters/enabled with value: N, fd: -1
09-20 16:49:37.449  1057 20417 I vendor.qti.bluetooth@1.0-ibs_handler: ProcessIbsCmd: Received IBS_WAKE_IND: 0xFD
09-20 16:49:37.449  1057 20417 D vendor.qti.bluetooth@1.0-ibs_handler: SerialClockVote: vote for UART CLK ON
09-20 16:49:37.453  1057 20417 D vendor.qti.bluetooth@1.0-wake_lock: Acquire wakelock is acquired 
09-20 16:49:37.454  1057 20417 I vendor.qti.bluetooth@1.0-ibs_handler: ProcessIbsCmd: Writing IBS_WAKE_ACK
09-20 16:49:37.464 13691  5353 I fpp     : Ranging Results Update: DeviceId=-993898835 Distance=5.623413251903491 (m) Type=BLE
09-20 16:49:37.496  1057 20417 I vendor.qti.bluetooth@1.0-ibs_handler: ProcessIbsCmd: Received IBS_SLEEP_IND: 0xFE
09-20 16:49:37.496  1057 20417 D vendor.qti.bluetooth@1.0-ibs_handler: SerialClockVote: vote for UART CLK OFF
09-20 16:49:37.576   653  3425 W libperfmgr: Failed to write to node: /sys/module/battery_saver/parameters/enabled with value: N, fd: -1
09-20 16:49:37.647  1057 20410 D vendor.qti.bluetooth@1.0-wake_lock: Release wakelock is released 
09-20 16:49:38.078   653  3425 W libperfmgr: Failed to write to node: /sys/module/battery_saver/parameters/enabled with value: N, fd: -1
09-20 16:49:38.579   653  3425 W libperfmgr: Failed to write to node: /sys/module/battery_saver/parameters/enabled with value: N, fd: -1
09-20 16:49:38.690  1836  2462 V serviceDiscovery: [MdnsAdvertiser.wlan0] VERBOSE Parsed packet with transactionId(126): 1 questions, 0 answers, 0 authority, 0 additional from /192.168.80.35:5353
09-20 16:49:38.694  1836  2462 V serviceDiscovery: [MdnsAdvertiser.wlan0] VERBOSE Parsed packet with transactionId(126): 1 questions, 0 answers, 0 authority, 0 additional from /[fe80::a844:71ff:fe70:1823%wlan0]:5353
09-20 16:49:38.845  1057 20417 I vendor.qti.bluetooth@1.0-ibs_handler: ProcessIbsCmd: Received IBS_WAKE_IND: 0xFD
09-20 16:49:38.845  1057 20417 D vendor.qti.bluetooth@1.0-ibs_handler: SerialClockVote: vote for UART CLK ON
09-20 16:49:38.850  1057 20417 D vendor.qti.bluetooth@1.0-wake_lock: Acquire wakelock is acquired 
09-20 16:49:38.850  1057 20417 I vendor.qti.bluetooth@1.0-ibs_handler: ProcessIbsCmd: Writing IBS_WAKE_ACK
09-20 16:49:38.892  1057 20417 I vendor.qti.bluetooth@1.0-ibs_handler: ProcessIbsCmd: Received IBS_SLEEP_IND: 0xFE
09-20 16:49:38.892  1057 20417 D vendor.qti.bluetooth@1.0-ibs_handler: SerialClockVote: vote for UART CLK OFF
09-20 16:49:38.921  1057 20417 I vendor.qti.bluetooth@1.0-ibs_handler: ProcessIbsCmd: Received IBS_WAKE_IND: 0xFD
09-20 16:49:38.921  1057 20417 D vendor.qti.bluetooth@1.0-ibs_handler: SerialClockVote: vote for UART CLK ON
09-20 16:49:38.921  1057 20417 I vendor.qti.bluetooth@1.0-ibs_handler: ProcessIbsCmd: Writing IBS_WAKE_ACK
09-20 16:49:38.963  1057 20417 I vendor.qti.bluetooth@1.0-ibs_handler: ProcessIbsCmd: Received IBS_SLEEP_IND: 0xFE
09-20 16:49:38.963  1057 20417 D vendor.qti.bluetooth@1.0-ibs_handler: SerialClockVote: vote for UART CLK OFF
09-20 16:49:39.080   653  3425 W libperfmgr: Failed to write to node: /sys/module/battery_saver/parameters/enabled with value: N, fd: -1
09-20 16:49:39.113  1057 20410 D vendor.qti.bluetooth@1.0-wake_lock: Release wakelock is released 
09-20 16:49:39.582   653  3425 W libperfmgr: Failed to write to node: /sys/module/battery_saver/parameters/enabled with value: N, fd: -1
09-20 16:49:39.745  1085  1168 E WifiHAL : wifi_get_cached_scan_results: Wifi Cached Scan Result not supported by driver
09-20 16:49:39.746  1836  2452 E WifiStaIfaceAidlImpl: getCachedScanData failed with service-specific exception: android.os.ServiceSpecificException:  (code 4)
09-20 16:49:40.082   653  3425 W libperfmgr: Failed to write to node: /sys/module/battery_saver/parameters/enabled with value: N, fd: -1
09-20 16:49:40.280  1057 20417 I vendor.qti.bluetooth@1.0-ibs_handler: ProcessIbsCmd: Received IBS_WAKE_IND: 0xFD
09-20 16:49:40.281  1057 20417 D vendor.qti.bluetooth@1.0-ibs_handler: SerialClockVote: vote for UART CLK ON
09-20 16:49:40.285  1057 20417 D vendor.qti.bluetooth@1.0-wake_lock: Acquire wakelock is acquired 
09-20 16:49:40.285  1057 20417 I vendor.qti.bluetooth@1.0-ibs_handler: ProcessIbsCmd: Writing IBS_WAKE_ACK
09-20 16:49:40.319 13691  5353 I fpp     : Ranging Results Update: DeviceId=-993898835 Distance=3.9810717055349722 (m) Type=BLE
09-20 16:49:40.353  1057 20417 I vendor.qti.bluetooth@1.0-ibs_handler: ProcessIbsCmd: Received IBS_SLEEP_IND: 0xFE
09-20 16:49:40.353  1057 20417 D vendor.qti.bluetooth@1.0-ibs_handler: SerialClockVote: vote for UART CLK OFF
09-20 16:49:40.504  1057 20410 D vendor.qti.bluetooth@1.0-wake_lock: Release wakelock is released 
09-20 16:49:40.584   653  3425 W libperfmgr: Failed to write to node: /sys/module/battery_saver/parameters/enabled with value: N, fd: -1
09-20 16:49:40.858  5366  5366 W ATFWD-daemon: libminijail[5366]: failed to get path of fd 3: No such file or directory
09-20 16:49:40.858  5366  5366 W ATFWD-daemon: libminijail[5366]: allowing syscall: connect
09-20 16:49:40.858  5366  5366 W ATFWD-daemon: libminijail[5366]: allowing syscall: fcntl
09-20 16:49:40.858  5366  5366 W ATFWD-daemon: libminijail[5366]: allowing syscall: sendto
09-20 16:49:40.858  5366  5366 W ATFWD-daemon: libminijail[5366]: allowing syscall: socket
09-20 16:49:40.859  5366  5366 W ATFWD-daemon: libminijail[5366]: allowing syscall: writev
09-20 16:49:40.859  5366  5366 W ATFWD-daemon: libminijail[5366]: logging seccomp filter failures
09-20 16:49:40.860  5366  5366 E ATFWD-daemon: libminijail[5366]: blocked syscall: gettid
09-20 16:49:40.890  5367  5367 I flags_health_check: ServerConfigurableFlagsReset reset_mode value: 1
09-20 16:49:40.891  5367  5367 I flags_health_check: ServerConfigurableFlagsReset updatable crashing detected, resetting flags.
09-20 16:49:41.086   653  3425 W libperfmgr: Failed to write to node: /sys/module/battery_saver/parameters/enabled with value: N, fd: -1
09-20 16:49:41.587   653  3425 W libperfmgr: Failed to write to node: /sys/module/battery_saver/parameters/enabled with value: N, fd: -1
09-20 16:49:41.781  1057 20417 I vendor.qti.bluetooth@1.0-ibs_handler: ProcessIbsCmd: Received IBS_WAKE_IND: 0xFD
09-20 16:49:41.781  1057 20417 D vendor.qti.bluetooth@1.0-ibs_handler: SerialClockVote: vote for UART CLK ON
09-20 16:49:41.785  1057 20417 D vendor.qti.bluetooth@1.0-wake_lock: Acquire wakelock is acquired 
09-20 16:49:41.785  1057 20417 I vendor.qti.bluetooth@1.0-ibs_handler: ProcessIbsCmd: Writing IBS_WAKE_ACK
09-20 16:49:41.831  1057 20417 I vendor.qti.bluetooth@1.0-ibs_handler: ProcessIbsCmd: Received IBS_SLEEP_IND: 0xFE
09-20 16:49:41.831  1057 20417 D vendor.qti.bluetooth@1.0-ibs_handler: SerialClockVote: vote for UART CLK OFF
09-20 16:49:41.831  1057 20417 I vendor.qti.bluetooth@1.0-ibs_handler: ProcessIbsCmd: Received IBS_WAKE_IND: 0xFD
09-20 16:49:41.831  1057 20417 D vendor.qti.bluetooth@1.0-ibs_handler: SerialClockVote: vote for UART CLK ON
09-20 16:49:41.831  1057 20417 I vendor.qti.bluetooth@1.0-ibs_handler: ProcessIbsCmd: Writing IBS_WAKE_ACK
09-20 16:49:41.838 13691  5353 I fpp     : Ranging Results Update: DeviceId=-993898835 Distance=5.623413251903491 (m) Type=BLE
09-20 16:49:41.873  1057 20417 I vendor.qti.bluetooth@1.0-ibs_handler: ProcessIbsCmd: Received IBS_SLEEP_IND: 0xFE
09-20 16:49:41.874  1057 20417 D vendor.qti.bluetooth@1.0-ibs_handler: SerialClockVote: vote for UART CLK OFF
09-20 16:49:42.024  1057 20410 D vendor.qti.bluetooth@1.0-wake_lock: Release wakelock is released 
09-20 16:49:42.088   653  3425 W libperfmgr: Failed to write to node: /sys/module/battery_saver/parameters/enabled with value: N, fd: -1
09-20 16:49:42.590   653  3425 W libperfmgr: Failed to write to node: /sys/module/battery_saver/parameters/enabled with value: N, fd: -1
09-20 16:49:42.762  1085  1168 E WifiHAL : wifi_get_cached_scan_results: Wifi Cached Scan Result not supported by driver
09-20 16:49:42.762  1836  2452 E WifiStaIfaceAidlImpl: getCachedScanData failed with service-specific exception: android.os.ServiceSpecificException:  (code 4)
09-20 16:49:43.091   653  3425 W libperfmgr: Failed to write to node: /sys/module/battery_saver/parameters/enabled with value: N, fd: -1
09-20 16:49:43.142  1057 20417 I vendor.qti.bluetooth@1.0-ibs_handler: ProcessIbsCmd: Received IBS_WAKE_IND: 0xFD
09-20 16:49:43.142  1057 20417 D vendor.qti.bluetooth@1.0-ibs_handler: SerialClockVote: vote for UART CLK ON
09-20 16:49:43.146  1057 20417 D vendor.qti.bluetooth@1.0-wake_lock: Acquire wakelock is acquired 
09-20 16:49:43.146  1057 20417 I vendor.qti.bluetooth@1.0-ibs_handler: ProcessIbsCmd: Writing IBS_WAKE_ACK
09-20 16:49:43.188  1057 20417 I vendor.qti.bluetooth@1.0-ibs_handler: ProcessIbsCmd: Received IBS_SLEEP_IND: 0xFE
09-20 16:49:43.188  1057 20417 D vendor.qti.bluetooth@1.0-ibs_handler: SerialClockVote: vote for UART CLK OFF
09-20 16:49:43.197  1057 20417 I vendor.qti.bluetooth@1.0-ibs_handler: ProcessIbsCmd: Received IBS_WAKE_IND: 0xFD
09-20 16:49:43.197  1057 20417 D vendor.qti.bluetooth@1.0-ibs_handler: SerialClockVote: vote for UART CLK ON
09-20 16:49:43.197  1057 20417 I vendor.qti.bluetooth@1.0-ibs_handler: ProcessIbsCmd: Writing IBS_WAKE_ACK
09-20 16:49:43.206 13691  5353 I fpp     : Ranging Results Update: DeviceId=-993898835 Distance=3.9810717055349722 (m) Type=BLE
09-20 16:49:43.239  1057 20417 I vendor.qti.bluetooth@1.0-ibs_handler: ProcessIbsCmd: Received IBS_SLEEP_IND: 0xFE
09-20 16:49:43.239  1057 20417 D vendor.qti.bluetooth@1.0-ibs_handler: SerialClockVote: vote for UART CLK OFF
09-20 16:49:43.390  1057 20410 D vendor.qti.bluetooth@1.0-wake_lock: Release wakelock is released 
09-20 16:49:43.593   653  3425 W libperfmgr: Failed to write to node: /sys/module/battery_saver/parameters/enabled with value: N, fd: -1
09-20 16:49:44.094   653  3425 W libperfmgr: Failed to write to node: /sys/module/battery_saver/parameters/enabled with value: N, fd: -1
09-20 16:49:44.304 13691  5353 I NearbyMediums: Found Fast Ble Advertisements :
09-20 16:49:44.304 13691  5353 I NearbyMediums: BleAdvertisement { version=2, socketVersion=2, isFast=true, serviceIdHash=null, data=[ 0x23 0x47 0x32 0x58 0x4b 0x11 0x34 0x25 0x4f 0x17 0x07 0xa5 0x77 0xf3 0x70 0x2f 0x1a 0xc7 0xbe 0x97 0x39 0xfc 0x3c ], deviceToken=[ 0xf6 0x35 ], rxAdvertisement=null } : 4 times.
09-20 16:49:44.304 13691  5353 I NearbyMediums: Total 4 fast advertisements from 1 unique advertisers.
09-20 16:49:44.304 13691  5353 I NearbyMediums: Current Tracked Scanning Clients are : {NearbyConnections.EnvironmentMonitor, NearbySharing}
09-20 16:49:44.363  1057 20417 I vendor.qti.bluetooth@1.0-ibs_handler: ProcessIbsCmd: Received IBS_WAKE_IND: 0xFD
09-20 16:49:44.363  1057 20417 D vendor.qti.bluetooth@1.0-ibs_handler: SerialClockVote: vote for UART CLK ON
09-20 16:49:44.368  1057 20417 D vendor.qti.bluetooth@1.0-wake_lock: Acquire wakelock is acquired 
09-20 16:49:44.368  1057 20417 I vendor.qti.bluetooth@1.0-ibs_handler: ProcessIbsCmd: Writing IBS_WAKE_ACK
09-20 16:49:44.410  1057 20417 I vendor.qti.bluetooth@1.0-ibs_handler: ProcessIbsCmd: Received IBS_SLEEP_IND: 0xFE
09-20 16:49:44.410  1057 20417 D vendor.qti.bluetooth@1.0-ibs_handler: SerialClockVote: vote for UART CLK OFF
09-20 16:49:44.419  1057 20417 I vendor.qti.bluetooth@1.0-ibs_handler: ProcessIbsCmd: Received IBS_WAKE_IND: 0xFD
09-20 16:49:44.419  1057 20417 D vendor.qti.bluetooth@1.0-ibs_handler: SerialClockVote: vote for UART CLK ON
09-20 16:49:44.419  1057 20417 I vendor.qti.bluetooth@1.0-ibs_handler: ProcessIbsCmd: Writing IBS_WAKE_ACK
09-20 16:49:44.427 13691  5353 I fpp     : Ranging Results Update: DeviceId=-993898835 Distance=3.9810717055349722 (m) Type=BLE
09-20 16:49:44.461  1057 20417 I vendor.qti.bluetooth@1.0-ibs_handler: ProcessIbsCmd: Received IBS_SLEEP_IND: 0xFE
09-20 16:49:44.461  1057 20417 D vendor.qti.bluetooth@1.0-ibs_handler: SerialClockVote: vote for UART CLK OFF
09-20 16:49:44.595   653  3425 W libperfmgr: Failed to write to node: /sys/module/battery_saver/parameters/enabled with value: N, fd: -1
09-20 16:49:44.612  1057 20410 D vendor.qti.bluetooth@1.0-wake_lock: Release wakelock is released 
09-20 16:49:45.097   653  3425 W libperfmgr: Failed to write to node: /sys/module/battery_saver/parameters/enabled with value: N, fd: -1
09-20 16:49:45.598   653  3425 W libperfmgr: Failed to write to node: /sys/module/battery_saver/parameters/enabled with value: N, fd: -1
09-20 16:49:45.779  1085  1168 E WifiHAL : wifi_get_cached_scan_results: Wifi Cached Scan Result not supported by driver
09-20 16:49:45.780  1836  2452 E WifiStaIfaceAidlImpl: getCachedScanData failed with service-specific exception: android.os.ServiceSpecificException:  (code 4)
09-20 16:49:45.875  5371  5371 W ATFWD-daemon: libminijail[5371]: failed to get path of fd 3: No such file or directory
09-20 16:49:45.875  5371  5371 W ATFWD-daemon: libminijail[5371]: allowing syscall: connect
09-20 16:49:45.875  5371  5371 W ATFWD-daemon: libminijail[5371]: allowing syscall: fcntl
09-20 16:49:45.875  5371  5371 W ATFWD-daemon: libminijail[5371]: allowing syscall: sendto
09-20 16:49:45.875  5371  5371 W ATFWD-daemon: libminijail[5371]: allowing syscall: socket
09-20 16:49:45.875  5371  5371 W ATFWD-daemon: libminijail[5371]: allowing syscall: writev
09-20 16:49:45.876  5371  5371 W ATFWD-daemon: libminijail[5371]: logging seccomp filter failures
09-20 16:49:45.876  5371  5371 E ATFWD-daemon: libminijail[5371]: blocked syscall: gettid
09-20 16:49:45.907  5372  5372 I flags_health_check: ServerConfigurableFlagsReset reset_mode value: 1
09-20 16:49:45.907  5372  5372 I flags_health_check: ServerConfigurableFlagsReset updatable crashing detected, resetting flags.
09-20 16:49:46.099   653  3425 W libperfmgr: Failed to write to node: /sys/module/battery_saver/parameters/enabled with value: N, fd: -1
09-20 16:49:46.601   653  3425 W libperfmgr: Failed to write to node: /sys/module/battery_saver/parameters/enabled with value: N, fd: -1
09-20 16:49:47.102   653  3425 W libperfmgr: Failed to write to node: /sys/module/battery_saver/parameters/enabled with value: N, fd: -1
09-20 16:49:47.218  1057 20417 I vendor.qti.bluetooth@1.0-ibs_handler: ProcessIbsCmd: Received IBS_WAKE_IND: 0xFD
09-20 16:49:47.218  1057 20417 D vendor.qti.bluetooth@1.0-ibs_handler: SerialClockVote: vote for UART CLK ON
09-20 16:49:47.220  1057 20417 D vendor.qti.bluetooth@1.0-wake_lock: Acquire wakelock is acquired 
09-20 16:49:47.220  1057 20417 I vendor.qti.bluetooth@1.0-ibs_handler: ProcessIbsCmd: Writing IBS_WAKE_ACK
09-20 16:49:47.262  1057 20417 I vendor.qti.bluetooth@1.0-ibs_handler: ProcessIbsCmd: Received IBS_SLEEP_IND: 0xFE
09-20 16:49:47.262  1057 20417 D vendor.qti.bluetooth@1.0-ibs_handler: SerialClockVote: vote for UART CLK OFF
09-20 16:49:47.272  1057 20417 I vendor.qti.bluetooth@1.0-ibs_handler: ProcessIbsCmd: Received IBS_WAKE_IND: 0xFD
09-20 16:49:47.272  1057 20417 D vendor.qti.bluetooth@1.0-ibs_handler: SerialClockVote: vote for UART CLK ON
09-20 16:49:47.272  1057 20417 I vendor.qti.bluetooth@1.0-ibs_handler: ProcessIbsCmd: Writing IBS_WAKE_ACK
09-20 16:49:47.279 13691  5353 I fpp     : Ranging Results Update: DeviceId=-993898835 Distance=3.548133892335755 (m) Type=BLE
09-20 16:49:47.314  1057 20417 I vendor.qti.bluetooth@1.0-ibs_handler: ProcessIbsCmd: Received IBS_SLEEP_IND: 0xFE
09-20 16:49:47.314  1057 20417 D vendor.qti.bluetooth@1.0-ibs_handler: SerialClockVote: vote for UART CLK OFF
09-20 16:49:47.465  1057 20410 D vendor.qti.bluetooth@1.0-wake_lock: Release wakelock is released 
09-20 16:49:47.602   653  3425 W libperfmgr: Failed to write to node: /sys/module/battery_saver/parameters/enabled with value: N, fd: -1
09-20 16:49:48.103   653  3425 W libperfmgr: Failed to write to node: /sys/module/battery_saver/parameters/enabled with value: N, fd: -1
09-20 16:49:48.604   653  3425 W libperfmgr: Failed to write to node: /sys/module/battery_saver/parameters/enabled with value: N, fd: -1
09-20 16:49:48.798  1085  1168 E WifiHAL : wifi_get_cached_scan_results: Wifi Cached Scan Result not supported by driver
09-20 16:49:48.799  1836  2452 E WifiStaIfaceAidlImpl: getCachedScanData failed with service-specific exception: android.os.ServiceSpecificException:  (code 4)
09-20 16:49:49.106   653  3425 W libperfmgr: Failed to write to node: /sys/module/battery_saver/parameters/enabled with value: N, fd: -1
09-20 16:49:49.558 26738  7303 D App     : bindSocketToActiveNetwork: binding fd=99 to net=107 iface=wlan0
09-20 16:49:49.559 26738  7294 D gojni   : App: bindSocketToActiveNetwork: binding fd=99 to net=107 iface=wlan0
09-20 16:49:49.563 26738  7294 D App     : bindSocketToActiveNetwork: binding fd=99 to net=107 iface=wlan0
09-20 16:49:49.564 26738  7303 D gojni   : App: bindSocketToActiveNetwork: binding fd=99 to net=107 iface=wlan0
09-20 16:49:49.607   653  3425 W libperfmgr: Failed to write to node: /sys/module/battery_saver/parameters/enabled with value: N, fd: -1
09-20 16:49:50.108   653  3425 W libperfmgr: Failed to write to node: /sys/module/battery_saver/parameters/enabled with value: N, fd: -1
09-20 16:49:50.135  1057 20417 I vendor.qti.bluetooth@1.0-ibs_handler: ProcessIbsCmd: Received IBS_WAKE_IND: 0xFD
09-20 16:49:50.135  1057 20417 D vendor.qti.bluetooth@1.0-ibs_handler: SerialClockVote: vote for UART CLK ON
09-20 16:49:50.142  1057 20417 D vendor.qti.bluetooth@1.0-wake_lock: Acquire wakelock is acquired 
09-20 16:49:50.142  1057 20417 I vendor.qti.bluetooth@1.0-ibs_handler: ProcessIbsCmd: Writing IBS_WAKE_ACK
09-20 16:49:50.150 13691  5353 I fpp     : Ranging Results Update: DeviceId=-993898835 Distance=5.623413251903491 (m) Type=BLE
09-20 16:49:50.184  1057 20417 I vendor.qti.bluetooth@1.0-ibs_handler: ProcessIbsCmd: Received IBS_SLEEP_IND: 0xFE
09-20 16:49:50.184  1057 20417 D vendor.qti.bluetooth@1.0-ibs_handler: SerialClockVote: vote for UART CLK OFF
09-20 16:49:50.334  1057 20410 D vendor.qti.bluetooth@1.0-wake_lock: Release wakelock is released 
09-20 16:49:50.610   653  3425 W libperfmgr: Failed to write to node: /sys/module/battery_saver/parameters/enabled with value: N, fd: -1
09-20 16:49:50.885  5374  5374 W ATFWD-daemon: libminijail[5374]: failed to get path of fd 3: No such file or directory
09-20 16:49:50.885  5374  5374 W ATFWD-daemon: libminijail[5374]: allowing syscall: connect
09-20 16:49:50.885  5374  5374 W ATFWD-daemon: libminijail[5374]: allowing syscall: fcntl
09-20 16:49:50.885  5374  5374 W ATFWD-daemon: libminijail[5374]: allowing syscall: sendto
09-20 16:49:50.885  5374  5374 W ATFWD-daemon: libminijail[5374]: allowing syscall: socket
09-20 16:49:50.885  5374  5374 W ATFWD-daemon: libminijail[5374]: allowing syscall: writev
09-20 16:49:50.886  5374  5374 W ATFWD-daemon: libminijail[5374]: logging seccomp filter failures
09-20 16:49:50.886  5374  5374 E ATFWD-daemon: libminijail[5374]: blocked syscall: gettid
09-20 16:49:50.924  5375  5375 I flags_health_check: ServerConfigurableFlagsReset reset_mode value: 1
09-20 16:49:50.924  5375  5375 I flags_health_check: ServerConfigurableFlagsReset updatable crashing detected, resetting flags.
09-20 16:49:51.111   653  3425 W libperfmgr: Failed to write to node: /sys/module/battery_saver/parameters/enabled with value: N, fd: -1
09-20 16:49:51.308  1057 20417 I vendor.qti.bluetooth@1.0-ibs_handler: ProcessIbsCmd: Received IBS_WAKE_IND: 0xFD
09-20 16:49:51.308  1057 20417 D vendor.qti.bluetooth@1.0-ibs_handler: SerialClockVote: vote for UART CLK ON
09-20 16:49:51.312  1057 20417 D vendor.qti.bluetooth@1.0-wake_lock: Acquire wakelock is acquired 
09-20 16:49:51.312  1057 20417 I vendor.qti.bluetooth@1.0-ibs_handler: ProcessIbsCmd: Writing IBS_WAKE_ACK
09-20 16:49:51.357 13691  5353 I fpp     : Ranging Results Update: DeviceId=-993898835 Distance=4.466835921509632 (m) Type=BLE
09-20 16:49:51.392  1057 20417 I vendor.qti.bluetooth@1.0-ibs_handler: ProcessIbsCmd: Received IBS_SLEEP_IND: 0xFE
09-20 16:49:51.392  1057 20417 D vendor.qti.bluetooth@1.0-ibs_handler: SerialClockVote: vote for UART CLK OFF
09-20 16:49:51.542  1057 20410 D vendor.qti.bluetooth@1.0-wake_lock: Release wakelock is released 
09-20 16:49:51.612   653  3425 W libperfmgr: Failed to write to node: /sys/module/battery_saver/parameters/enabled with value: N, fd: -1
09-20 16:49:51.817  1085  1168 E WifiHAL : wifi_get_cached_scan_results: Wifi Cached Scan Result not supported by driver
09-20 16:49:51.818  1836  2452 E WifiStaIfaceAidlImpl: getCachedScanData failed with service-specific exception: android.os.ServiceSpecificException:  (code 4)
09-20 16:49:52.113   653  3425 W libperfmgr: Failed to write to node: /sys/module/battery_saver/parameters/enabled with value: N, fd: -1
09-20 16:49:52.615   653  3425 W libperfmgr: Failed to write to node: /sys/module/battery_saver/parameters/enabled with value: N, fd: -1
09-20 16:49:52.877  1057 20417 I vendor.qti.bluetooth@1.0-ibs_handler: ProcessIbsCmd: Received IBS_WAKE_IND: 0xFD
09-20 16:49:52.877  1057 20417 D vendor.qti.bluetooth@1.0-ibs_handler: SerialClockVote: vote for UART CLK ON
09-20 16:49:52.880  1057 20417 D vendor.qti.bluetooth@1.0-wake_lock: Acquire wakelock is acquired 
09-20 16:49:52.880  1057 20417 I vendor.qti.bluetooth@1.0-ibs_handler: ProcessIbsCmd: Writing IBS_WAKE_ACK
09-20 16:49:52.888 13691  5353 I fpp     : Ranging Results Update: DeviceId=-993898835 Distance=3.548133892335755 (m) Type=BLE
09-20 16:49:52.923  1057 20417 I vendor.qti.bluetooth@1.0-ibs_handler: ProcessIbsCmd: Received IBS_SLEEP_IND: 0xFE
09-20 16:49:52.923  1057 20417 D vendor.qti.bluetooth@1.0-ibs_handler: SerialClockVote: vote for UART CLK OFF
09-20 16:49:53.073  1057 20410 D vendor.qti.bluetooth@1.0-wake_lock: Release wakelock is released 
09-20 16:49:53.116   653  3425 W libperfmgr: Failed to write to node: /sys/module/battery_saver/parameters/enabled with value: N, fd: -1
09-20 16:49:53.617   653  3425 W libperfmgr: Failed to write to node: /sys/module/battery_saver/parameters/enabled with value: N, fd: -1
09-20 16:49:54.118   653  3425 W libperfmgr: Failed to write to node: /sys/module/battery_saver/parameters/enabled with value: N, fd: -1
09-20 16:49:54.246 26738  7303 D gojni   : magicsock: disco: node [zQsct] d:ad128a09b23ac69e now using 192.168.80.21:41641 mtu=1360 tx=b8a70fa08d97
09-20 16:49:54.303  1057 20417 I vendor.qti.bluetooth@1.0-ibs_handler: ProcessIbsCmd: Received IBS_WAKE_IND: 0xFD
09-20 16:49:54.303  1057 20417 D vendor.qti.bluetooth@1.0-ibs_handler: SerialClockVote: vote for UART CLK ON
09-20 16:49:54.306 13691  5353 I NearbyMediums: No BLE Fast/GATT advertisements found in the latest cycle.
09-20 16:49:54.306 13691  5353 I NearbyMediums: Current Tracked Scanning Clients are : {NearbyConnections.EnvironmentMonitor, NearbySharing}
09-20 16:49:54.306  1057 20417 D vendor.qti.bluetooth@1.0-wake_lock: Acquire wakelock is acquired 
09-20 16:49:54.306  1057 20417 I vendor.qti.bluetooth@1.0-ibs_handler: ProcessIbsCmd: Writing IBS_WAKE_ACK
09-20 16:49:54.310 13691  5376 I NearbyConnections: Processing lost BlePeripheral BlePeripheral{advertisement=BleAdvertisement { version=2, socketVersion=2, isFast=true, serviceIdHash=null, data=[ 0x23 0x47 0x32 0x58 0x4b 0x11 0x34 0x25 0x4f 0x17 0x07 0xa5 0x77 0xf3 0x70 0x2f 0x1a 0xc7 0xbe 0x97 0x39 0xfc 0x3c ], deviceToken=[ 0xf6 0x35 ], rxAdvertisement=null }, dctAdvertisement=null, address=null, psm=0, deviceToken=<ByteString@5e954b2 size=2 contents="\3665">, isSecondProfile=false, rxInstantConnectionAdv=null}.
09-20 16:49:54.311 13691  5376 I NearbyConnections: Lost BleEndpoint for BlePeripheral BlePeripheral{advertisement=BleAdvertisement { version=2, socketVersion=2, isFast=true, serviceIdHash=null, data=[ 0x23 0x47 0x32 0x58 0x4b 0x11 0x34 0x25 0x4f 0x17 0x07 0xa5 0x77 0xf3 0x70 0x2f 0x1a 0xc7 0xbe 0x97 0x39 0xfc 0x3c ], deviceToken=[ 0xf6 0x35 ], rxAdvertisement=null }, dctAdvertisement=null, address=null, psm=0, deviceToken=<ByteString@5e954b2 size=2 contents="\3665">, isSecondProfile=false, rxInstantConnectionAdv=null} (with EndpointId G2XK and EndpointInfo [ 0x34 0x25 0x4f 0x17 0x07 0xa5 0x77 0xf3 0x70 0x2f 0x1a 0xc7 0xbe 0x97 0x39 0xfc 0x3c ]).
09-20 16:49:54.311 13691  5376 I NearbyConnections: Unable to record lost endpoint due to null currentDiscoveryPhase
09-20 16:49:54.311 13691  5376 I NearbyConnections: ClientProxy(119868159) reporting onEndpointLost(G2XK)
09-20 16:49:54.314 13691  5376 I NearbySharing: NearbySharing Internal event EndpointLost(endpointId=G2XK)
09-20 16:49:54.314 13691  5353 I NearbySharing: [NS_DISCOVERY] DiscoveryController reported Lost(endpointId=G2XK)
09-20 16:49:54.348  1057 20417 I vendor.qti.bluetooth@1.0-ibs_handler: ProcessIbsCmd: Received IBS_SLEEP_IND: 0xFE
09-20 16:49:54.348  1057 20417 D vendor.qti.bluetooth@1.0-ibs_handler: SerialClockVote: vote for UART CLK OFF
09-20 16:49:54.499  1057 20410 D vendor.qti.bluetooth@1.0-wake_lock: Release wakelock is released 
09-20 16:49:54.619   653  3425 W libperfmgr: Failed to write to node: /sys/module/battery_saver/parameters/enabled with value: N, fd: -1
09-20 16:49:54.818 13691  5377 I NearbySharing: [NS_CONTROL] DiscoveryStateManager emitted ReportLost(id=1).
09-20 16:49:54.818 13691  5377 I NearbySharing: NearbySharing Internal event ReceiverLost(receiverId=1)
09-20 16:49:54.819 13691  5376 I NearbySharing: SendProvider: SendManager event Lost(receiverId=1)
09-20 16:49:54.820 13691  5378 I NearbySharing: ShareTargetDiscoveredCallback: onShareTargetLost()
09-20 16:49:54.827  1836  2019 W NotificationHistory: Attempted to remove conversation for locked/gone/disabled user 0
09-20 16:49:54.834  1085  1168 E WifiHAL : wifi_get_cached_scan_results: Wifi Cached Scan Result not supported by driver
09-20 16:49:54.834  1836  2452 E WifiStaIfaceAidlImpl: getCachedScanData failed with service-specific exception: android.os.ServiceSpecificException:  (code 4)
09-20 16:49:54.837 13691 13691 I NearbySharing: ShortcutInfoManager removed shortcut Tablet de Julian
09-20 16:49:55.121   653  3425 W libperfmgr: Failed to write to node: /sys/module/battery_saver/parameters/enabled with value: N, fd: -1
09-20 16:49:55.598  1057 20417 I vendor.qti.bluetooth@1.0-ibs_handler: ProcessIbsCmd: Received IBS_WAKE_IND: 0xFD
09-20 16:49:55.598  1057 20417 D vendor.qti.bluetooth@1.0-ibs_handler: SerialClockVote: vote for UART CLK ON
09-20 16:49:55.601  1057 20417 D vendor.qti.bluetooth@1.0-wake_lock: Acquire wakelock is acquired 
09-20 16:49:55.601  1057 20417 I vendor.qti.bluetooth@1.0-ibs_handler: ProcessIbsCmd: Writing IBS_WAKE_ACK
09-20 16:49:55.609 13691  5376 I fpp     : Ranging Results Update: DeviceId=-993898835 Distance=3.9810717055349722 (m) Type=BLE
09-20 16:49:55.622   653  3425 W libperfmgr: Failed to write to node: /sys/module/battery_saver/parameters/enabled with value: N, fd: -1
09-20 16:49:55.644  1057 20417 I vendor.qti.bluetooth@1.0-ibs_handler: ProcessIbsCmd: Received IBS_SLEEP_IND: 0xFE
09-20 16:49:55.644  1057 20417 D vendor.qti.bluetooth@1.0-ibs_handler: SerialClockVote: vote for UART CLK OFF
09-20 16:49:55.649  1057 20417 I vendor.qti.bluetooth@1.0-ibs_handler: ProcessIbsCmd: Received IBS_WAKE_IND: 0xFD
09-20 16:49:55.650  1057 20417 D vendor.qti.bluetooth@1.0-ibs_handler: SerialClockVote: vote for UART CLK ON
09-20 16:49:55.650  1057 20417 I vendor.qti.bluetooth@1.0-ibs_handler: ProcessIbsCmd: Writing IBS_WAKE_ACK
09-20 16:49:55.692  1057 20417 I vendor.qti.bluetooth@1.0-ibs_handler: ProcessIbsCmd: Received IBS_SLEEP_IND: 0xFE
09-20 16:49:55.692  1057 20417 D vendor.qti.bluetooth@1.0-ibs_handler: SerialClockVote: vote for UART CLK OFF
09-20 16:49:55.843  1057 20410 D vendor.qti.bluetooth@1.0-wake_lock: Release wakelock is released 
09-20 16:49:55.874  5380  5380 W ATFWD-daemon: libminijail[5380]: failed to get path of fd 3: No such file or directory
09-20 16:49:55.874  5380  5380 W ATFWD-daemon: libminijail[5380]: allowing syscall: connect
09-20 16:49:55.874  5380  5380 W ATFWD-daemon: libminijail[5380]: allowing syscall: fcntl
09-20 16:49:55.874  5380  5380 W ATFWD-daemon: libminijail[5380]: allowing syscall: sendto
09-20 16:49:55.874  5380  5380 W ATFWD-daemon: libminijail[5380]: allowing syscall: socket
09-20 16:49:55.874  5380  5380 W ATFWD-daemon: libminijail[5380]: allowing syscall: writev
09-20 16:49:55.875  5380  5380 W ATFWD-daemon: libminijail[5380]: logging seccomp filter failures
09-20 16:49:55.876  5380  5380 E ATFWD-daemon: libminijail[5380]: blocked syscall: gettid
09-20 16:49:55.904  5383  5383 I flags_health_check: ServerConfigurableFlagsReset reset_mode value: 1
09-20 16:49:55.904  5383  5383 I flags_health_check: ServerConfigurableFlagsReset updatable crashing detected, resetting flags.
09-20 16:49:56.124   653  3425 W libperfmgr: Failed to write to node: /sys/module/battery_saver/parameters/enabled with value: N, fd: -1
09-20 16:49:56.625   653  3425 W libperfmgr: Failed to write to node: /sys/module/battery_saver/parameters/enabled with value: N, fd: -1
09-20 16:49:56.899  1057 20417 I vendor.qti.bluetooth@1.0-ibs_handler: ProcessIbsCmd: Received IBS_WAKE_IND: 0xFD
09-20 16:49:56.899  1057 20417 D vendor.qti.bluetooth@1.0-ibs_handler: SerialClockVote: vote for UART CLK ON
09-20 16:49:56.902  1057 20417 D vendor.qti.bluetooth@1.0-wake_lock: Acquire wakelock is acquired 
09-20 16:49:56.902  1057 20417 I vendor.qti.bluetooth@1.0-ibs_handler: ProcessIbsCmd: Writing IBS_WAKE_ACK
09-20 16:49:56.934 13691  5376 I fpp     : Ranging Results Update: DeviceId=-993898835 Distance=3.9810717055349722 (m) Type=BLE
09-20 16:49:56.968  1057 20417 I vendor.qti.bluetooth@1.0-ibs_handler: ProcessIbsCmd: Received IBS_SLEEP_IND: 0xFE
09-20 16:49:56.968  1057 20417 D vendor.qti.bluetooth@1.0-ibs_handler: SerialClockVote: vote for UART CLK OFF
09-20 16:49:57.119  1057 20410 D vendor.qti.bluetooth@1.0-wake_lock: Release wakelock is released 
09-20 16:49:57.126   653  3425 W libperfmgr: Failed to write to node: /sys/module/battery_saver/parameters/enabled with value: N, fd: -1
09-20 16:49:57.628   653  3425 W libperfmgr: Failed to write to node: /sys/module/battery_saver/parameters/enabled with value: N, fd: -1
09-20 16:49:57.846  1085  1168 E WifiHAL : wifi_get_cached_scan_results: Wifi Cached Scan Result not supported by driver
09-20 16:49:57.846  1836  2452 E WifiStaIfaceAidlImpl: getCachedScanData failed with service-specific exception: android.os.ServiceSpecificException:  (code 4)
