--------- beginning of main
09-20 16:46:56.974 17014 17014 W explorer.exe: type=1400 audit(0.0:2419249): avc:  granted  { execute } for  path="/data/user/0/com.winlator/files/rootfs/opt/wine/lib/wine/x86_64-windows/shell32.dll" dev="dm-47" ino=85145 scontext=u:r:untrusted_app_27:s0:c167,c257,c512,c768 tcontext=u:object_r:app_data_file:s0:c167,c257,c512,c768 tclass=file app=com.winlator
09-20 16:46:56.978 17014 17014 W explorer.exe: type=1400 audit(0.0:2419250): avc:  granted  { execute } for  path="/data/user/0/com.winlator/files/rootfs/opt/wine/lib/wine/x86_64-windows/shell32.dll" dev="dm-47" ino=85145 scontext=u:r:untrusted_app_27:s0:c167,c257,c512,c768 tcontext=u:object_r:app_data_file:s0:c167,c257,c512,c768 tclass=file app=com.winlator
09-20 16:46:56.982 17014 17014 W explorer.exe: type=1400 audit(0.0:2419251): avc:  granted  { execute } for  path="/data/user/0/com.winlator/files/rootfs/opt/wine/lib/wine/x86_64-windows/shell32.dll" dev="dm-47" ino=85145 scontext=u:r:untrusted_app_27:s0:c167,c257,c512,c768 tcontext=u:object_r:app_data_file:s0:c167,c257,c512,c768 tclass=file app=com.winlator
09-20 16:46:56.986 17014 17014 W explorer.exe: type=1400 audit(0.0:2419252): avc:  granted  { execute } for  path="/data/user/0/com.winlator/files/rootfs/opt/wine/lib/wine/x86_64-windows/shlwapi.dll" dev="dm-47" ino=87798 scontext=u:r:untrusted_app_27:s0:c167,c257,c512,c768 tcontext=u:object_r:app_data_file:s0:c167,c257,c512,c768 tclass=file app=com.winlator
09-20 16:46:56.986 17014 17014 W explorer.exe: type=1400 audit(0.0:2419253): avc:  granted  { execute } for  path="/data/user/0/com.winlator/files/rootfs/opt/wine/lib/wine/x86_64-windows/shlwapi.dll" dev="dm-47" ino=87798 scontext=u:r:untrusted_app_27:s0:c167,c257,c512,c768 tcontext=u:object_r:app_data_file:s0:c167,c257,c512,c768 tclass=file app=com.winlator
--------- beginning of kernel
09-20 16:46:55.526     0     0 W audit   : audit_lost=1832491 audit_rate_limit=5 audit_backlog_limit=64
09-20 16:46:55.526     0     0 E audit   : rate limit exceeded
09-20 16:46:57.982 17026 17026 W winhandler.exe: type=1400 audit(0.0:2419295): avc:  granted  { execute } for  path="/data/user/0/com.winlator/files/rootfs/opt/wine/lib/wine/x86_64-windows/ntdll.dll" dev="dm-47" ino=96370 scontext=u:r:untrusted_app_27:s0:c167,c257,c512,c768 tcontext=u:object_r:app_data_file:s0:c167,c257,c512,c768 tclass=file app=com.winlator
09-20 16:46:58.146 17014 17014 W explorer.exe: type=1400 audit(0.0:2419296): avc:  granted  { execute } for  path="/data/user/0/com.winlator/files/rootfs/opt/wine/lib/wine/x86_64-windows/actxprxy.dll" dev="dm-47" ino=35193 scontext=u:r:untrusted_app_27:s0:c167,c257,c512,c768 tcontext=u:object_r:app_data_file:s0:c167,c257,c512,c768 tclass=file app=com.winlator
09-20 16:46:58.150 17014 17014 W explorer.exe: type=1400 audit(0.0:2419297): avc:  granted  { execute } for  path="/data/user/0/com.winlator/files/rootfs/opt/wine/lib/wine/x86_64-windows/actxprxy.dll" dev="dm-47" ino=35193 scontext=u:r:untrusted_app_27:s0:c167,c257,c512,c768 tcontext=u:object_r:app_data_file:s0:c167,c257,c512,c768 tclass=file app=com.winlator
09-20 16:46:58.154 17014 17014 W explorer.exe: type=1400 audit(0.0:2419298): avc:  granted  { execute } for  path="/data/user/0/com.winlator/files/rootfs/opt/wine/lib/wine/x86_64-windows/actxprxy.dll" dev="dm-47" ino=35193 scontext=u:r:untrusted_app_27:s0:c167,c257,c512,c768 tcontext=u:object_r:app_data_file:s0:c167,c257,c512,c768 tclass=file app=com.winlator
09-20 16:46:58.158 17026 17026 W winhandler.exe: type=1400 audit(0.0:2419299): avc:  granted  { execute } for  path="/data/user/0/com.winlator/files/rootfs/opt/wine/lib/wine/x86_64-windows/kernel32.dll" dev="dm-47" ino=100667 scontext=u:r:untrusted_app_27:s0:c167,c257,c512,c768 tcontext=u:object_r:app_data_file:s0:c167,c257,c512,c768 tclass=file app=com.winlator
09-20 16:46:56.695     0     0 W audit   : audit_lost=1832532 audit_rate_limit=5 audit_backlog_limit=64
09-20 16:46:56.695     0     0 E audit   : rate limit exceeded
09-20 16:46:57.195     0     0 W healthd : battery l=100 v=4299 t=25.7 h=2 st=2 c=334000 fc=7506000 cc=19 chg=u
09-20 16:46:59.046 17026 17026 W winhandler.exe: type=1400 audit(0.0:2419389): avc:  denied  { ioctl } for  path="/data/user/0/com.winlator/files/rootfs/home/xuser-1/.wine/drive_c/windows" dev="dm-47" ino=77956 ioctlcmd=0x7201 scontext=u:r:untrusted_app_27:s0:c167,c257,c512,c768 tcontext=u:object_r:app_data_file:s0:c167,c257,c512,c768 tclass=dir permissive=0 app=com.winlator
09-20 16:46:59.046 17026 17026 W winhandler.exe: type=1400 audit(0.0:2419390): avc:  denied  { ioctl } for  path="/data/user/0/com.winlator/files/rootfs/home/xuser-1/.wine/drive_c/windows/Fonts" dev="dm-47" ino=78889 ioctlcmd=0x7201 scontext=u:r:untrusted_app_27:s0:c167,c257,c512,c768 tcontext=u:object_r:app_data_file:s0:c167,c257,c512,c768 tclass=dir permissive=0 app=com.winlator
09-20 16:46:59.054 17026 17026 W winhandler.exe: type=1400 audit(0.0:2419391): avc:  denied  { ioctl } for  path="/data/user/0/com.winlator/files/rootfs/home/xuser-1/.wine/drive_c/windows" dev="dm-47" ino=77956 ioctlcmd=0x7201 scontext=u:r:untrusted_app_27:s0:c167,c257,c512,c768 tcontext=u:object_r:app_data_file:s0:c167,c257,c512,c768 tclass=dir permissive=0 app=com.winlator
09-20 16:46:59.054 17026 17026 W winhandler.exe: type=1400 audit(0.0:2419392): avc:  denied  { ioctl } for  path="/data/user/0/com.winlator/files/rootfs/home/xuser-1/.wine/drive_c/windows/Fonts" dev="dm-47" ino=78889 ioctlcmd=0x7201 scontext=u:r:untrusted_app_27:s0:c167,c257,c512,c768 tcontext=u:object_r:app_data_file:s0:c167,c257,c512,c768 tclass=dir permissive=0 app=com.winlator
09-20 16:46:59.058 17026 17026 W winhandler.exe: type=1400 audit(0.0:2419393): avc:  denied  { ioctl } for  path="/data/user/0/com.winlator/files/rootfs/home/xuser-1/.wine/drive_c/windows" dev="dm-47" ino=77956 ioctlcmd=0x7201 scontext=u:r:untrusted_app_27:s0:c167,c257,c512,c768 tcontext=u:object_r:app_data_file:s0:c167,c257,c512,c768 tclass=dir permissive=0 app=com.winlator
09-20 16:46:57.708     0     0 W audit   : audit_lost=1832625 audit_rate_limit=5 audit_backlog_limit=64
09-20 16:46:57.708     0     0 E audit   : rate limit exceeded
09-20 16:46:58.053     0     0 E PL_DISABLE: CHG_STATE_VOTER,0 same vote on of val=1
09-20 16:46:58.053     0     0 E PL_DISABLE: CHG_STATE_VOTER,0 Ignoring similar vote on of val=1
09-20 16:46:58.053     0     0 E PL_ENABLE_INDIRECT: USBIN_I_VOTER,0 same vote off of val=0
09-20 16:46:58.053     0     0 E PL_ENABLE_INDIRECT: USBIN_I_VOTER,0 Ignoring similar vote off of val=0
09-20 16:46:58.053     0     0 E PL_DISABLE: PL_FCC_LOW_VOTER,10 same vote off of val=0
09-20 16:46:58.053     0     0 E PL_DISABLE: PL_FCC_LOW_VOTER,10 Ignoring similar vote off of val=0
09-20 16:46:58.053     0     0 E         : ========2222========usb charge===============
09-20 16:46:58.053     0     0 E         : ========2222========usb charge===============
09-20 16:46:58.054     0     0 E USB_ICL_IRQ_DISABLE: USB_SUSPEND_VOTER,0 same vote off of val=0
09-20 16:46:58.054     0     0 E USB_ICL_IRQ_DISABLE: USB_SUSPEND_VOTER,0 Ignoring similar vote off of val=0
09-20 16:46:58.054     0     0 E FCC_MAIN: MAIN_FCC_VOTER,0 same vote on of val=4500000
09-20 16:46:58.054     0     0 E FCC_MAIN: MAIN_FCC_VOTER,0 Ignoring similar vote on of val=4500000
09-20 16:46:58.057     0     0 E PL_DISABLE: ICL_LIMIT_VOTER,9 same vote off of val=0
09-20 16:46:58.057     0     0 E PL_DISABLE: ICL_LIMIT_VOTER,9 Ignoring similar vote off of val=0
09-20 16:46:58.066     0     0 I         : ///PD dbg info 130d
09-20 16:46:58.066     0     0 I <3295338.955>TCPC-TCPC: bat_update_work_func battery update soc = 100
09-20 16:46:58.066     0     0 I <3295338.955>TCPC-TCPC: bat_update_work_func Battery Chargin
09-20 16:46:58.066     0     0 I         : g
09-20 16:46:58.072     0     0 E CHG_DISABLE: JEITA_VOTER,3 same vote off of val=0
09-20 16:46:58.072     0     0 E CHG_DISABLE: JEITA_VOTER,3 Ignoring similar vote off of val=0
09-20 16:46:58.072     0     0 E FCC     : JEITA_VOTER,3 same vote on of val=4500000
09-20 16:46:58.072     0     0 E FCC     : JEITA_VOTER,3 Ignoring similar vote on of val=4500000
09-20 16:46:58.072     0     0 E USB_ICL : JEITA_VOTER,15 same vote off of val=0
09-20 16:46:58.072     0     0 E USB_ICL : JEITA_VOTER,15 Ignoring similar vote off of val=0
09-20 16:46:58.072     0     0 E FV      : JEITA_VOTER,3 same vote on of val=4400000
09-20 16:46:58.072     0     0 E FV      : JEITA_VOTER,3 Ignoring similar vote on of val=4400000
09-20 16:46:58.072     0     0 E FCC     : STEP_CHG_VOTER,4 same vote off of val=0
09-20 16:46:58.072     0     0 E FCC     : STEP_CHG_VOTER,4 Ignoring similar vote off of val=0
09-20 16:46:58.089     0     0 E QG-K    : qg_status_change_work: disable health is warm, set fv to 4200000
09-20 16:46:58.089     0     0 E FV      : ADJUST_FV_VOTER,4 same vote off of val=0
09-20 16:46:58.089     0     0 E FV      : ADJUST_FV_VOTER,4 Ignoring similar vote off of val=0
09-20 16:46:58.154     0     0 W healthd : battery l=100 v=4297 t=25.6 h=2 st=2 c=343000 fc=7506000 cc=19 chg=u
09-20 16:46:59.802  2305  2665 D WifiStaIfaceHidlImpl: getCachedScanData is not implemented by HIDL
09-20 16:47:00.050 17030 17030 W wfm.exe : type=1400 audit(0.0:2419465): avc:  granted  { execute } for  path="/data/user/0/com.winlator/files/rootfs/opt/wine/lib/wine/x86_64-windows/win32u.dll" dev="dm-47" ino=85508 scontext=u:r:untrusted_app_27:s0:c167,c257,c512,c768 tcontext=u:object_r:app_data_file:s0:c167,c257,c512,c768 tclass=file app=com.winlator
09-20 16:47:00.050 17030 17030 W wfm.exe : type=1400 audit(0.0:2419466): avc:  granted  { execute } for  path="/data/user/0/com.winlator/files/rootfs/opt/wine/lib/wine/x86_64-windows/win32u.dll" dev="dm-47" ino=85508 scontext=u:r:untrusted_app_27:s0:c167,c257,c512,c768 tcontext=u:object_r:app_data_file:s0:c167,c257,c512,c768 tclass=file app=com.winlator
09-20 16:47:00.062 17030 17030 W wfm.exe : type=1400 audit(0.0:2419467): avc:  granted  { execute } for  path="/data/user/0/com.winlator/files/rootfs/opt/wine/lib/wine/x86_64-windows/imm32.dll" dev="dm-47" ino=84706 scontext=u:r:untrusted_app_27:s0:c167,c257,c512,c768 tcontext=u:object_r:app_data_file:s0:c167,c257,c512,c768 tclass=file app=com.winlator
09-20 16:47:00.062 17030 17030 W wfm.exe : type=1400 audit(0.0:2419468): avc:  granted  { execute } for  path="/data/user/0/com.winlator/files/rootfs/opt/wine/lib/wine/x86_64-windows/imm32.dll" dev="dm-47" ino=84706 scontext=u:r:untrusted_app_27:s0:c167,c257,c512,c768 tcontext=u:object_r:app_data_file:s0:c167,c257,c512,c768 tclass=file app=com.winlator
09-20 16:47:00.062 17030 17030 W wfm.exe : type=1400 audit(0.0:2419469): avc:  granted  { execute } for  path="/data/user/0/com.winlator/files/rootfs/opt/wine/lib/wine/x86_64-windows/imm32.dll" dev="dm-47" ino=84706 scontext=u:r:untrusted_app_27:s0:c167,c257,c512,c768 tcontext=u:object_r:app_data_file:s0:c167,c257,c512,c768 tclass=file app=com.winlator
09-20 16:46:58.747     0     0 W audit   : audit_lost=1832719 audit_rate_limit=5 audit_backlog_limit=64
09-20 16:46:58.747     0     0 E audit   : rate limit exceeded
09-20 16:46:59.373     0     0 E QG_WS   : FIFO_DONE_VOTER,1 voting on of val=1
09-20 16:46:59.373     0     0 E QG_WS   : effective vote is now 1 voted by FIFO_DONE_VOTER,1
09-20 16:46:59.374     0     0 E QG_WS   : GOOD_OCV_VOTER,0 same vote off of val=0
09-20 16:46:59.374     0     0 E QG_WS   : GOOD_OCV_VOTER,0 Ignoring similar vote off of val=0
09-20 16:46:59.374     0     0 E QG_WS   : FIFO_DONE_VOTER,1 voting off of val=0
09-20 16:46:59.374     0     0 E QG_WS   : effective vote is now 0 voted by FIFO_DONE_VOTER,1
09-20 16:46:59.374     0     0 E QG_WS   : FIFO_RT_DONE_VOTER,2 same vote off of val=0
09-20 16:46:59.374     0     0 E QG_WS   : FIFO_RT_DONE_VOTER,2 Ignoring similar vote off of val=0
09-20 16:46:59.374     0     0 E QG_WS   : SUSPEND_DATA_VOTER,3 same vote off of val=0
09-20 16:46:59.374     0     0 E QG_WS   : SUSPEND_DATA_VOTER,3 Ignoring similar vote off of val=0
09-20 16:46:59.374     0     0 E QG_WS   : SLEEP_EXIT_DATA_VOTER,4 same vote off of val=0
09-20 16:46:59.374     0     0 E QG_WS   : SLEEP_EXIT_DATA_VOTER,4 Ignoring similar vote off of val=0
09-20 16:46:59.377     0     0 E QG_WS   : UDATA_READY_VOTER,5 voting on of val=1
09-20 16:46:59.377     0     0 E QG_WS   : effective vote is now 1 voted by UDATA_READY_VOTER,5
09-20 16:46:59.380     0     0 E QG_WS   : UDATA_READY_VOTER,5 voting off of val=0
09-20 16:46:59.380     0     0 E QG_WS   : effective vote is now 0 voted by UDATA_READY_VOTER,5
09-20 16:47:01.157  1536  3266 I vendor.qti.bluetooth@1.0-ibs_handler: ProcessIbsCmd: Received IBS_WAKE_IND: 0xFD
09-20 16:47:01.157  1536  3266 D vendor.qti.bluetooth@1.0-ibs_handler: SerialClockVote: vote for UART CLK ON
09-20 16:47:01.160  1536  3266 D vendor.qti.bluetooth@1.0-wake_lock: Acquire wakelock is acquired 
09-20 16:47:01.160  1536  3266 I vendor.qti.bluetooth@1.0-ibs_handler: ProcessIbsCmd: Writing IBS_WAKE_ACK
09-20 16:47:01.201  1536  3266 I vendor.qti.bluetooth@1.0-ibs_handler: ProcessIbsCmd: Received IBS_SLEEP_IND: 0xFE
09-20 16:47:01.201  1536  3266 D vendor.qti.bluetooth@1.0-ibs_handler: SerialClockVote: vote for UART CLK OFF
09-20 16:47:01.302 17030 17030 W wfm.exe : type=1400 audit(0.0:2419558): avc:  granted  { execute } for  path="/data/user/0/com.winlator/files/rootfs/opt/wine/lib/wine/x86_64-windows/winex11.drv" dev="dm-47" ino=85789 scontext=u:r:untrusted_app_27:s0:c167,c257,c512,c768 tcontext=u:object_r:app_data_file:s0:c167,c257,c512,c768 tclass=file app=com.winlator
09-20 16:47:01.302 17030 17030 W wfm.exe : type=1400 audit(0.0:2419559): avc:  granted  { execute } for  path="/data/user/0/com.winlator/files/rootfs/opt/wine/lib/wine/x86_64-windows/winex11.drv" dev="dm-47" ino=85789 scontext=u:r:untrusted_app_27:s0:c167,c257,c512,c768 tcontext=u:object_r:app_data_file:s0:c167,c257,c512,c768 tclass=file app=com.winlator
09-20 16:47:01.302 17030 17030 W wfm.exe : type=1400 audit(0.0:2419560): avc:  granted  { execute } for  path="/data/user/0/com.winlator/files/rootfs/opt/wine/lib/wine/x86_64-windows/winex11.drv" dev="dm-47" ino=85789 scontext=u:r:untrusted_app_27:s0:c167,c257,c512,c768 tcontext=u:object_r:app_data_file:s0:c167,c257,c512,c768 tclass=file app=com.winlator
09-20 16:47:01.310 17030 17030 W wfm.exe : type=1400 audit(0.0:2419561): avc:  granted  { execute } for  path="/data/user/0/com.winlator/files/rootfs/opt/wine/lib/wine/x86_64-unix/winex11.so" dev="dm-47" ino=84318 scontext=u:r:untrusted_app_27:s0:c167,c257,c512,c768 tcontext=u:object_r:app_data_file:s0:c167,c257,c512,c768 tclass=file app=com.winlator
09-20 16:47:01.310 17030 17030 W wfm.exe : type=1400 audit(0.0:2419562): avc:  granted  { execute } for  path="/data/user/0/com.winlator/files/rootfs/usr/lib/libXext.so.6.4.0" dev="dm-47" ino=77717 scontext=u:r:untrusted_app_27:s0:c167,c257,c512,c768 tcontext=u:object_r:app_data_file:s0:c167,c257,c512,c768 tclass=file app=com.winlator
09-20 16:46:59.847     0     0 W audit   : audit_lost=1832780 audit_rate_limit=5 audit_backlog_limit=64
09-20 16:46:59.847     0     0 E audit   : rate limit exceeded
09-20 16:47:01.352  1536  3065 D vendor.qti.bluetooth@1.0-wake_lock: Release wakelock is released 
09-20 16:47:02.191 16838 16845 W System  : A resource failed to call release. 
09-20 16:47:02.191 16838 16845 W System  : A resource failed to call release. 
09-20 16:47:02.358 17030 17030 W wfm.exe : type=1400 audit(0.0:2419582): avc:  denied  { ioctl } for  path="/data/user/0/com.winlator/files/rootfs/home/xuser-1/.wine/drive_c/windows" dev="dm-47" ino=77956 ioctlcmd=0x7201 scontext=u:r:untrusted_app_27:s0:c167,c257,c512,c768 tcontext=u:object_r:app_data_file:s0:c167,c257,c512,c768 tclass=dir permissive=0 app=com.winlator
09-20 16:47:02.366 17030 17030 W wfm.exe : type=1400 audit(0.0:2419583): avc:  granted  { execute } for  path="/data/user/0/com.winlator/files/rootfs/opt/wine/lib/wine/x86_64-windows/uxtheme.dll" dev="dm-47" ino=96038 scontext=u:r:untrusted_app_27:s0:c167,c257,c512,c768 tcontext=u:object_r:app_data_file:s0:c167,c257,c512,c768 tclass=file app=com.winlator
09-20 16:47:02.370 17030 17030 W wfm.exe : type=1400 audit(0.0:2419584): avc:  granted  { execute } for  path="/data/user/0/com.winlator/files/rootfs/opt/wine/lib/wine/x86_64-windows/uxtheme.dll" dev="dm-47" ino=96038 scontext=u:r:untrusted_app_27:s0:c167,c257,c512,c768 tcontext=u:object_r:app_data_file:s0:c167,c257,c512,c768 tclass=file app=com.winlator
09-20 16:47:02.370 17030 17030 W wfm.exe : type=1400 audit(0.0:2419585): avc:  granted  { execute } for  path="/data/user/0/com.winlator/files/rootfs/opt/wine/lib/wine/x86_64-windows/uxtheme.dll" dev="dm-47" ino=96038 scontext=u:r:untrusted_app_27:s0:c167,c257,c512,c768 tcontext=u:object_r:app_data_file:s0:c167,c257,c512,c768 tclass=file app=com.winlator
09-20 16:47:02.824  2305  2665 D WifiStaIfaceHidlImpl: getCachedScanData is not implemented by HIDL
09-20 16:47:02.999  2024  2024 D Zygote  : Forked child process 17031
--------- beginning of system
09-20 16:47:03.001  2305  2340 I ActivityManager: Start proc 17031:com.android.vending:background/u0a222 for service {com.android.vending/com.google.android.finsky.scheduler.process.backgroundimpl.PhoneskyJobServiceBackground}
09-20 16:47:03.026 17031 17031 I Zygote  : Process 17031 crated for com.android.vending:background
09-20 16:47:03.028 17031 17031 I ding:background: Using CollectorTypeCC GC.
09-20 16:47:03.049 17031 17031 D nativeloader: Load libframework-connectivity-tiramisu-jni.so using APEX ns com_android_tethering for caller /apex/com.android.tethering/javalib/framework-connectivity-t.jar: ok
09-20 16:47:01.581     0     0 I binder  : 17031:17031 ioctl 40046210 7fd0e27b54 returned -22
09-20 16:47:03.080 20868 16994 I NearbyMediums: Found Fast Ble Advertisements :
09-20 16:47:03.080 20868 16994 I NearbyMediums: BleAdvertisement { version=2, socketVersion=2, isFast=true, serviceIdHash=null, data=[ 0x23 0x49 0x55 0x41 0x57 0x11 0x32 0xed 0x0e 0x66 0xbd 0x88 0x34 0x13 0x97 0xae 0x7e 0xfd 0x60 0x1f 0x7e 0xbb 0x46 ], deviceToken=[ 0x7f 0xa7 ], rxAdvertisement=null } : 2 times.
09-20 16:47:03.080 20868 16994 I NearbyMediums: Total 2 fast advertisements from 1 unique advertisers.
09-20 16:47:03.081 20868 16994 I NearbyMediums: Current Tracked Scanning Clients are : {NearbyConnections.EnvironmentMonitor, NearbySharing, NearbyConnections.TxAdvertisement}
09-20 16:47:03.081 17031 17031 D ApplicationLoaders: Returning zygote-cached class loader: /system/framework/org.apache.http.legacy.jar
09-20 16:47:03.093 17031 17031 D nativeloader: Configuring clns-7 for other apk /system_ext/framework/androidx.window.extensions.jar. target_sdk_version=37, uses_libraries=ALL, library_path=/data/app/~~mqekqfAxzZMJkU24MUxLtA==/com.android.vending-zNovAcDqmviHslwfR5BZgw==/lib/arm64:/data/app/~~mqekqfAxzZMJkU24MUxLtA==/com.android.vending-zNovAcDqmviHslwfR5BZgw==/base.apk!/lib/arm64-v8a:/data/app/~~mqekqfAxzZMJkU24MUxLtA==/com.android.vending-zNovAcDqmviHslwfR5BZgw==/split_config.arm64_v8a.apk!/lib/arm64-v8a:/data/app/~~mqekqfAxzZMJkU24MUxLtA==/com.android.vending-zNovAcDqmviHslwfR5BZgw==/split_config.es.apk!/lib/arm64-v8a:/data/app/~~mqekqfAxzZMJkU24MUxLtA==/com.android.vending-zNovAcDqmviHslwfR5BZgw==/split_phonesky_data_loader.apk!/lib/arm64-v8a:/data/app/~~mqekqfAxzZMJkU24MUxLtA==/com.android.vending-zNovAcDqmviHslwfR5BZgw==/split_phonesky_data_loader.config.arm64_v8a.apk!/lib/arm64-v8a:/data/app/~~mqekqfAxzZMJkU24MUxLtA==/com.android.vending-zNovAcDqmviHslwfR5BZgw==/split_phonesky_webrtc_native_lib.apk!/lib/arm64-v8a:/data/app/~~mqekqfAxzZMJkU24MUxLtA
09-20 16:47:03.099 17031 17031 D nativeloader: Configuring clns-8 for other apk /system_ext/framework/androidx.window.sidecar.jar. target_sdk_version=37, uses_libraries=ALL, library_path=/data/app/~~mqekqfAxzZMJkU24MUxLtA==/com.android.vending-zNovAcDqmviHslwfR5BZgw==/lib/arm64:/data/app/~~mqekqfAxzZMJkU24MUxLtA==/com.android.vending-zNovAcDqmviHslwfR5BZgw==/base.apk!/lib/arm64-v8a:/data/app/~~mqekqfAxzZMJkU24MUxLtA==/com.android.vending-zNovAcDqmviHslwfR5BZgw==/split_config.arm64_v8a.apk!/lib/arm64-v8a:/data/app/~~mqekqfAxzZMJkU24MUxLtA==/com.android.vending-zNovAcDqmviHslwfR5BZgw==/split_config.es.apk!/lib/arm64-v8a:/data/app/~~mqekqfAxzZMJkU24MUxLtA==/com.android.vending-zNovAcDqmviHslwfR5BZgw==/split_phonesky_data_loader.apk!/lib/arm64-v8a:/data/app/~~mqekqfAxzZMJkU24MUxLtA==/com.android.vending-zNovAcDqmviHslwfR5BZgw==/split_phonesky_data_loader.config.arm64_v8a.apk!/lib/arm64-v8a:/data/app/~~mqekqfAxzZMJkU24MUxLtA==/com.android.vending-zNovAcDqmviHslwfR5BZgw==/split_phonesky_webrtc_native_lib.apk!/lib/arm64-v8a:/data/app/~~mqekqfAxzZMJkU24MUxLtA==/
09-20 16:47:03.094 17030 17030 W wfm.exe : type=1400 audit(0.0:2419586): avc:  denied  { ioctl } for  path="/data/user/0/com.winlator/files/rootfs/home/xuser-1/.wine/drive_c/windows/system32" dev="dm-47" ino=77958 ioctlcmd=0x7201 scontext=u:r:untrusted_app_27:s0:c167,c257,c512,c768 tcontext=u:object_r:app_data_file:s0:c167,c257,c512,c768 tclass=dir permissive=0 app=com.winlator
09-20 16:47:01.634     0     0 W audit   : audit_lost=1832799 audit_rate_limit=5 audit_backlog_limit=64
09-20 16:47:01.634     0     0 E audit   : rate limit exceeded
09-20 16:47:03.208 17031 17031 W ding:background: Failed to find entry 'classes.dex': Entry not found
09-20 16:47:03.212 17031 17031 W ding:background: Failed to find entry 'classes.dex': Entry not found
09-20 16:47:03.213 17031 17031 W ding:background: Failed to find entry 'classes.dex': Entry not found
09-20 16:47:03.216 17031 17031 W ding:background: Failed to find entry 'classes.dex': Entry not found
09-20 16:47:03.218 17031 17031 W ding:background: Failed to find entry 'classes.dex': Entry not found
09-20 16:47:03.221 17031 17031 W ding:background: Failed to find entry 'classes.dex': Entry not found
09-20 16:47:03.222 17031 17031 D nativeloader: Configuring clns-9 for other apk /data/app/~~mqekqfAxzZMJkU24MUxLtA==/com.android.vending-zNovAcDqmviHslwfR5BZgw==/base.apk:/data/app/~~mqekqfAxzZMJkU24MUxLtA==/com.android.vending-zNovAcDqmviHslwfR5BZgw==/split_config.arm64_v8a.apk:/data/app/~~mqekqfAxzZMJkU24MUxLtA==/com.android.vending-zNovAcDqmviHslwfR5BZgw==/split_config.es.apk:/data/app/~~mqekqfAxzZMJkU24MUxLtA==/com.android.vending-zNovAcDqmviHslwfR5BZgw==/split_phonesky_data_loader.apk:/data/app/~~mqekqfAxzZMJkU24MUxLtA==/com.android.vending-zNovAcDqmviHslwfR5BZgw==/split_phonesky_data_loader.config.arm64_v8a.apk:/data/app/~~mqekqfAxzZMJkU24MUxLtA==/com.android.vending-zNovAcDqmviHslwfR5BZgw==/split_phonesky_webrtc_native_lib.apk:/data/app/~~mqekqfAxzZMJkU24MUxLtA==/com.android.vending-zNovAcDqmviHslwfR5BZgw==/split_phonesky_webrtc_native_lib.config.arm64_v8a.apk. target_sdk_version=37, uses_libraries=, library_path=/data/app/~~mqekqfAxzZMJkU24MUxLtA==/com.android.vending-zNovAcDqmviHslwfR5BZgw==/lib/arm64:/data/app/~~mqekqfAxzZMJkU24MUxLtA==/com.and
09-20 16:47:03.255 17031 17031 V GraphicsEnvironment: Currently set values for:
09-20 16:47:03.255 17031 17031 V GraphicsEnvironment:   angle_gl_driver_selection_pkgs=[com.android.angle, com.google.android.apps.tachyon]
09-20 16:47:03.255 17031 17031 V GraphicsEnvironment:   angle_gl_driver_selection_values=[angle, native]
09-20 16:47:03.255 17031 17031 V GraphicsEnvironment: com.android.vending is not listed in per-application setting
09-20 16:47:03.255 17031 17031 V GraphicsEnvironment: ANGLE allowlist from config: 
09-20 16:47:03.255 17031 17031 V GraphicsEnvironment: com.android.vending is not listed in ANGLE allowlist or settings, returning default
09-20 16:47:03.255 17031 17031 V GraphicsEnvironment: Neither updatable production driver nor prerelease driver is supported.
09-20 16:47:03.305 17031 17031 I Finsky:background: [2] Process created at version: 53.0.27-34 [0] [PR] 973951861
09-20 16:47:03.324 17031 17031 I Finsky:background: [2] [BGP] Initializing early flags...
09-20 16:47:03.324 17031 17031 I Finsky:background: [2] [BGP] Initializing Gservices...
09-20 16:47:03.333 17031 17031 I Finsky:background: [2] [BGP] Initializing flags...
09-20 16:47:03.362 17030 17030 W wfm.exe : type=1400 audit(0.0:2419622): avc:  denied  { ioctl } for  path="/data/user/0/com.winlator/files/rootfs/home/xuser-1/.wine/drive_c/windows/system32" dev="dm-47" ino=77958 ioctlcmd=0x7201 scontext=u:r:untrusted_app_27:s0:c167,c257,c512,c768 tcontext=u:object_r:app_data_file:s0:c167,c257,c512,c768 tclass=dir permissive=0 app=com.winlator
09-20 16:47:03.366 17030 17030 W wfm.exe : type=1400 audit(0.0:2419623): avc:  denied  { ioctl } for  path="/data/user/0/com.winlator/files/rootfs/home/xuser-1/.wine/drive_c/windows/system32" dev="dm-47" ino=77958 ioctlcmd=0x7201 scontext=u:r:untrusted_app_27:s0:c167,c257,c512,c768 tcontext=u:object_r:app_data_file:s0:c167,c257,c512,c768 tclass=dir permissive=0 app=com.winlator
09-20 16:47:03.378 17031 17031 I Finsky:background: [2] Finished reading experiment flags from file [0tGUNCGIkbk4o6-fQ335kUYSKwVj4lusnHT-A5Dsy08] numFlags=2655.
09-20 16:47:03.374 17030 17030 W wfm.exe : type=1400 audit(0.0:2419624): avc:  denied  { ioctl } for  path="/data/user/0/com.winlator/files/rootfs/home/xuser-1/.wine/drive_c/windows/system32" dev="dm-47" ino=77958 ioctlcmd=0x7201 scontext=u:r:untrusted_app_27:s0:c167,c257,c512,c768 tcontext=u:object_r:app_data_file:s0:c167,c257,c512,c768 tclass=dir permissive=0 app=com.winlator
09-20 16:47:03.378 17030 17030 W wfm.exe : type=1400 audit(0.0:2419625): avc:  denied  { ioctl } for  path="/data/user/0/com.winlator/files/rootfs/home/xuser-1/.wine/drive_c/windows/system32" dev="dm-47" ino=77958 ioctlcmd=0x7201 scontext=u:r:untrusted_app_27:s0:c167,c257,c512,c768 tcontext=u:object_r:app_data_file:s0:c167,c257,c512,c768 tclass=dir permissive=0 app=com.winlator
09-20 16:47:03.382 17030 17030 W wfm.exe : type=1400 audit(0.0:2419626): avc:  denied  { ioctl } for  path="/data/user/0/com.winlator/files/rootfs/home/xuser-1/.wine/drive_c/windows/system32" dev="dm-47" ino=77958 ioctlcmd=0x7201 scontext=u:r:untrusted_app_27:s0:c167,c257,c512,c768 tcontext=u:object_r:app_data_file:s0:c167,c257,c512,c768 tclass=dir permissive=0 app=com.winlator
09-20 16:47:03.415 17031 17048 D nativeloader: Load /data/app/~~mqekqfAxzZMJkU24MUxLtA==/com.android.vending-zNovAcDqmviHslwfR5BZgw==/split_config.arm64_v8a.apk!/lib/arm64-v8a/libmappedcountercacheversionjni.so using class loader ns clns-9 (caller=/data/app/~~mqekqfAxzZMJkU24MUxLtA==/com.android.vending-zNovAcDqmviHslwfR5BZgw==/base.apk): ok
09-20 16:47:03.436 17031 17031 E ashmem  : Pinning is deprecated since Android Q. Please use trim or other methods.
09-20 16:47:03.448 17031 17031 I Finsky:background: [2] Finished reading experiment flags from file [-yW1jlvdxegOqfNwSiA7Pv0hjkDRjpKV6uYyq1k0kpA] numFlags=2089.
09-20 16:47:03.453 17031 17031 I Finsky:background: [2] [BGP] Initializing crash detector...
09-20 16:47:03.465 17031 17031 I Finsky:background: [2] ammo - Registering in memory receiver for android.intent.action.PACKAGE_ADDED and android.intent.action.PACKAGE_REMOVED
09-20 16:47:03.485 17031 17031 I Finsky:background: [2] This process start was not selected for Play memory metrics collection.
09-20 16:47:03.500 17031 17031 I Finsky:background: [2] SCH: job service start with id 10334.
09-20 16:47:03.524 17031 17059 I Finsky:background: [1310] SCH: Satisfied jobs for 10334 are: 59-1
09-20 16:47:03.529 17031 17057 I Finsky:background: [1308] Resetting scheduler db
09-20 16:47:03.531 17031 17057 I Finsky:background: [1308] SCH: Job 59-1 starting
09-20 16:47:03.532 17031 17055 I Finsky:background: [1306] SCH: Scheduling phonesky job Id: 47-15, CT: 1789930510947, Constraints: [{ L: 21335908, D: 42935908, C: CHARGING_NONE, I: IDLE_REQUIRED, N: NET_NONE, B: BATTERY_ANY }]
09-20 16:47:03.532 17031 17031 I Finsky:background: [2] WM::SCH: Logging work start for 59-1
09-20 16:47:03.532 17031 17055 I Finsky:background: [1306] SCH: Scheduling phonesky job Id: 59-1, CT: 1789930686415, Constraints: [{ L: 10120439, D: 20260439, C: CHARGING_NONE, I: IDLE_NONE, N: NET_ANY, B: BATTERY_ANY }]
09-20 16:47:03.532 17031 17031 I Finsky:background: [2] GUC: Starting GameUsageCollectionAndUploadJob
09-20 16:47:03.535 17031 17058 W Settings: Setting download_manager_max_bytes_over_mobile has moved from android.provider.Settings.Secure to android.provider.Settings.Global.
09-20 16:47:03.538 17031 17056 I Finsky:background: [1307] SCH: canceling system job 10334
09-20 16:47:03.539 17031 17058 I Finsky:background: [1309] SettingNotFoundException for download_manager_max_bytes_over_mobile
09-20 16:47:03.539 17031 17058 W Settings: Setting download_manager_recommended_max_bytes_over_mobile has moved from android.provider.Settings.Secure to android.provider.Settings.Global.
09-20 16:47:03.541 17031 17058 I Finsky:background: [1309] SettingNotFoundException for download_manager_recommended_max_bytes_over_mobile
09-20 16:47:03.541 17031 17058 I Finsky:background: [1309] registerListener
09-20 16:47:03.544 17031 17058 I Finsky:background: [1309] DFS: Listener added for upl@cf682f4
09-20 16:47:03.544 17031 17058 I Finsky:background: [1309] registerListener
09-20 16:47:03.544 17031 17058 I Finsky:background: [1309] registerListener
09-20 16:47:03.544 17031 17031 I Finsky:background: [2] SCH: system job 10334 received onStopJob signal.
09-20 16:47:03.545 17031 17058 I Finsky:background: [1309] DFS: Listener added for arbk@7d39fd5
09-20 16:47:03.545 17031 17031 I Finsky:background: [2] SCH: system job 10334 stopped.
09-20 16:47:03.548  2305  4295 W JobScheduler: Job didn't exist in JobStore: 8c1866d #u0a222/10334 com.android.vending/com.google.android.finsky.scheduler.process.backgroundimpl.PhoneskyJobServiceBackground
09-20 16:47:03.549 17031 17055 I Finsky:background: [1306] SCH: Scheduling 1 system job(s)
09-20 16:47:03.551 17031 17055 I Finsky:background: [1306] SCH: Scheduling system job Id: 10344, L: 0, D: 10123304, C: false, I: false, N: 1
09-20 16:47:03.564 17031 17031 I Finsky:background: [2] SCH: job service start with id 10344.
09-20 16:47:03.565 17031 17058 I Finsky:background: [1309] IV2: IQv2 is disabled. Recovering all active installs: []
09-20 16:47:03.566 17031 17056 I Finsky:background: [1307] SCH: no pending jobs to schedule.
09-20 16:47:03.569 17031 17059 I Finsky:background: [1310] SCH: Satisfied jobs for 10344 are: 59-1
09-20 16:47:03.598  2305  2689 D ConnectivityService: requestNetwork for uid/pid:10222/17031 activeRequest: null callbackRequest: 35933 [NetworkRequest [ REQUEST id=35934, [ Capabilities: INTERNET&NOT_RESTRICTED&TRUSTED&NOT_VCN_MANAGED&NOT_BANDWIDTH_CONSTRAINED Uid: 10222 RequestorUid: 10222 RequestorPkg: com.android.vending UnderlyingNetworks: Null] ]] callback flags: 0 order: 2147483647 isUidTracked: false declaredMethods: AVAIL|LOST
09-20 16:47:03.599 17031 17053 I Finsky:background: [1304] Device is eligible for platform Cronet and will attempt to use it.
09-20 16:47:03.602  2305  2665 D UntrustedWifiNetworkFactory: got request NetworkRequest [ REQUEST id=35934, [ Capabilities: INTERNET&NOT_RESTRICTED&TRUSTED&NOT_VCN_MANAGED&NOT_BANDWIDTH_CONSTRAINED Uid: 10222 RequestorUid: 10222 RequestorPkg: com.android.vending UnderlyingNetworks: Null] ]
09-20 16:47:03.602  2305  2665 D OemPaidWifiNetworkFactory: got request NetworkRequest [ REQUEST id=35934, [ Capabilities: INTERNET&NOT_RESTRICTED&TRUSTED&NOT_VCN_MANAGED&NOT_BANDWIDTH_CONSTRAINED Uid: 10222 RequestorUid: 10222 RequestorPkg: com.android.vending UnderlyingNetworks: Null] ]
09-20 16:47:03.602  2305  2665 D MultiInternetWifiNetworkFactory: got request NetworkRequest [ REQUEST id=35934, [ Capabilities: INTERNET&NOT_RESTRICTED&TRUSTED&NOT_VCN_MANAGED&NOT_BANDWIDTH_CONSTRAINED Uid: 10222 RequestorUid: 10222 RequestorPkg: com.android.vending UnderlyingNetworks: Null] ]
09-20 16:47:03.602  2305  2672 D ConnectivityService: NetReassign [35934 : null → 142] [c 1] [a 1] [i 1]
09-20 16:47:03.606 17031 17055 I Finsky:background: [1306] IQ: start evaluating install requests.
09-20 16:47:03.606 17031 17055 I Finsky:background: [1306] IQ: no jobs active. Skipping
09-20 16:47:03.612 17031 17052 I Finsky:background: [1303] Subscription detail: N/A
09-20 16:47:03.616 17031 17071 I Finsky:background: [1322] GUC: Starting game usage collection
09-20 16:47:03.617 17031 17071 I Finsky:background: [1322] GUC: unmatchedIntervalsDuration: null
09-20 16:47:03.623  2305  2689 D ConnectivityService: requestNetwork for uid/pid:10222/17031 activeRequest: null callbackRequest: 35935 [NetworkRequest [ REQUEST id=35936, [ Capabilities: INTERNET&NOT_RESTRICTED&TRUSTED&NOT_VCN_MANAGED&NOT_BANDWIDTH_CONSTRAINED Uid: 10222 RequestorUid: 10222 RequestorPkg: com.android.vending UnderlyingNetworks: Null] ]] callback flags: 0 order: 2147483647 isUidTracked: false declaredMethods: AVAIL|LOST|NC|LP
09-20 16:47:03.627  2305  2665 D UntrustedWifiNetworkFactory: got request NetworkRequest [ REQUEST id=35936, [ Capabilities: INTERNET&NOT_RESTRICTED&TRUSTED&NOT_VCN_MANAGED&NOT_BANDWIDTH_CONSTRAINED Uid: 10222 RequestorUid: 10222 RequestorPkg: com.android.vending UnderlyingNetworks: Null] ]
09-20 16:47:03.627  2305  2665 D OemPaidWifiNetworkFactory: got request NetworkRequest [ REQUEST id=35936, [ Capabilities: INTERNET&NOT_RESTRICTED&TRUSTED&NOT_VCN_MANAGED&NOT_BANDWIDTH_CONSTRAINED Uid: 10222 RequestorUid: 10222 RequestorPkg: com.android.vending UnderlyingNetworks: Null] ]
09-20 16:47:03.627 17031 17071 I Finsky:background: [1322] GUC: Collecting usage from 2026-09-19T21:54:35.806Z to 2026-09-20T21:47:03.617Z
09-20 16:47:03.627  2305  2665 D MultiInternetWifiNetworkFactory: got request NetworkRequest [ REQUEST id=35936, [ Capabilities: INTERNET&NOT_RESTRICTED&TRUSTED&NOT_VCN_MANAGED&NOT_BANDWIDTH_CONSTRAINED Uid: 10222 RequestorUid: 10222 RequestorPkg: com.android.vending UnderlyingNetworks: Null] ]
09-20 16:47:03.627  2305  2672 D ConnectivityService: NetReassign [35936 : null → 142] [c 1] [a 0] [i 2]
09-20 16:47:03.639  2305  2672 D ConnectivityService: NetReassign [no changes] [c 0] [a 2] [i 1]
09-20 16:47:03.639 17031 17065 I Finsky:background: [1316] IQ: Pruning inactive install requests
09-20 16:47:03.639 17031 17055 I Finsky:background: [1306] IQ: 0 scheduled install statuses found to proceed. 
09-20 16:47:03.646 17031 17053 I cn_CronetLibraryLoader: Cronet version: 136.0.7091.2, arch: aarch64
09-20 16:47:03.650 17031 17055 I Finsky:background: [1306] SSM: Start staged session task with 0 tracked staged sessions
09-20 16:47:03.651  2305  2689 V Configuration: Updating configuration, locales updated from [] to [es_CO]
09-20 16:47:03.651  2305  2689 V Configuration: Updating configuration, locales updated from [] to [es_CO]
09-20 16:47:03.651  2305  2689 V Configuration: Updating configuration, locales updated from [] to [es_CO]
09-20 16:47:03.653 17031 17053 I Finsky:background: [1304] CronetEngine is present. Using Cronet for the networking stack.
09-20 16:47:03.653  2305  2689 D IntervalStats: Unable to parse usage stats packages: [455, 457]
09-20 16:47:03.654  2305  2689 D IntervalStats: Unable to parse event packages: [457]
09-20 16:47:03.665 17031 17053 I Finsky:background: [1304] Finished reading experiment flags from file [Se-xCc4LzNyh3UrKMIU2sUf-PUKz4oQEbpKZDMuaFno] numFlags=2072.
09-20 16:47:03.673 17031 17053 I Finsky:background: [1304] PlayInstallAPI: Registering Play install service listener.
09-20 16:47:03.830 17031 17055 W SQLiteLog: (28) double-quoted string literal: "play-pass"
09-20 16:47:03.876 17031 17052 E Finsky:background: [1303] [Counters] attempted to use a non-positive increment for: 5114
09-20 16:47:03.876 17031 17052 E Finsky:background: [1303] [Counters] attempted to use a non-positive increment for: 5118
09-20 16:47:03.876 17031 17052 E Finsky:background: [1303] [Counters] attempted to use a non-positive increment for: 5119
09-20 16:47:03.898 17031 17071 I Finsky:background: [1322] GUC: Finished game usage collection and storing into ValueStore.
09-20 16:47:03.899 17031 17055 I Finsky:background: [1306] GUC: Collection part finished. Proceeding to upload.
09-20 16:47:03.900 17031 17071 I Finsky:background: [1322] GUC: Uploading game usage events for account [UfTLEXxmy_GVP0v50CGiDutBTFOD1tGJGi7QclcSQcs]
09-20 16:47:03.901 17031 17071 I Finsky:background: [1322] playLoggingServerUrl: https://play.googleapis.com/play/log
09-20 16:47:03.902 17031 17071 I Finsky:background: [1322] playLoggingServerTimestampUrl: https://play.googleapis.com/play/log/timestamp
09-20 16:47:03.939 17031 17088 I PlayCommon: [1333] Preparing logs for uploading
09-20 16:47:03.950 17031 17088 I PlayCommon: [1333] Connecting to server for timestamp: https://play.googleapis.com/play/log/timestamp
09-20 16:47:04.210 17031 17088 I PlayCommon: [1333] Connecting to server: https://play.googleapis.com/play/log?format=raw&proto_v2=true
09-20 16:47:04.288 17031 17088 I PlayCommon: [1333] Successfully uploaded logs.
09-20 16:47:04.310 17031 17071 I Finsky:background: [1322] GUC: Successfully uploaded usage to Odyssey for account [UfTLEXxmy_GVP0v50CGiDutBTFOD1tGJGi7QclcSQcs]
09-20 16:47:04.317 17031 17071 I Finsky:background: [1322] GUC: ValueStore cleanup finished.
09-20 16:47:04.317 17031 17071 I Finsky:background: [1322] GUC: Upload part finished.
09-20 16:47:04.334 17031 17071 I Finsky:background: [1322] SCH: jobFinished: 59-1. TimeElapsed: 803ms.
09-20 16:47:04.335 17031 17071 I Finsky:background: [1322] WM::SCH: Logging work end for 59-1
09-20 16:47:04.341 17031 17059 I Finsky:background: [1310] SCH: Attempting to reschedule job: Id: 59-1, Constraints: [{ L: 10122520, D: 20262520, C: CHARGING_NONE, I: IDLE_NONE, N: NET_ANY, B: BATTERY_ANY }]
09-20 16:47:04.349 17031 17055 I Finsky:background: [1306] SCH: no pending jobs to schedule.
09-20 16:47:04.350 17031 17057 I Finsky:background: [1308] SCH: job service finished with id 10344.
09-20 16:47:04.495 17031 17048 I Finsky:background: [1299] WM::SCH: Logging work initialize for 59-1
09-20 16:47:04.502 17031 17052 I Finsky:background: [1303] SCH: Scheduling phonesky job Id: 59-1, CT: 1789940824342, Constraints: [{ L: 10122520, D: 20262520, C: CHARGING_NONE, I: IDLE_NONE, N: NET_ANY, B: BATTERY_ANY }]
09-20 16:47:04.508 17031 17055 I Finsky:background: [1306] SCH: Scheduling 1 system job(s)
09-20 16:47:04.508 17031 17055 I Finsky:background: [1306] SCH: Scheduling system job Id: 10346, L: 10122354, D: 20262354, C: false, I: false, N: 1
09-20 16:47:04.961  1536  3266 I vendor.qti.bluetooth@1.0-ibs_handler: ProcessIbsCmd: Received IBS_WAKE_IND: 0xFD
09-20 16:47:04.962  1536  3266 D vendor.qti.bluetooth@1.0-ibs_handler: SerialClockVote: vote for UART CLK ON
09-20 16:47:04.966  1536  3266 D vendor.qti.bluetooth@1.0-wake_lock: Acquire wakelock is acquired 
09-20 16:47:04.966  1536  3266 I vendor.qti.bluetooth@1.0-ibs_handler: ProcessIbsCmd: Writing IBS_WAKE_ACK
09-20 16:47:04.997 20868 16994 I NearbyMediums: Triggered instant on lost for service id : NearbySharing with hash [ 0x29 0x23 0xc7 0x94 ]
09-20 16:47:04.998 20868 17095 I NearbyConnections: Processing instant lost on BlePeripheral BlePeripheral{advertisement=BleAdvertisement { version=2, socketVersion=2, isFast=true, serviceIdHash=null, data=[ 0x23 0x49 0x55 0x41 0x57 0x11 0x32 0xed 0x0e 0x66 0xbd 0x88 0x34 0x13 0x97 0xae 0x7e 0xfd 0x60 0x1f 0x7e 0xbb 0x46 ], deviceToken=[ 0x7f 0xa7 ], rxAdvertisement=null }, dctAdvertisement=null, address=null, psm=0, deviceToken=<ByteString@4ab25d0 size=2 contents="\177\247">, isSecondProfile=false, rxInstantConnectionAdv=null}.
09-20 16:47:05.002 20868 17095 I NearbyConnections: Remove entry from BleAdvertisementProcessor bleEndpoints.
09-20 16:47:05.003 20868 17095 I NearbyConnections: Unable to record lost endpoint due to null currentDiscoveryPhase
09-20 16:47:05.003 20868 17095 I NearbyConnections: ClientProxy(47025994) reporting onEndpointLost(IUAW)
09-20 16:47:05.005 20868 17096 I NearbySharing: NearbySharing Internal event EndpointLost(endpointId=IUAW)
09-20 16:47:05.005 20868 17095 I NearbySharing: [NS_DISCOVERY] DiscoveryController reported Lost(endpointId=IUAW)
09-20 16:47:05.007  1536  3266 I vendor.qti.bluetooth@1.0-ibs_handler: ProcessIbsCmd: Received IBS_SLEEP_IND: 0xFE
09-20 16:47:05.007  1536  3266 D vendor.qti.bluetooth@1.0-ibs_handler: SerialClockVote: vote for UART CLK OFF
09-20 16:47:05.158  1536  3065 D vendor.qti.bluetooth@1.0-wake_lock: Release wakelock is released 
09-20 16:47:05.508 20868 17095 I NearbySharing: [NS_CONTROL] DiscoveryStateManager emitted ReportLost(id=1).
09-20 16:47:05.509 20868 17095 I NearbySharing: NearbySharing Internal event ReceiverLost(receiverId=1)
09-20 16:47:05.509 20868 17096 I NearbySharing: SendProvider: SendManager event Lost(receiverId=1)
09-20 16:47:05.511 20868 16994 I NearbySharing: ShareTargetDiscoveredCallback: onShareTargetLost()
09-20 16:47:05.519 20868 20868 I NearbySharing: ShortcutInfoManager removed shortcut teléfono de Julian
09-20 16:47:05.519  2305  2338 W NotificationHistory: Attempted to remove conversation for locked/gone/disabled user 0
09-20 16:47:05.844  2305  2665 D WifiStaIfaceHidlImpl: getCachedScanData is not implemented by HIDL
09-20 16:47:06.272  1536  3266 I vendor.qti.bluetooth@1.0-ibs_handler: ProcessIbsCmd: Received IBS_WAKE_IND: 0xFD
09-20 16:47:06.272  1536  3266 D vendor.qti.bluetooth@1.0-ibs_handler: SerialClockVote: vote for UART CLK ON
09-20 16:47:06.276  1536  3266 D vendor.qti.bluetooth@1.0-wake_lock: Acquire wakelock is acquired 
09-20 16:47:06.276  1536  3266 I vendor.qti.bluetooth@1.0-ibs_handler: ProcessIbsCmd: Writing IBS_WAKE_ACK
09-20 16:47:06.286 20868 16994 I NearbyConnections: Found BleAdvertisement [ 0x23 0x4f 0x4d 0x31 0x56 0x11 0x32 0xbd 0xa1 0x80 0x4b 0x13 0x96 0xd4 0xbf 0x53 0x24 0x45 0x91 0x79 0x33 0x54 0x6d ] (with EndpointId OM1V and EndpointInfo [ 0x32 0xbd 0xa1 0x80 0x4b 0x13 0x96 0xd4 0xbf 0x53 0x24 0x45 0x91 0x79 0x33 0x54 0x6d ])
09-20 16:47:06.287 20868 16994 I NearbyConnections: Unable to record discovered endpoint due to null currentDiscoveryPhase
09-20 16:47:06.288 20868 16994 I NearbyConnections: ClientProxy(47025994 0p:com.google.android.gms.nearby.sharing) reporting onEndpointFound(OM1V)
09-20 16:47:06.288 20868 16994 I NearbyConnections: ClientProxy(47025994) reporting onEndpointDistanceChanged(OM1V, UNKNOWN)
09-20 16:47:06.295 20868 16994 I NearbySharing: NearbySharing Internal event EndpointDiscovered(endpointId=OM1V)
09-20 16:47:06.320  1536  3266 I vendor.qti.bluetooth@1.0-ibs_handler: ProcessIbsCmd: Received IBS_SLEEP_IND: 0xFE
09-20 16:47:06.321 20868 17095 I NearbySharing: [NS_DISCOVERY] DiscoveryController reported Discovered(endpointId=OM1V, metadata=DeviceMetadata(version=1, deviceType=1, deviceName=<redacted>, displayName=<redacted>, modelName=Pixel 9a, imageUri=<redacted>, isSelfShare=true, isFamilyShare=false, isKnown=true, bluetoothMacAddress=<redacted>, vendorId=0, matchesLocalQrCode=false, devicePairingBindingIds=<redacted>))
09-20 16:47:06.321  1536  3266 D vendor.qti.bluetooth@1.0-ibs_handler: SerialClockVote: vote for UART CLK OFF
09-20 16:47:06.321 20868 17095 I NearbySharing: [NS_DEBUG] Dedupped: same endpoint ID OM1V
09-20 16:47:06.321 20868 17095 I NearbySharing: [NS_DEBUG] previous receiver info ReceiverInfo(endpointIds=[DiscoveryEndpoint(id=OM1V, origin=NEARBY_CONNECTIONS)], metadata=DeviceMetadata(version=1, deviceType=1, deviceName=<redacted>, displayName=<redacted>, modelName=Pixel 9a, imageUri=<redacted>, isSelfShare=true, isFamilyShare=false, isKnown=true, bluetoothMacAddress=<redacted>, vendorId=0, matchesLocalQrCode=false, devicePairingBindingIds=<redacted>), state=Tomb(delayedStateChangeJob=kcrb{Active}@b1413a6))
09-20 16:47:06.322 20868 17095 I NearbySharing: NearbySharing Internal event ReceiverEndpointMapping(endpointId=OM1V, receiverId=3)
09-20 16:47:06.324 20868 17097 I NearbySharing: [NS_CONTROL] DiscoveryStateManager emitted ReportDiscovered(id=3, metadata=DeviceMetadata(version=1, deviceType=1, deviceName=<redacted>, displayName=<redacted>, modelName=Pixel 9a, imageUri=<redacted>, isSelfShare=true, isFamilyShare=false, isKnown=true, bluetoothMacAddress=<redacted>, vendorId=0, matchesLocalQrCode=false, devicePairingBindingIds=<redacted>)).
09-20 16:47:06.324 20868 17097 I NearbySharing: NearbySharing Internal event ReceiverDiscovered(receiverId=3, deviceName=Pixel 9a, isKnown=true, isSelfShare=true, deviceType=1, hasMatchingQrCode=false, isExternal=false, providerName=null, providerId=null, cloudReceiverSessionId=null, cloudSharingId=null)
09-20 16:47:06.325 20868 17095 I NearbySharing: SendProvider: SendManager event Discovered(receiverId=3, receiverMetadata=DeviceMetadata(version=1, deviceType=1, deviceName=<redacted>, displayName=<redacted>, modelName=Pixel 9a, imageUri=<redacted>, isSelfShare=true, isFamilyShare=false, isKnown=true, bluetoothMacAddress=<redacted>, vendorId=0, matchesLocalQrCode=false, devicePairingBindingIds=<redacted>))
09-20 16:47:06.326 20868 17095 I NearbySharing: SendProvider: SendManager event DistanceChanged(receiverId=3, distance=1, rangingData=null)
09-20 16:47:06.326 20868 17097 I NearbySharing: ShareTargetDiscoveredCallback: onShareTargetDiscovered()
09-20 16:47:06.326 20868 17097 I NearbySharing: ShareTargetDiscoveredCallback: onShareTargetDistanceChanged() with distance: 1, rangingData: null
09-20 16:47:06.331  1536  3266 I vendor.qti.bluetooth@1.0-ibs_handler: ProcessIbsCmd: Received IBS_WAKE_IND: 0xFD
09-20 16:47:06.332  1536  3266 D vendor.qti.bluetooth@1.0-ibs_handler: SerialClockVote: vote for UART CLK ON
09-20 16:47:06.332  1536  3266 I vendor.qti.bluetooth@1.0-ibs_handler: ProcessIbsCmd: Writing IBS_WAKE_ACK
09-20 16:47:06.337  2305  2720 D BackgroundInstallControlService: Package event received: 0
09-20 16:47:06.341 20868 20868 I NearbySharing: ShortcutInfoManager added shortcut Pixel 9a
09-20 16:47:06.343 20868 17096 I NearbyMediums: This GATT advertisement BleAdvertisement { version=2, socketVersion=2, isFast=true, serviceIdHash=null, data=[ 0x23 0x53 0x35 0x4f 0x4d 0x11 0x32 0x19 0x73 0x3a 0x7b 0xdb 0x47 0x89 0xfd 0xc3 0xee 0xd7 0x19 0x6f 0xc7 0x2a 0x7a ], deviceToken=[ 0x7f 0xa7 ], rxAdvertisement=null } is a Fast Advertisement and matched UUID 0000fef3-0000-1000-8000-00805f9b34fb in fastAdvertisementServiceUuids map with serviceID NearbySharing
09-20 16:47:06.345 20868 17097 I NearbyConnections: Found BleAdvertisement [ 0x23 0x53 0x35 0x4f 0x4d 0x11 0x32 0x19 0x73 0x3a 0x7b 0xdb 0x47 0x89 0xfd 0xc3 0xee 0xd7 0x19 0x6f 0xc7 0x2a 0x7a ] (with EndpointId S5OM and EndpointInfo [ 0x32 0x19 0x73 0x3a 0x7b 0xdb 0x47 0x89 0xfd 0xc3 0xee 0xd7 0x19 0x6f 0xc7 0x2a 0x7a ])
09-20 16:47:06.347 20868 17097 I NearbyConnections: Unable to record discovered endpoint due to null currentDiscoveryPhase
09-20 16:47:06.347 20868 17097 I NearbyConnections: ClientProxy(47025994 0p:com.google.android.gms.nearby.sharing) reporting onEndpointFound(S5OM)
09-20 16:47:06.348 20868 17097 I NearbyConnections: ClientProxy(47025994) reporting onEndpointDistanceChanged(S5OM, UNKNOWN)
09-20 16:47:06.349 20868 17097 I NearbySharing: NearbySharing Internal event EndpointDiscovered(endpointId=S5OM)
09-20 16:47:06.372 20868 16994 I NearbySharing: [NS_DISCOVERY] DiscoveryController reported Discovered(endpointId=S5OM, metadata=DeviceMetadata(version=1, deviceType=1, deviceName=<redacted>, displayName=<redacted>, modelName=Redmi Note 8, imageUri=<redacted>, isSelfShare=true, isFamilyShare=false, isKnown=true, bluetoothMacAddress=<redacted>, vendorId=0, matchesLocalQrCode=false, devicePairingBindingIds=<redacted>))
09-20 16:47:06.372 20868 16994 I NearbySharing: [NS_DEBUG] Dedupped: same shared credential for endpoint ID S5OM
09-20 16:47:06.372 20868 16994 I NearbySharing: [NS_DEBUG] previous receiver info ReceiverInfo(endpointIds=[DiscoveryEndpoint(id=IUAW, origin=NEARBY_CONNECTIONS)], metadata=DeviceMetadata(version=1, deviceType=1, deviceName=<redacted>, displayName=<redacted>, modelName=Redmi Note 8, imageUri=<redacted>, isSelfShare=true, isFamilyShare=false, isKnown=true, bluetoothMacAddress=<redacted>, vendorId=0, matchesLocalQrCode=false, devicePairingBindingIds=<redacted>), state=Tomb(delayedStateChangeJob=kcrb{Active}@ffba300))
09-20 16:47:06.372 20868 16994 I NearbySharing: NearbySharing Internal event ReceiverEndpointMapping(endpointId=S5OM, receiverId=1)
09-20 16:47:06.373  1536  3266 I vendor.qti.bluetooth@1.0-ibs_handler: ProcessIbsCmd: Received IBS_SLEEP_IND: 0xFE
09-20 16:47:06.373  1536  3266 D vendor.qti.bluetooth@1.0-ibs_handler: SerialClockVote: vote for UART CLK OFF
09-20 16:47:06.374 20868 17097 I NearbySharing: [NS_CONTROL] DiscoveryStateManager emitted ReportDiscovered(id=1, metadata=DeviceMetadata(version=1, deviceType=1, deviceName=<redacted>, displayName=<redacted>, modelName=Redmi Note 8, imageUri=<redacted>, isSelfShare=true, isFamilyShare=false, isKnown=true, bluetoothMacAddress=<redacted>, vendorId=0, matchesLocalQrCode=false, devicePairingBindingIds=<redacted>)).
09-20 16:47:06.375 20868 17097 I NearbySharing: NearbySharing Internal event ReceiverDiscovered(receiverId=1, deviceName=teléfono de Julian, isKnown=true, isSelfShare=true, deviceType=1, hasMatchingQrCode=false, isExternal=false, providerName=null, providerId=null, cloudReceiverSessionId=null, cloudSharingId=null)
09-20 16:47:06.375 20868 16994 I NearbySharing: SendProvider: SendManager event Discovered(receiverId=1, receiverMetadata=DeviceMetadata(version=1, deviceType=1, deviceName=<redacted>, displayName=<redacted>, modelName=Redmi Note 8, imageUri=<redacted>, isSelfShare=true, isFamilyShare=false, isKnown=true, bluetoothMacAddress=<redacted>, vendorId=0, matchesLocalQrCode=false, devicePairingBindingIds=<redacted>))
09-20 16:47:06.376 20868 16994 I NearbySharing: SendProvider: SendManager event DistanceChanged(receiverId=1, distance=1, rangingData=null)
09-20 16:47:06.376 20868 17097 I NearbySharing: ShareTargetDiscoveredCallback: onShareTargetDiscovered()
09-20 16:47:06.377 20868 17097 I NearbySharing: ShareTargetDiscoveredCallback: onShareTargetDistanceChanged() with distance: 1, rangingData: null
09-20 16:47:06.387 20868 20868 I NearbySharing: ShortcutInfoManager added shortcut teléfono de Julian
09-20 16:47:06.523  1536  3065 D vendor.qti.bluetooth@1.0-wake_lock: Release wakelock is released 
09-20 16:47:06.198     0     0 E PL_DISABLE: CHG_STATE_VOTER,0 same vote on of val=1
09-20 16:47:06.198     0     0 E PL_DISABLE: CHG_STATE_VOTER,0 Ignoring similar vote on of val=1
09-20 16:47:06.199     0     0 E PL_ENABLE_INDIRECT: USBIN_I_VOTER,0 same vote off of val=0
09-20 16:47:06.199     0     0 E PL_ENABLE_INDIRECT: USBIN_I_VOTER,0 Ignoring similar vote off of val=0
09-20 16:47:06.199     0     0 E PL_DISABLE: PL_FCC_LOW_VOTER,10 same vote off of val=0
09-20 16:47:06.199     0     0 E PL_DISABLE: PL_FCC_LOW_VOTER,10 Ignoring similar vote off of val=0
09-20 16:47:06.199     0     0 E         : ========2222========usb charge===============
09-20 16:47:06.199     0     0 E         : ========2222========usb charge===============
09-20 16:47:06.199     0     0 E USB_ICL_IRQ_DISABLE: USB_SUSPEND_VOTER,0 same vote off of val=0
09-20 16:47:06.199     0     0 E USB_ICL_IRQ_DISABLE: USB_SUSPEND_VOTER,0 Ignoring similar vote off of val=0
09-20 16:47:06.199     0     0 E FCC_MAIN: MAIN_FCC_VOTER,0 same vote on of val=4500000
09-20 16:47:06.199     0     0 E FCC_MAIN: MAIN_FCC_VOTER,0 Ignoring similar vote on of val=4500000
09-20 16:47:06.201     0     0 E PL_DISABLE: ICL_LIMIT_VOTER,9 same vote off of val=0
09-20 16:47:06.201     0     0 E PL_DISABLE: ICL_LIMIT_VOTER,9 Ignoring similar vote off of val=0
09-20 16:47:06.210     0     0 I         : ///PD dbg info 130d
09-20 16:47:06.210     0     0 I <3295347.099>TCPC-TCPC: bat_update_work_func battery update soc = 100
09-20 16:47:06.210     0     0 I <3295347.099>TCPC-TCPC: bat_update_work_func Battery Chargin
09-20 16:47:06.210     0     0 I         : g
09-20 16:47:06.218     0     0 E CHG_DISABLE: JEITA_VOTER,3 same vote off of val=0
09-20 16:47:06.218     0     0 E CHG_DISABLE: JEITA_VOTER,3 Ignoring similar vote off of val=0
09-20 16:47:06.218     0     0 E FCC     : JEITA_VOTER,3 same vote on of val=4500000
09-20 16:47:06.218     0     0 E FCC     : JEITA_VOTER,3 Ignoring similar vote on of val=4500000
09-20 16:47:06.218     0     0 E USB_ICL : JEITA_VOTER,15 same vote off of val=0
09-20 16:47:06.218     0     0 E USB_ICL : JEITA_VOTER,15 Ignoring similar vote off of val=0
09-20 16:47:06.218     0     0 E FV      : JEITA_VOTER,3 same vote on of val=4400000
09-20 16:47:06.218     0     0 E FV      : JEITA_VOTER,3 Ignoring similar vote on of val=4400000
09-20 16:47:06.218     0     0 E FCC     : STEP_CHG_VOTER,4 same vote off of val=0
09-20 16:47:06.218     0     0 E FCC     : STEP_CHG_VOTER,4 Ignoring similar vote off of val=0
09-20 16:47:06.245     0     0 E QG-K    : qg_status_change_work: disable health is warm, set fv to 4200000
09-20 16:47:06.245     0     0 E FV      : ADJUST_FV_VOTER,4 same vote off of val=0
09-20 16:47:06.245     0     0 E FV      : ADJUST_FV_VOTER,4 Ignoring similar vote off of val=0
09-20 16:47:06.317     0     0 W healthd : battery l=100 v=4305 t=25.7 h=2 st=2 c=265000 fc=7506000 cc=19 chg=u
09-20 16:47:08.076 20868  5132 W AOSP-MdnsDiscoveryManag: Error while decoding multicast packet (4610): 1 [CONTEXT service_id=168 ]
09-20 16:47:08.077 20868  5132 W AOSP-MdnsDiscoveryManag: Error while decoding multicast packet (4611): 1 [CONTEXT service_id=168 ]
09-20 16:47:08.867  2305  2665 D WifiStaIfaceHidlImpl: getCachedScanData is not implemented by HIDL
09-20 16:47:09.100 20868  5132 W AOSP-MdnsDiscoveryManag: Error while decoding multicast packet (4612): 1 [CONTEXT service_id=168 ]
09-20 16:47:09.147 17100 17100 W screencap: Thread Pool max thread count is 0. Cannot cache binder as linkToDeath cannot be implemented. serviceName: SurfaceFlingerAIDL
09-20 16:47:09.148 17100 17100 W libbinder.BpBinder: Linking to death on android.gui.ISurfaceComposer but there are no threads (yet?) listening to incoming transactions. See ProcessState::startThreadPool and ProcessState::setThreadPoolMaxThreadCount. Generally you should setup the binder threadpool before other initialization steps.
09-20 16:47:09.148 17100 17100 W libbinder.ProcessState: Extra binder thread started, but 0 threads requested. Do not use *startThreadPool when zero threads are requested.
09-20 16:47:07.677     0     0 I binder  : 17100:17100 ioctl 40046210 7fc1f20164 returned -22
09-20 16:47:09.177 17100 17101 W GraphicBufferMapper: Forcing legacy gralloc mapper
09-20 16:47:09.179   611   611 I hwservicemanager: getTransport: Cannot find entry android.hardware.graphics.mapper@2.0::IMapper/default in either framework or device VINTF manifest.
09-20 16:47:09.180 17100 17101 W Gralloc2: mapper 2.x is not supported
09-20 16:47:07.709     0     0 I binder  : 17100:17101 ioctl 40046210 737e971854 returned -22
09-20 16:47:07.714     0     0 I servicemanager: Caller(pid=17100,uid=2000,sid=u:r:shell:s0) Could not find android.hardware.graphics.allocator.IAllocator/default in the VINTF manifest. No alternative instances declared in VINTF.
09-20 16:47:09.204 20868  5132 W AOSP-MdnsDiscoveryManag: Error while decoding multicast packet (4613): 1 [CONTEXT service_id=168 ]
09-20 16:47:07.765     0     0 I servicemanager: Caller(pid=17100,uid=2000,sid=u:r:shell:s0) Could not find android.hardware.graphics.allocator.IAllocator/default in the VINTF manifest. No alternative instances declared in VINTF.
09-20 16:47:09.613 20868 17095 I NearbySharing: ReceiveProvider: Received request to stop advertising.
09-20 16:47:09.613 20868 17095 I NearbySharing: Advertising has stopped
09-20 16:47:09.614 20868 17097 I NearbySharing: NearbySharing Internal event ReceiveManagerStopBroadcast
09-20 16:47:09.619 20868 16994 I NearbySharing: [ClearcutLog] ADVERTISE_DEVICE_PRESENCE_END sessionId=0 flowId=8886613570603213656 
09-20 16:47:09.637 20868 17097 I NearbySharing: NearbySharing Internal event ReceiveManagerEnd
09-20 16:47:09.637 20868 20884 I NearbyConnections: Client 47025994 requested advertising to stop.
09-20 16:47:09.643 20868 17095 I NearbySharing: Start advertising with mode BACKGROUND certificate visibility ALL_CONTACTS data usage preference ONLINE, bt advertising false, vendorId 0, deviceName included: false
09-20 16:47:09.643 20868 17095 I NearbySharing: Uwb feature is off.
09-20 16:47:09.643 20868 17096 I NearbySharing: Failed to log ADVERTISE_DEVICE_PRESENCE_END, due to clearcutLogger is null.
09-20 16:47:09.643 20868 17095 I NearbySharing: Updating advertising options for [ejry@756b370, eevv@fe10d80] providers
09-20 16:47:09.648 20868 17095 I NearbySharing: ReceiveProvider: Received request to start advertising.
09-20 16:47:09.657  2885  3282 I bt_shim_advertiser: system/main/shim/le_advertising_manager.cc:80 Unregister: in shim layer
09-20 16:47:09.657  2885  3281 I bluetooth: bluetooth_core::gatt::server::isolation_manager: removing server (if any) associated with advertiser AdvertiserId(4)
09-20 16:47:09.659  1536  1536 D vendor.qti.bluetooth@1.0-ibs_handler: SerialClockVote: vote for UART CLK ON
09-20 16:47:09.662 20868 17095 I NearbySharing: Advertising has started with mode BACKGROUND, Bt enabled : false
09-20 16:47:09.662  1536  1536 D vendor.qti.bluetooth@1.0-wake_lock: Acquire wakelock is acquired 
09-20 16:47:09.662  1536  1536 I vendor.qti.bluetooth@1.0-ibs_handler: DeviceWakeUp: Writing IBS_WAKE_IND
09-20 16:47:09.663  2885  3282 I bt_shim_advertiser: system/main/shim/le_advertising_manager.cc:80 Unregister: in shim layer
09-20 16:47:09.663  2885  3281 I bluetooth: bluetooth_core::gatt::server::isolation_manager: removing server (if any) associated with advertiser AdvertiserId(3)
09-20 16:47:09.666  1536  3266 I vendor.qti.bluetooth@1.0-ibs_handler: ProcessIbsCmd: Received IBS_WAKE_ACK: 0xFC
09-20 16:47:09.667  1536  3266 I vendor.qti.bluetooth@1.0-ibs_handler: ProcessIbsCmd: Received IBS_WAKE_IND: 0xFD
09-20 16:47:09.667  1536  3266 I vendor.qti.bluetooth@1.0-ibs_handler: ProcessIbsCmd: Writing IBS_WAKE_ACK
09-20 16:47:09.668 20868 17096 D BluetoothAdapter: isLeEnabled(): ON
09-20 16:47:09.679  2885  3282 I bt_shim_advertiser: system/main/shim/le_advertising_manager.cc:161 StartAdvertisingSet: in shim layer
09-20 16:47:09.679  2885  3282 I bt_shim_advertiser: system/main/shim/le_advertising_manager.cc:188 StartAdvertisingSet: create advertising set, client_id:255, reg_id:-15955
09-20 16:47:09.679  2885  3060 I bluetooth: system/gd/hci/le_advertising_manager_impl.cc:662 create_extended_advertiser_with_id: Scheduling address rotation for advertiser_id=2
09-20 16:47:09.679  2885  3060 I bluetooth: system/gd/hci/le_address_manager.cc:575 GetNextPrivateAddressIntervalRange: client=advertising_set_2, nonwake=8m48s, wake=13m36s
09-20 16:47:09.683  2885  3060 I bluetooth: system/gd/hci/le_advertising_manager_impl.cc:1741 on_set_advertising_set_random_address_complete: update random address for advertising set 2 : xx:xx:xx:xx:59:65
09-20 16:47:09.688 20868 20868 I NearbyMediums: [InstantOnLostManager] Start instant onLost extended advertising, hashes = [ 0x86 0x16 0xc9 0xe8 ].
09-20 16:47:09.688 20868 17096 I NearbyMediums: Successfully stopped BLE advertising for service NearbySharing
09-20 16:47:09.690 20868 17096 D BluetoothSocket: close() this: XX:XX:XX:XX:7D:CD, channel: 10, mSocketIS: android.net.LocalSocketImpl$SocketInputStream@9d9d9f4, mSocketOS: android.net.LocalSocketImpl$SocketOutputStream@8e2551d, mSocket: android.net.LocalSocket@63e7163 impl:android.net.LocalSocketImpl@4b4a160 fd:java.io.FileDescriptor@a542619, mSocketState: LISTENING
09-20 16:47:09.691 20868 17096 I NearbyMediums: Stopped accepting Bluetooth Classic connections for NearbySharing.
09-20 16:47:09.691  2885  3289 I bt_btif_sock_rfcomm: system/btif/src/btif_sock_rfc.cc:544 cleanup_rfc_slot: disconnected from RFCOMM socket connections for device: 00:00:00:00:00:00, scn: 10, app_uid: 10234, slot_id: 6010, socket_id: 0
09-20 16:47:09.691  2885  3289 I bt_bta_dm: system/bta/dm/bta_dm_act.cc:1082 bta_dm_set_eir: Generating extended inquiry response packet EIR
09-20 16:47:09.691 20868 14659 D BluetoothSocket: close() this: XX:XX:XX:XX:7D:CD, channel: 10, mSocketIS: android.net.LocalSocketImpl$SocketInputStream@9d9d9f4, mSocketOS: android.net.LocalSocketImpl$SocketOutputStream@8e2551d, mSocket: null, mSocketState: CLOSED
09-20 16:47:09.691  2885  3054 I bt_port_api: system/stack/rfcomm/port_api.cc:353 RFCOMM_RemoveServer: handle=1
09-20 16:47:09.692  2305  2675 I serviceDiscovery: [MdnsAdvertiser] Removing service with ID 1319
09-20 16:47:09.693  2305  3939 I WifiService: releaseMulticastLock uid=10234 lockTag=nearby-connections-227694066
09-20 16:47:09.695 20868 17096 I Nearby  : NsdManagerCompat released multicast lock 227694066. [CONTEXT service_id=49 ]
09-20 16:47:09.695 20868 17096 I NearbyMediums: Stopped Wifi LAN advertising.
09-20 16:47:09.696 20868 17096 I NearbyMediums: Stopped listening for incoming Wifi Lan connections.
09-20 16:47:09.701 20868 17096 I NearbyMediums: Can't stop accepting WiFi connections because it was never started.
09-20 16:47:09.702 20868 17096 I NearbyMediums: Can't stop NFC advertising because it was never started.
09-20 16:47:09.702 20868 17096 I NearbyMediums: Skipping stop accepting connections: we are not currently accepting WebRTC connections for NearbySharing.
09-20 16:47:09.703 20868 17096 I NearbyMediums: [WifiNetworkV2] WifiStatusChangedCallback unregistered for NearbySharing (wifiStatusChangedCallbacks.size:0)
09-20 16:47:09.703 20868 10616 E NearbyMediums: MEDIUM_ERROR [SYSTEM][WIFI_LAN][START_LISTENING_INCOMING_CONNECTION][ACCEPT_CONNECTION_FAILED][SOCKET_CLOSED], service-id=NearbySharing
09-20 16:47:09.703 20868 10616 E NearbyMediums: Extra Sensitive/PII message : Socket closed
09-20 16:47:09.714 20868 17097 I NearbySharing: Loading certificates with visibility ALL_CONTACTS
09-20 16:47:09.718 20868 17097 I NearbySharing: Saving the private certificate to file nearby_sharing_private_certificate_file_for_all_contacts.
09-20 16:47:09.719 20868 17096 I Nearby  : Successfully shutdown executor AnalyticsRecorder.analyticsExecutor. [CONTEXT service_id=49 ]
09-20 16:47:09.721 20868 17096 I NearbyMediums: Stopped BLE scanning, service-id=NearbyConnections.TxAdvertisement
09-20 16:47:09.722 20868 17096 I NearbyConnections: [InstantConnectionPcpMgr] In invalidateTxAdvertisementScanning(by stopAdvertising) tx advertisement scanning skipped or stopped for endpointId:MVRK serviceId:NearbySharing isScreenUnlocked:true isAdvertising:false powerLevel:BALANCED isTxScanning:true
09-20 16:47:09.733  1536  3266 I vendor.qti.bluetooth@1.0-ibs_handler: ProcessIbsCmd: Received IBS_SLEEP_IND: 0xFE
09-20 16:47:09.757 20868 17097 I NearbySharing: Network state changed: NetworkState(isRestricted=false, isOnline=true, isCongested=false, isMetered=false, isWifiConnected=true)
09-20 16:47:09.758 20868 17097 I NearbySharing: Network state changed: NetworkState(isRestricted=false, isOnline=true, isCongested=false, isMetered=false, isWifiConnected=true)
09-20 16:47:09.760 20868 20884 I NearbyConnections: ClientProxy(0p:com.google.android.gms.nearby.sharing) allow WebRtc to use mobile data.
09-20 16:47:09.760 20868 20884 I NearbyConnections: Client 47025994 requested advertising to start.
09-20 16:47:09.761 20868 17097 I NearbyConnections: 47025994 0p:com.google.android.gms.nearby.sharing startAdvertising in nc mode.
09-20 16:47:09.763 20868 17102 I Nearby  : Note nearby client com.google.android.gms for operation android:bluetooth_advertise [CONTEXT service_id=49 ]
09-20 16:47:09.780 20868 17102 I NearbyConnections: Instant Connection Security key rotated.
09-20 16:47:09.780 20868 17102 I NearbyConnections: Scheduled invalidation of the HPKE key alarm (delayMillis:8000) for client 47025994
09-20 16:47:09.783 20868 17102 I NearbyConnections: Get local endpoint id from random generation G2XK (last:null) for client 47025994
09-20 16:47:09.787 20868 17102 I NearbyMediums: Started BLE scanning, service-id=NearbyConnections.TxAdvertisement, is-extended-advert=true, power-level=2, scan-mode=3
09-20 16:47:09.788 20868 17102 I NearbyConnections: [InstantConnectionPcpMgr] In invalidateTxAdvertisementScanning(by pre_startAdvertising) tx advertisement scanning successfully started for enpointId:G2XK serviceId:NearbySharing isScreenUnlocked:true powerLevel:BALANCED
09-20 16:47:09.788 20868 17102 I NearbyConnections: [PcpManager] In startAdvertising() advertisingMediums:[WIFI_DIRECT, WIFI_HOTSPOT, WIFI_AWARE, WIFI_LAN, BLE] upgradeMediums:[USB, WIFI_LAN, WIFI_DIRECT, WIFI_AWARE, WIFI_HOTSPOT, WEB_RTC, BLE_L2CAP, BLUETOOTH, BLE, NFC] listener:150650896
09-20 16:47:09.789 20868 17102 I NearbyConnections: Get local endpoint id from the existing localEndpointId:G2XK (last:null) for client 47025994(0p:com.google.android.gms.nearby.sharing)
09-20 16:47:09.808 20868 17102 I NearbyMediums: Querying wifi usable channels failed with exception [CONTEXT service_id=54 ]
09-20 16:47:09.808 20868 17102 I NearbyMediums: java.lang.UnsupportedOperationException
09-20 16:47:09.808 20868 17102 I NearbyMediums: 	at android.os.Parcel.createExceptionOrNull(Parcel.java:3367)
09-20 16:47:09.808 20868 17102 I NearbyMediums: 	at android.os.Parcel.createException(Parcel.java:3339)
09-20 16:47:09.808 20868 17102 I NearbyMediums: 	at android.os.Parcel.readException(Parcel.java:3322)
09-20 16:47:09.808 20868 17102 I NearbyMediums: 	at android.os.Parcel.readException(Parcel.java:3264)
09-20 16:47:09.808 20868 17102 I NearbyMediums: 	at android.net.wifi.IWifiManager$Stub$Proxy.getUsableChannels(IWifiManager.java:6511)
09-20 16:47:09.808 20868 17102 I NearbyMediums: 	at android.net.wifi.WifiManager.getUsableChannels(WifiManager.java:11468)
09-20 16:47:09.808 20868 17102 I NearbyMediums: 	at ebim.x(:com.google.android.gms@263632035@26.36.32 (260400-982000378):21)
09-20 16:47:09.808 20868 17102 I NearbyMediums: 	at ebim.t(:com.google.android.gms@263632035@26.36.32 (260400-982000378):22)
09-20 16:47:09.808 20868 17102 I NearbyMediums: 	at dwzc.E(:com.google.android.gms@263632035@26.36.32 (260400-982000378):8)
09-20 16:47:09.808 20868 17102 I NearbyMediums: 	at dxfx.aB(:com.google.android.gms@263632035@26.36.32 (260400-982000378):27)
09-20 16:47:09.808 20868 17102 I NearbyMediums: 	at dxfx.aw(:com.google.android.gms@263632035@26.36.32 (260400-982000378):241)
09-20 16:47:09.808 20868 17102 I NearbyMediums: 	at dxfx.H(:com.google.android.gms@263632035@26.36.32 (260400-982000378):130)
09-20 16:47:09.808 20868 17102 I NearbyMediums: 	at dxav.call(:com.google.android.gms@263632035@26.36.32 (260400-982000378):132)
09-20 16:47:09.808 20868 17102 I NearbyMediums: 	at java.util.concurrent.FutureTask.run(FutureTask.java:317)
09-20 16:47:09.808 20868 17102 I NearbyMediums: 	at bpyk.d(:com.google.android.gms@263632035@26.36.32 (260400-982000378):50)
09-20 16:47:09.808 20868 17102 I NearbyMediums: 	at bpyk.c(:com.google.android.gms@263632035@26.36.32 (260400-982000378):6)
09-20 16:47:09.808 20868 17102 I NearbyMediums: 	at bpyk.run(:com.google.android.gms@263632035@26.36.32 (260400-982000378):33)
09-20 16:47:09.808 20868 17102 I NearbyMediums: 	at java.util.concurrent.ThreadPoolExecutor.runWorker(ThreadPoolExecutor.java:1154)
09-20 16:47:09.808 20868 17102 I NearbyMediums: 	at java.util.concurrent.ThreadPoolExecutor$Worker.run(ThreadPoolExecutor.java:652)
09-20 16:47:09.808 20868 17102 I NearbyMediums: 	at bqem.run(:com.google.android.gms@263632035@26.36.32 (260400-982000378):8)
09-20 16:47:09.808 20868 17102 I NearbyMediums: 	at java.lang.Thread.run(Thread.java:1365)
09-20 16:47:09.808 20868 17102 I NearbyMediums: Caused by: android.os.RemoteException: Remote stack trace:
09-20 16:47:09.808 20868 17102 I NearbyMediums: 	at com.android.server.wifi.WifiServiceImpl.getUsableChannels(WifiServiceImpl.java:8243)
09-20 16:47:09.808 20868 17102 I NearbyMediums: 	at android.net.wifi.IWifiManager$Stub.onTransact(IWifiManager.java:3243)
09-20 16:47:09.808 20868 17102 I NearbyMediums: 	at android.os.Binder.execTransactInternal(Binder.java:1441)
09-20 16:47:09.808 20868 17102 I NearbyMediums: 	at android.os.Binder.execTransact(Binder.java:1385)
09-20 16:47:09.808 20868 17102 I NearbyMediums: 
09-20 16:47:09.811  1974  1974 W wificond: Failed to get NL80211_ATTR_MAX_NUM_AKM_SUITES
09-20 16:47:09.813  1974  1974 W wificond: Failed to get NL80211_ATTR_MAX_NUM_AKM_SUITES
09-20 16:47:09.815  1974  1974 W wificond: Failed to get NL80211_ATTR_MAX_NUM_AKM_SUITES
09-20 16:47:09.816 20868 17102 I NearbyMediums: Query 5G available channels from WifiScanner [5180, 5200, 5220, 5240, 5260, 5280, 5300, 5320, 5500, 5520, 5540, 5560, 5580, 5600, 5620, 5640, 5660, 5680, 5700, 5720, 5745, 5765, 5785, 5805, 5825]
09-20 16:47:09.819  1974  1974 W wificond: Failed to get NL80211_ATTR_MAX_NUM_AKM_SUITES
09-20 16:47:09.821  1974  1974 W wificond: Failed to get NL80211_ATTR_MAX_NUM_AKM_SUITES
09-20 16:47:09.822  1974  1974 W wificond: Failed to get NL80211_ATTR_MAX_NUM_AKM_SUITES
09-20 16:47:09.823 20868 17102 I NearbyMediums: Query 2.4G available channels from WifiScanner [2412, 2417, 2422, 2427, 2432, 2437, 2442, 2447, 2452, 2457, 2462, 2467]
09-20 16:47:09.825 20868 17102 I NearbyMediums: [DeviceCapabilities] Get wifi usable channels from cache for mode WFD_GO (tryToRefreshCache:false channels:[])
09-20 16:47:09.827  1974  1974 W wificond: Failed to get NL80211_ATTR_MAX_NUM_AKM_SUITES
09-20 16:47:09.829  1974  1974 W wificond: Failed to get NL80211_ATTR_MAX_NUM_AKM_SUITES
09-20 16:47:09.831  1974  1974 W wificond: Failed to get NL80211_ATTR_MAX_NUM_AKM_SUITES
09-20 16:47:09.832 20868 17102 I NearbyMediums: Query 5G available channels from WifiScanner []
09-20 16:47:09.836  1974  1974 W wificond: Failed to get NL80211_ATTR_MAX_NUM_AKM_SUITES
09-20 16:47:09.838  1974  1974 W wificond: Failed to get NL80211_ATTR_MAX_NUM_AKM_SUITES
09-20 16:47:09.839  1974  1974 W wificond: Failed to get NL80211_ATTR_MAX_NUM_AKM_SUITES
09-20 16:47:09.841 20868 17102 I NearbyMediums: Query 2.4G available channels from WifiScanner [2412, 2417, 2422, 2427, 2432, 2437, 2442, 2447, 2452, 2457, 2462, 2467]
09-20 16:47:09.843 20868 17102 I NearbyMediums: [DeviceCapabilities] Get wifi usable channels from cache for mode STA (tryToRefreshCache:false channels:[])
09-20 16:47:09.846  1974  1974 W wificond: Failed to get NL80211_ATTR_MAX_NUM_AKM_SUITES
09-20 16:47:09.848  1974  1974 W wificond: Failed to get NL80211_ATTR_MAX_NUM_AKM_SUITES
09-20 16:47:09.851  1974  1974 W wificond: Failed to get NL80211_ATTR_MAX_NUM_AKM_SUITES
09-20 16:47:09.853 20868 17102 I NearbyMediums: Query 5G available channels from WifiScanner [5180, 5200, 5220, 5240, 5260, 5280, 5300, 5320, 5500, 5520, 5540, 5560, 5580, 5600, 5620, 5640, 5660, 5680, 5700, 5720, 5745, 5765, 5785, 5805, 5825]
09-20 16:47:09.856  1974  1974 W wificond: Failed to get NL80211_ATTR_MAX_NUM_AKM_SUITES
09-20 16:47:09.859  1974  1974 W wificond: Failed to get NL80211_ATTR_MAX_NUM_AKM_SUITES
09-20 16:47:09.862  1974  1974 W wificond: Failed to get NL80211_ATTR_MAX_NUM_AKM_SUITES
09-20 16:47:09.864 20868 17102 I NearbyMediums: Query 2.4G available channels from WifiScanner [2412, 2417, 2422, 2427, 2432, 2437, 2442, 2447, 2452, 2457, 2462, 2467]
09-20 16:47:09.865 20868 17102 I NearbyMediums: [DeviceCapabilities] Get wifi usable channels from cache for mode AWARE (tryToRefreshCache:false channels:[])
09-20 16:47:09.866 20868 17102 W NearbyConnections: [PcpManager] Role:WIFI_AWARE failed to get usable or available channels.
09-20 16:47:09.867 20868 17102 I NearbyConnections: In generateRxInstantConnectionAdvBytes() advertisingMediums:[WIFI_DIRECT, WIFI_HOTSPOT, WIFI_AWARE, WIFI_LAN, BLE] capabilitiesSize:4 apFreq:5745 wfdGcUsableOrAvailableChs:[2412..2467, 5180..5320, 5500..5720, 5745..5825] wfdGoUsableOrAvailableChs:[2412..2467] hsStaUsableOrAvailableChs:[2412..2467, 5180..5320, 5500..5720, 5745..5825] awareUsableOrAvailableChs:[] rxAdvertisement(size:57):A0:17:7A:0E:28:F1:86:07:96:0C:5E:EB:87:36:FB:0E:42:CE:0D:9E:7B:82:8E:5E:A6:77:F4:BC:FF:25:AF:65:9A:03:84:15:05:7F:00:00:84:15:06:00:00:00:84:15:04:7F:00:00:83:15:01:16:71
09-20 16:47:09.873  2885  3019 I BluetoothSocketManagerBinder: createSocketChannel: type=1, serviceName=NearbySharing, uuid=a82efa21-ae5c-3dde-9bbc-f16da7b16c5a, port=-1, from uid/pid=10234/20868
09-20 16:47:09.873  2885  3019 I bt_btif_sock: system/btif/src/btif_sock.cc:173 btsock_listen: Attempting listen for socket connections for device: 00:00:00:00:00:00, type: 1, channel: -1, app_uid: 10234, data_path: 0, hub_id: 0, endpoint_id: 0, max_rx_packet_size: 0
09-20 16:47:09.874  2885  3019 I bt_btif_sock_rfcomm: system/btif/src/btif_sock_rfc.cc:401 btsock_rfc_listen: Adding listening socket service_name: NearbySharing - channel: -1
09-20 16:47:09.874  2885  3054 I bt_btif_sock_rfcomm: system/btif/src/btif_sock_rfc.cc:1014 jv_dm_cback: handling event:BTA_JV_GET_SCN_EVT, slot_id:6011
09-20 16:47:09.874  2885  3054 I bt_btif_sock_rfcomm: system/btif/src/btif_sock_rfc.cc:1014 jv_dm_cback: handling event:BTA_JV_CREATE_RECORD_EVT, slot_id:6011
09-20 16:47:09.875  2885  3054 I bt_bta_dm: system/bta/dm/bta_dm_act.cc:1082 bta_dm_set_eir: Generating extended inquiry response packet EIR
09-20 16:47:09.875  2885  3054 W rfcomm_port_utils: system/stack/rfcomm/port_utils.cc:289 port_find_mcb: not found, bd_addr:ff:ff:ff:ff:ff:ff
09-20 16:47:09.875  2885  3054 I bt_port_api: system/stack/rfcomm/port_api.cc:226 RFCOMM_CreateConnectionWithSecurity: bd_addr=ff:ff:ff:ff:ff:ff, scn=11, is_server=true, mtu=990, uuid=0x0, dlci=22, signal_state=0xb, p_port=0x7b181d09c0
09-20 16:47:09.875  2885  3054 I bt_btif_sock_rfcomm: system/btif/src/btif_sock_rfc.cc:966 rfcomm_cback: handling BTA_JV_RFCOMM_START_EVT, slot_id:6011
09-20 16:47:09.875  2885  3054 I bt_btif_sock_rfcomm: system/btif/src/btif_sock_rfc.cc:651 on_srv_rfc_listen_started: listening for RFCOMM socket connections for device: 00:00:00:00:00:00, scn: 11, app_uid: 10234, id: 6011
09-20 16:47:09.876 20868 17102 I NearbyMediums: Started accepting Bluetooth Classic connections for NearbySharing.
09-20 16:47:09.876 20868 14659 D BluetoothSocket: accept(), timeout (ms):-1
09-20 16:47:09.877  1536  3266 I vendor.qti.bluetooth@1.0-ibs_handler: ProcessIbsCmd: Received IBS_WAKE_IND: 0xFD
09-20 16:47:09.877  1536  3266 I vendor.qti.bluetooth@1.0-ibs_handler: ProcessIbsCmd: Writing IBS_WAKE_ACK
09-20 16:47:09.886 20868 17102 D BluetoothAdapter: isLeEnabled(): ON
09-20 16:47:09.893  2885  3282 I bt_shim_advertiser: system/main/shim/le_advertising_manager.cc:161 StartAdvertisingSet: in shim layer
09-20 16:47:09.894  2885  3282 I bt_shim_advertiser: system/main/shim/le_advertising_manager.cc:188 StartAdvertisingSet: create advertising set, client_id:255, reg_id:-15956
09-20 16:47:09.894  2885  3060 I bluetooth: system/gd/hci/le_advertising_manager_impl.cc:662 create_extended_advertiser_with_id: Scheduling address rotation for advertiser_id=3
09-20 16:47:09.894  2885  3060 I bluetooth: system/gd/hci/le_address_manager.cc:575 GetNextPrivateAddressIntervalRange: client=advertising_set_3, nonwake=8m26s, wake=14m39s
09-20 16:47:09.898  2885  3060 I bluetooth: system/gd/hci/le_advertising_manager_impl.cc:1741 on_set_advertising_set_random_address_complete: update random address for advertising set 3 : xx:xx:xx:xx:58:0a
09-20 16:47:09.904 20868 17102 I NearbyMediums: Started BLE extended advertising. Regular Advertised : false, Fast Advertised : true, AdvertisingSetting : BleAdvertisingSetting{powerLevel= BALANCED_POWER, isConnectable= false, isPrivateGatt= true}.
09-20 16:47:09.905 20868 17102 D BluetoothAdapter: isLeEnabled(): ON
09-20 16:47:09.910  2885  3282 I bt_shim_advertiser: system/main/shim/le_advertising_manager.cc:161 StartAdvertisingSet: in shim layer
09-20 16:47:09.910  2885  3282 I bt_shim_advertiser: system/main/shim/le_advertising_manager.cc:188 StartAdvertisingSet: create advertising set, client_id:255, reg_id:-15957
09-20 16:47:09.911  2885  3060 I bluetooth: system/gd/hci/le_advertising_manager_impl.cc:662 create_extended_advertiser_with_id: Scheduling address rotation for advertiser_id=4
09-20 16:47:09.911  2885  3060 I bluetooth: system/gd/hci/le_address_manager.cc:575 GetNextPrivateAddressIntervalRange: client=advertising_set_4, nonwake=8m25s, wake=14m49s
09-20 16:47:09.915  2885  3060 I bluetooth: system/gd/hci/le_advertising_manager_impl.cc:1741 on_set_advertising_set_random_address_complete: update random address for advertising set 4 : xx:xx:xx:xx:fb:cc
09-20 16:47:09.926 20868 17102 I NearbyMediums: Started BLE Legacy advertising. Regular Header Advertised : false, Fast Advertised : true, AdvertisingSettings : BleAdvertisingSetting{powerLevel= BALANCED_POWER, isConnectable= false, isPrivateGatt= true}, isAcceptingConnection : false
09-20 16:47:09.926 20868 17102 I NearbyMediums: Successfully started BLE advertising of size 23 for service NearbySharing, deviceToken : [ 0xf6 0x35 ].
09-20 16:47:09.960  2305  2672 D ConnectivityService: NetReassign [no changes] [c 1] [a 24] [i 3]
09-20 16:47:09.960  1536  3266 I vendor.qti.bluetooth@1.0-ibs_handler: ProcessIbsCmd: Received IBS_SLEEP_IND: 0xFE
09-20 16:47:09.963 20868 17102 I NearbyMediums: Successfully bound ServerSocket for service NearbySharing to the stable port 53601.
09-20 16:47:09.964 20868 17102 I NearbyMediums: Successfully started listening for incoming Wifi Lan connections.
09-20 16:47:09.986  2305  2672 D ConnectivityService: NetReassign [no changes] [c 1] [a 6] [i 2]
09-20 16:47:10.000 20868 20874 D BluetoothSocket: close() this: XX:XX:XX:XX:7D:CD, channel: 10, mSocketIS: android.net.LocalSocketImpl$SocketInputStream@9d9d9f4, mSocketOS: android.net.LocalSocketImpl$SocketOutputStream@8e2551d, mSocket: null, mSocketState: CLOSED
09-20 16:47:10.023 20868 17102 I NearbyPresence: isApfV6Mandated: result=false (hardware=false [vendorApiLevel=29, isPixel9=false], software=false [version=360799999, min=371020260]) [CONTEXT service_id=317 ]
09-20 16:47:10.024  2305  2320 I WifiService: acquireMulticastLock uid=10234 lockTag=nearby-connections-192797822
09-20 16:47:10.026 20868 17102 I Nearby  : NsdManagerCompat acquired multicast lock 192797822. [CONTEXT service_id=49 ]
09-20 16:47:10.028  2305  2675 I serviceDiscovery: [MdnsAdvertiser] Adding service name: I0cyWEv8n14AAA, type: _FC9F5ED42C8A._tcp, subtypes: , hostAddresses: , hostname: null, port: 53601, network: null, expirationTime: null, txtRecord: {f=5745, n=NCVPFweld_NwLxrHvpc5_Dw, IPv4=192.168.80.38} with ID 1320 and subtypes {} advertisingOptions MdnsAdvertisingOptions{ }
09-20 16:47:10.276 20868  5132 W AOSP-MdnsDiscoveryManag: Error while decoding multicast packet (4616): 1 [CONTEXT service_id=168 ]
09-20 16:47:10.278 20868  5132 W AOSP-MdnsDiscoveryManag: Error while decoding multicast packet (4617): 1 [CONTEXT service_id=168 ]
09-20 16:47:10.352  2305  2631 W InputReader: Received unexpected event (0x35, 0x49b) for slot 0 with tracking id 4643
09-20 16:47:10.353  2305  2631 W InputReader: Received unexpected event (0x36, 0x4a3) for slot 0 with tracking id 4643
09-20 16:47:10.357  8281  8281 D TaskbarManager: dispatchTouchEvent:  displayId=0 isDefaultDisplay=true
09-20 16:47:10.513 17031 17104 I Finsky:background: [1336] playLoggingServerUrl: https://play.googleapis.com/play/log
09-20 16:47:10.513 17031 17104 I Finsky:background: [1336] playLoggingServerTimestampUrl: https://play.googleapis.com/play/log/timestamp
09-20 16:47:10.526 20868  5132 W AOSP-MdnsDiscoveryManag: Error while decoding multicast packet (4618): 1 [CONTEXT service_id=168 ]
09-20 16:47:10.527 20868  5132 W AOSP-MdnsDiscoveryManag: Error while decoding multicast packet (4619): 1 [CONTEXT service_id=168 ]
09-20 16:47:10.532 20868  5132 W AOSP-MdnsDiscoveryManag: Error while decoding multicast packet (4620): 1 [CONTEXT service_id=168 ]
09-20 16:47:10.539 20868  5132 W AOSP-MdnsDiscoveryManag: Error while decoding multicast packet (4621): 1 [CONTEXT service_id=168 ]
09-20 16:47:10.540 20868 10616 I GetConfigSnapshotOp: Succeeded but not registered: com.google.android.libraries.performance.primes#com.android.vending [CONTEXT service_id=51 ]
09-20 16:47:10.780 20868  5132 W AOSP-MdnsDiscoveryManag: Error while decoding multicast packet (4622): 1 [CONTEXT service_id=168 ]
09-20 16:47:10.781 20868  5132 W AOSP-MdnsDiscoveryManag: Error while decoding multicast packet (4623): 1 [CONTEXT service_id=168 ]
09-20 16:47:10.904  2305  2631 W InputReader: Received unexpected event (0x35, 0x4af) for slot 0 with tracking id 4644
09-20 16:47:10.905  2305  2631 W InputReader: Received unexpected event (0x36, 0x51b) for slot 0 with tracking id 4644
09-20 16:47:10.909  8281  8281 D TaskbarManager: dispatchTouchEvent:  displayId=0 isDefaultDisplay=true
09-20 16:47:10.916  2305  2320 D CoreBackPreview: startBackNavigation currentTask=Task{2cb214 #1166 type=standard A=10423:com.winlator}, topRunningActivity=ActivityRecord{160167707 u0 com.winlator/.XServerDisplayActivity t1166}, callbackInfo=OnBackInvokedCallbackInfo{mCallback=android.window.IOnBackInvokedCallback$Stub$Proxy@5cef4da, mPriority=0, mIsAnimationCallback=false, mOverrideBehavior=0}, currentFocus=Window{e2d20ef u0 com.winlator/com.winlator.XServerDisplayActivity}
09-20 16:47:10.918  2771  2823 D ShellBackPreview: Received backNavigationInfo:BackNavigationInfo{mType=TYPE_CALLBACK (4), mOnBackNavigationDone=android.os.RemoteCallback@3c25e01, mOnBackInvokedCallback=android.window.IOnBackInvokedCallback$Stub$Proxy@82c84a6, mPrepareRemoteAnimation=false, mAnimationCallback=false, mCustomizeAnimationInfo=null}
09-20 16:47:10.919  1536  3269 I vendor.qti.bluetooth@1.0-ibs_handler: DeviceSleep: TX Awake, Sending SLEEP_IND
09-20 16:47:10.919  1536  3269 D vendor.qti.bluetooth@1.0-ibs_handler: SerialClockVote: vote for UART CLK OFF
09-20 16:47:10.931  1575  1575 D vendor.qti.vibrator: Vibrator on for timeoutMs: 10
09-20 16:47:10.933  1575 17109 D vendor.qti.vibrator: Starting on on another thread
09-20 16:47:10.943  1575 17109 D vendor.qti.vibrator: Notifying on complete
09-20 16:47:10.945  1575  1575 D vendor.qti.vibrator: QTI Vibrator off
09-20 16:47:10.972  2305  2683 D InputManagerService: pilferPointers
09-20 16:47:11.003  2305  2683 W InputDispatcher: Attempted to pilfer points from a channel without any on-going pointer streams. Ignoring.
09-20 16:47:11.009  2771  2823 D ShellBackPreview: Finishing gesture with event action: 1
09-20 16:47:11.009  2771  2823 D ShellBackPreview: onGestureFinished() mTriggerBack == true
09-20 16:47:11.009  2771  2823 D ShellBackPreview: Trigger back without dispatching to animator.
09-20 16:47:11.010  2771  2823 D ShellBackPreview: BackAnimationController: finishBackNavigation()
09-20 16:47:11.011  2305  5336 D CoreBackPreview: onBackNavigationDone backType=4, triggerBack=true
09-20 16:47:11.017  5317  5317 I StylusModule: StylusModule.onUpdateToolType():779 Update tool type = 0
09-20 16:47:11.027  2305  2675 I serviceDiscovery: [MdnsAdvertiser.wlan0] Probing finished for service 1320
09-20 16:47:11.031 20868 20912 I NearbyMediums: WIFI_LAN registered service name:I0cyWEv8n14AAA type:null at ip:null port:0
09-20 16:47:11.032 20868 17102 I NearbyMediums: Successfully advertised I0cyWEv8n14AAA on serviceID NearbySharing over Wifi LAN.
09-20 16:47:11.053 20868 17102 I NearbyMediums: [WifiNetworkV2] WifiStatusChangedCallback registered for NearbySharing (wifiStatusChangedCallbacks.size:1)
09-20 16:47:11.055 20868 17102 I NearbyConnections: Get local endpoint id from the existing localEndpointId:G2XK (last:null) for client 47025994(0p:com.google.android.gms.nearby.sharing)
09-20 16:47:11.056 20868 17102 I NearbySharing: [broadcast provider] advertising started.
09-20 16:47:11.056 20868 17102 I NearbySharing: [broadcast controller] started.
09-20 16:47:11.056 20868 17102 I NearbySharing: [ReceiveManager] started.
09-20 16:47:11.057 20868 17102 I NearbySharing: NearbySharing Internal event ReceiveManagerStart(mode=2, isEveryoneMode=false, dataUsage=2, useQrCode=false, success=true)
09-20 16:47:11.058 20868 10616 I NearbySharing: [ClearcutLog] ADVERTISE_DEVICE_PRESENCE_START sessionId=0 flowId=160585115075458499 sessionStatus: 1, visibility: 1
09-20 16:47:11.059 20868 17097 I NearbySharing: Failed to log ADVERTISE_DEVICE_PRESENCE_START, due to clearcutLogger is null.
09-20 16:47:11.070  1536  3065 D vendor.qti.bluetooth@1.0-wake_lock: Release wakelock is released 
09-20 16:47:11.263  1536  3266 I vendor.qti.bluetooth@1.0-ibs_handler: ProcessIbsCmd: Received IBS_WAKE_IND: 0xFD
09-20 16:47:11.263  1536  3266 D vendor.qti.bluetooth@1.0-ibs_handler: SerialClockVote: vote for UART CLK ON
09-20 16:47:11.267  1536  3266 D vendor.qti.bluetooth@1.0-wake_lock: Acquire wakelock is acquired 
09-20 16:47:11.267  1536  3266 I vendor.qti.bluetooth@1.0-ibs_handler: ProcessIbsCmd: Writing IBS_WAKE_ACK
09-20 16:47:11.308  1536  3266 I vendor.qti.bluetooth@1.0-ibs_handler: ProcessIbsCmd: Received IBS_SLEEP_IND: 0xFE
09-20 16:47:11.308  1536  3266 D vendor.qti.bluetooth@1.0-ibs_handler: SerialClockVote: vote for UART CLK OFF
09-20 16:47:11.459  1536  3065 D vendor.qti.bluetooth@1.0-wake_lock: Release wakelock is released 
09-20 16:47:11.497 16838 16838 W WindowOnBackDispatcher: OnBackInvokedCallback is not enabled for the application.
09-20 16:47:11.497 16838 16838 W WindowOnBackDispatcher: Set 'android:enableOnBackInvokedCallback="true"' in the application manifest.
09-20 16:47:11.693  2885  3282 I bt_shim_advertiser: system/main/shim/le_advertising_manager.cc:80 Unregister: in shim layer
09-20 16:47:11.693  2885  3281 I bluetooth: bluetooth_core::gatt::server::isolation_manager: removing server (if any) associated with advertiser AdvertiserId(2)
09-20 16:47:11.694  1536  1536 D vendor.qti.bluetooth@1.0-ibs_handler: SerialClockVote: vote for UART CLK ON
09-20 16:47:11.700  1536  1536 D vendor.qti.bluetooth@1.0-wake_lock: Acquire wakelock is acquired 
09-20 16:47:11.700  1536  1536 I vendor.qti.bluetooth@1.0-ibs_handler: DeviceWakeUp: Writing IBS_WAKE_IND
09-20 16:47:11.704  1536  3266 I vendor.qti.bluetooth@1.0-ibs_handler: ProcessIbsCmd: Received IBS_WAKE_ACK: 0xFC
09-20 16:47:11.707  1536  3266 I vendor.qti.bluetooth@1.0-ibs_handler: ProcessIbsCmd: Received IBS_WAKE_IND: 0xFD
09-20 16:47:11.707  1536  3266 I vendor.qti.bluetooth@1.0-ibs_handler: ProcessIbsCmd: Writing IBS_WAKE_ACK
09-20 16:47:11.750  1536  3266 I vendor.qti.bluetooth@1.0-ibs_handler: ProcessIbsCmd: Received IBS_SLEEP_IND: 0xFE
09-20 16:47:11.891  2305  2665 D WifiStaIfaceHidlImpl: getCachedScanData is not implemented by HIDL
09-20 16:47:12.068 20868  5132 W AOSP-MdnsDiscoveryManag: Error while decoding multicast packet (4630): 1 [CONTEXT service_id=168 ]
09-20 16:47:12.071 20868  5132 W AOSP-MdnsDiscoveryManag: Error while decoding multicast packet (4631): 1 [CONTEXT service_id=168 ]
09-20 16:47:12.533 13461 22214 D App     : bindSocketToActiveNetwork: binding fd=142 to net=148 iface=wlan0
09-20 16:47:12.534 13461 22224 D gojni   : App: bindSocketToActiveNetwork: binding fd=142 to net=148 iface=wlan0
09-20 16:47:12.540 13461 22230 D App     : bindSocketToActiveNetwork: binding fd=142 to net=148 iface=wlan0
09-20 16:47:12.541 13461 22224 D gojni   : App: bindSocketToActiveNetwork: binding fd=142 to net=148 iface=wlan0
09-20 16:47:12.656  1536  3266 I vendor.qti.bluetooth@1.0-ibs_handler: ProcessIbsCmd: Received IBS_WAKE_IND: 0xFD
09-20 16:47:12.656  1536  3266 I vendor.qti.bluetooth@1.0-ibs_handler: ProcessIbsCmd: Writing IBS_WAKE_ACK
09-20 16:47:12.699  1536  3266 I vendor.qti.bluetooth@1.0-ibs_handler: ProcessIbsCmd: Received IBS_SLEEP_IND: 0xFE
09-20 16:47:12.709  1536  3269 I vendor.qti.bluetooth@1.0-ibs_handler: DeviceSleep: TX Awake, Sending SLEEP_IND
09-20 16:47:12.710  1536  3269 D vendor.qti.bluetooth@1.0-ibs_handler: SerialClockVote: vote for UART CLK OFF
09-20 16:47:12.870  1536  3065 D vendor.qti.bluetooth@1.0-wake_lock: Release wakelock is released 
09-20 16:47:13.083 20868 17097 I NearbyMediums: Found Fast Ble Advertisements :
09-20 16:47:13.083 20868 17097 I NearbyMediums: BleAdvertisement { version=2, socketVersion=2, isFast=true, serviceIdHash=null, data=[ 0x23 0x4f 0x4d 0x31 0x56 0x11 0x32 0xbd 0xa1 0x80 0x4b 0x13 0x96 0xd4 0xbf 0x53 0x24 0x45 0x91 0x79 0x33 0x54 0x6d ], deviceToken=[ 0x07 0xac ], rxAdvertisement=null } : 1 times.
09-20 16:47:13.083 20868 17097 I NearbyMediums: BleAdvertisement { version=2, socketVersion=2, isFast=true, serviceIdHash=null, data=[ 0x23 0x53 0x35 0x4f 0x4d 0x11 0x32 0x19 0x73 0x3a 0x7b 0xdb 0x47 0x89 0xfd 0xc3 0xee 0xd7 0x19 0x6f 0xc7 0x2a 0x7a ], deviceToken=[ 0x7f 0xa7 ], rxAdvertisement=null } : 2 times.
09-20 16:47:13.083 20868 17097 I NearbyMediums: Total 3 fast advertisements from 2 unique advertisers.
09-20 16:47:13.084 20868 17097 I NearbyMediums: Current Tracked Scanning Clients are : {NearbyConnections.EnvironmentMonitor, NearbySharing, NearbyConnections.TxAdvertisement}
09-20 16:47:13.088 20868 10616 I NearbyConnections: Processing lost BlePeripheral BlePeripheral{advertisement=BleAdvertisement { version=2, socketVersion=2, isFast=true, serviceIdHash=null, data=[ 0x23 0x49 0x55 0x41 0x57 0x11 0x32 0xed 0x0e 0x66 0xbd 0x88 0x34 0x13 0x97 0xae 0x7e 0xfd 0x60 0x1f 0x7e 0xbb 0x46 ], deviceToken=[ 0x7f 0xa7 ], rxAdvertisement=null }, dctAdvertisement=null, address=null, psm=0, deviceToken=<ByteString@5d3bf30 size=2 contents="\177\247">, isSecondProfile=false, rxInstantConnectionAdv=null}.
09-20 16:47:14.911  2305  2665 D WifiStaIfaceHidlImpl: getCachedScanData is not implemented by HIDL
09-20 16:47:15.042 20868  5132 W AOSP-MdnsDiscoveryManag: Error while decoding multicast packet (4636): 1 [CONTEXT service_id=168 ]
09-20 16:47:15.044 20868  5132 W AOSP-MdnsDiscoveryManag: Error while decoding multicast packet (4637): 1 [CONTEXT service_id=168 ]
09-20 16:47:15.275  1536  3266 I vendor.qti.bluetooth@1.0-ibs_handler: ProcessIbsCmd: Received IBS_WAKE_IND: 0xFD
09-20 16:47:15.276  1536  3266 D vendor.qti.bluetooth@1.0-ibs_handler: SerialClockVote: vote for UART CLK ON
09-20 16:47:15.279  1536  3266 D vendor.qti.bluetooth@1.0-wake_lock: Acquire wakelock is acquired 
09-20 16:47:15.279  1536  3266 I vendor.qti.bluetooth@1.0-ibs_handler: ProcessIbsCmd: Writing IBS_WAKE_ACK
09-20 16:47:15.320  1536  3266 I vendor.qti.bluetooth@1.0-ibs_handler: ProcessIbsCmd: Received IBS_SLEEP_IND: 0xFE
09-20 16:47:15.320  1536  3266 D vendor.qti.bluetooth@1.0-ibs_handler: SerialClockVote: vote for UART CLK OFF
09-20 16:47:15.471  1536  3065 D vendor.qti.bluetooth@1.0-wake_lock: Release wakelock is released 
09-20 16:47:14.343     0     0 E PL_DISABLE: CHG_STATE_VOTER,0 same vote on of val=1
09-20 16:47:14.343     0     0 E PL_DISABLE: CHG_STATE_VOTER,0 Ignoring similar vote on of val=1
09-20 16:47:14.343     0     0 E PL_ENABLE_INDIRECT: USBIN_I_VOTER,0 same vote off of val=0
09-20 16:47:14.343     0     0 E PL_ENABLE_INDIRECT: USBIN_I_VOTER,0 Ignoring similar vote off of val=0
09-20 16:47:14.343     0     0 E PL_DISABLE: PL_FCC_LOW_VOTER,10 same vote off of val=0
09-20 16:47:14.343     0     0 E PL_DISABLE: PL_FCC_LOW_VOTER,10 Ignoring similar vote off of val=0
09-20 16:47:14.343     0     0 E         : ========2222========usb charge===============
09-20 16:47:14.343     0     0 E         : ========2222========usb charge===============
09-20 16:47:14.343     0     0 E USB_ICL_IRQ_DISABLE: USB_SUSPEND_VOTER,0 same vote off of val=0
09-20 16:47:14.343     0     0 E USB_ICL_IRQ_DISABLE: USB_SUSPEND_VOTER,0 Ignoring similar vote off of val=0
09-20 16:47:14.343     0     0 E FCC_MAIN: MAIN_FCC_VOTER,0 same vote on of val=4500000
09-20 16:47:14.343     0     0 E FCC_MAIN: MAIN_FCC_VOTER,0 Ignoring similar vote on of val=4500000
09-20 16:47:14.345     0     0 E PL_DISABLE: ICL_LIMIT_VOTER,9 same vote off of val=0
09-20 16:47:14.345     0     0 E PL_DISABLE: ICL_LIMIT_VOTER,9 Ignoring similar vote off of val=0
09-20 16:47:14.349     0     0 E CHG_DISABLE: JEITA_VOTER,3 same vote off of val=0
09-20 16:47:14.349     0     0 E CHG_DISABLE: JEITA_VOTER,3 Ignoring similar vote off of val=0
09-20 16:47:14.349     0     0 E FCC     : JEITA_VOTER,3 same vote on of val=4500000
09-20 16:47:14.349     0     0 E FCC     : JEITA_VOTER,3 Ignoring similar vote on of val=4500000
09-20 16:47:14.349     0     0 E USB_ICL : JEITA_VOTER,15 same vote off of val=0
09-20 16:47:14.349     0     0 E USB_ICL : JEITA_VOTER,15 Ignoring similar vote off of val=0
09-20 16:47:14.349     0     0 E FV      : JEITA_VOTER,3 same vote on of val=4400000
09-20 16:47:14.349     0     0 E FV      : JEITA_VOTER,3 Ignoring similar vote on of val=4400000
09-20 16:47:14.349     0     0 E FCC     : STEP_CHG_VOTER,4 same vote off of val=0
09-20 16:47:14.349     0     0 E FCC     : STEP_CHG_VOTER,4 Ignoring similar vote off of val=0
09-20 16:47:14.357     0     0 I         : ///PD dbg info 130d
09-20 16:47:14.357     0     0 I <3295355.247>TCPC-TCPC: bat_update_work_func battery update soc = 100
09-20 16:47:14.357     0     0 I <3295355.247>TCPC-TCPC: bat_update_work_func Battery Chargin
09-20 16:47:14.357     0     0 I         : g
09-20 16:47:14.361     0     0 E QG-K    : qg_status_change_work: disable health is warm, set fv to 4200000
09-20 16:47:14.361     0     0 E FV      : ADJUST_FV_VOTER,4 same vote off of val=0
09-20 16:47:14.361     0     0 E FV      : ADJUST_FV_VOTER,4 Ignoring similar vote off of val=0
09-20 16:47:14.432     0     0 W healthd : battery l=100 v=4305 t=25.7 h=2 st=2 c=176000 fc=7506000 cc=19 chg=u
09-20 16:47:16.808 20868  5133 I AOSP-MdnsDiscoveryManag: Trigger send thread. [CONTEXT service_id=168 ]
09-20 16:47:16.808 20868  5133 I AOSP-MdnsDiscoveryManag: Trigger send thread. [CONTEXT service_id=168 ]
09-20 16:47:16.809 20868 26219 I AOSP-MdnsDiscoveryManag: Query sent with transactionId: 37. Next run: sessionId: 133, in 20000 ms [CONTEXT service_id=168 ]
09-20 16:47:16.809 20868  5130 I AOSP-MdnsDiscoveryManag: Sending a multicast mDNS packet... [CONTEXT service_id=168 ]
09-20 16:47:16.811 20868  5130 I AOSP-MdnsDiscoveryManag: Sending a multicast mDNS packet... [CONTEXT service_id=168 ]
09-20 16:47:16.812 20868  5132 W AOSP-MdnsDiscoveryManag: Error while decoding multicast packet (4640): 1 [CONTEXT service_id=168 ]
09-20 16:47:16.813 20868  5132 W AOSP-MdnsDiscoveryManag: Error while decoding multicast packet (4641): 1 [CONTEXT service_id=168 ]
09-20 16:47:15.409     0     0 I [cds_ol][0x39dfdcb3a83a][21:47:16.878649] wlan: [2583:I:QDF] DHCP-R RX: SA:6a:fb:5a:95:38:51 DA:ff:ff:ff:ff:ff:ff
09-20 16:47:16.883 20868 26219 I AOSP-MdnsDiscoveryManag: Remove EVENT_START_QUERYTASK, current session: 133 [CONTEXT service_id=168 ]
09-20 16:47:16.883 20868 26219 I AOSP-MdnsDiscoveryManag: Reschedule a query. Next run: sessionId: 134, in 95999 ms [CONTEXT service_id=168 ]
09-20 16:47:16.885 20868 26219 I AOSP-MdnsDiscoveryManag: Remove EVENT_START_QUERYTASK, current session: 134 [CONTEXT service_id=168 ]
09-20 16:47:16.885 20868 26219 I AOSP-MdnsDiscoveryManag: Reschedule a query. Next run: sessionId: 135, in 95998 ms [CONTEXT service_id=168 ]
09-20 16:47:16.886 20868 26219 I AOSP-MdnsDiscoveryManag: Remove EVENT_START_QUERYTASK, current session: 135 [CONTEXT service_id=168 ]
09-20 16:47:16.887 20868 26219 I AOSP-MdnsDiscoveryManag: Reschedule a query. Next run: sessionId: 136, in 95997 ms [CONTEXT service_id=168 ]
09-20 16:47:16.888 20868 26219 I AOSP-MdnsDiscoveryManag: Remove EVENT_START_QUERYTASK, current session: 136 [CONTEXT service_id=168 ]
09-20 16:47:16.888 20868 26219 I AOSP-MdnsDiscoveryManag: Reschedule a query. Next run: sessionId: 137, in 95999 ms [CONTEXT service_id=168 ]
09-20 16:47:16.890 20868 26219 I AOSP-MdnsDiscoveryManag: Remove EVENT_START_QUERYTASK, current session: 137 [CONTEXT service_id=168 ]
09-20 16:47:16.891 20868 26219 I AOSP-MdnsDiscoveryManag: Reschedule a query. Next run: sessionId: 138, in 95998 ms [CONTEXT service_id=168 ]
09-20 16:47:17.094  2861 17877 D ApfFilter: (wlan0): Ignoring RA RA fe80::1 -> ff02::1 0s DNS 900s fe80::1  which matches RA fe80::1 -> ff02::1 0s DNS 900s fe80::1 
09-20 16:47:17.293 20868  5132 W AOSP-MdnsDiscoveryManag: Error while decoding multicast packet (4648): 1 [CONTEXT service_id=168 ]
09-20 16:47:17.395 20868  5132 W AOSP-MdnsDiscoveryManag: Error while decoding multicast packet (4649): 1 [CONTEXT service_id=168 ]
09-20 16:47:17.784 20868 10616 I NearbyConnections: Invalidate cached hpkeKey for client 47025994
09-20 16:47:17.959  2305  2665 D WifiStaIfaceHidlImpl: getCachedScanData is not implemented by HIDL
09-20 16:47:18.216 20868  5132 W AOSP-MdnsDiscoveryManag: Error while decoding multicast packet (4658): 1 [CONTEXT service_id=168 ]
09-20 16:47:18.218 20868  5132 W AOSP-MdnsDiscoveryManag: Error while decoding multicast packet (4659): 1 [CONTEXT service_id=168 ]
09-20 16:47:19.845  2885  3060 I bluetooth: system/gd/hci/le_advertising_manager_impl.cc:835 set_advertising_set_random_address_on_timer: Scheduling address rotation for advertiser_id=0
09-20 16:47:19.845  2885  3060 I bluetooth: system/gd/hci/le_address_manager.cc:575 GetNextPrivateAddressIntervalRange: client=advertising_set_0, nonwake=8m25s, wake=13m29s
09-20 16:47:19.846  1536  1536 D vendor.qti.bluetooth@1.0-ibs_handler: SerialClockVote: vote for UART CLK ON
09-20 16:47:19.849  1536  1536 D vendor.qti.bluetooth@1.0-wake_lock: Acquire wakelock is acquired 
09-20 16:47:19.849  1536  1536 I vendor.qti.bluetooth@1.0-ibs_handler: DeviceWakeUp: Writing IBS_WAKE_IND
09-20 16:47:19.853  1536  3266 I vendor.qti.bluetooth@1.0-ibs_handler: ProcessIbsCmd: Received IBS_WAKE_ACK: 0xFC
09-20 16:47:19.855  1536  3266 I vendor.qti.bluetooth@1.0-ibs_handler: ProcessIbsCmd: Received IBS_WAKE_IND: 0xFD
09-20 16:47:19.855  1536  3266 I vendor.qti.bluetooth@1.0-ibs_handler: ProcessIbsCmd: Writing IBS_WAKE_ACK
09-20 16:47:19.859  2885  3060 I bluetooth: system/gd/hci/le_advertising_manager_impl.cc:1741 on_set_advertising_set_random_address_complete: update random address for advertising set 0 : xx:xx:xx:xx:a8:7c
09-20 16:47:19.900  1536  3266 I vendor.qti.bluetooth@1.0-ibs_handler: ProcessIbsCmd: Received IBS_SLEEP_IND: 0xFE
09-20 16:47:20.362  1124 17103 I keystore2: system/security/keystore2/watchdog/src/lib.rs:371 - Watchdog thread idle -> terminating. Have a great day.
09-20 16:47:20.394  1536  3266 I vendor.qti.bluetooth@1.0-ibs_handler: ProcessIbsCmd: Received IBS_WAKE_IND: 0xFD
09-20 16:47:20.394  1536  3266 I vendor.qti.bluetooth@1.0-ibs_handler: ProcessIbsCmd: Writing IBS_WAKE_ACK
09-20 16:47:20.436  1536  3266 I vendor.qti.bluetooth@1.0-ibs_handler: ProcessIbsCmd: Received IBS_SLEEP_IND: 0xFE
09-20 16:47:20.859  1536  3269 I vendor.qti.bluetooth@1.0-ibs_handler: DeviceSleep: TX Awake, Sending SLEEP_IND
09-20 16:47:20.859  1536  3269 D vendor.qti.bluetooth@1.0-ibs_handler: SerialClockVote: vote for UART CLK OFF
09-20 16:47:20.993  2305  2665 D WifiStaIfaceHidlImpl: getCachedScanData is not implemented by HIDL
09-20 16:47:21.021  1536  3065 D vendor.qti.bluetooth@1.0-wake_lock: Release wakelock is released 
09-20 16:47:21.287 20868  5132 W AOSP-MdnsDiscoveryManag: Error while decoding multicast packet (4660): 1 [CONTEXT service_id=168 ]
09-20 16:47:21.390 20868  5132 W AOSP-MdnsDiscoveryManag: Error while decoding multicast packet (4661): 1 [CONTEXT service_id=168 ]
09-20 16:47:21.593  1536  3266 I vendor.qti.bluetooth@1.0-ibs_handler: ProcessIbsCmd: Received IBS_WAKE_IND: 0xFD
09-20 16:47:21.593  1536  3266 D vendor.qti.bluetooth@1.0-ibs_handler: SerialClockVote: vote for UART CLK ON
09-20 16:47:21.596  2861 17877 D ApfFilter: (wlan0): Ignoring RA RA fe80::1 -> ff02::1 0s DNS 900s fe80::1  which matches RA fe80::1 -> ff02::1 0s DNS 900s fe80::1 
09-20 16:47:21.597  1536  3266 D vendor.qti.bluetooth@1.0-wake_lock: Acquire wakelock is acquired 
09-20 16:47:21.598  1536  3266 I vendor.qti.bluetooth@1.0-ibs_handler: ProcessIbsCmd: Writing IBS_WAKE_ACK
09-20 16:47:21.640  1536  3266 I vendor.qti.bluetooth@1.0-ibs_handler: ProcessIbsCmd: Received IBS_SLEEP_IND: 0xFE
09-20 16:47:21.640  1536  3266 D vendor.qti.bluetooth@1.0-ibs_handler: SerialClockVote: vote for UART CLK OFF
09-20 16:47:21.791  1536  3065 D vendor.qti.bluetooth@1.0-wake_lock: Release wakelock is released 
09-20 16:47:23.089 20868 10616 I NearbyMediums: Found Fast Ble Advertisements :
09-20 16:47:23.089 20868 10616 I NearbyMediums: BleAdvertisement { version=2, socketVersion=2, isFast=true, serviceIdHash=null, data=[ 0x23 0x53 0x35 0x4f 0x4d 0x11 0x32 0x19 0x73 0x3a 0x7b 0xdb 0x47 0x89 0xfd 0xc3 0xee 0xd7 0x19 0x6f 0xc7 0x2a 0x7a ], deviceToken=[ 0x7f 0xa7 ], rxAdvertisement=null } : 3 times.
09-20 16:47:23.089 20868 10616 I NearbyMediums: Total 3 fast advertisements from 1 unique advertisers.
09-20 16:47:23.090 20868 10616 I NearbyMediums: Current Tracked Scanning Clients are : {NearbyConnections.EnvironmentMonitor, NearbySharing, NearbyConnections.TxAdvertisement}
09-20 16:47:23.094 20868 17113 I NearbyConnections: Processing lost BlePeripheral BlePeripheral{advertisement=BleAdvertisement { version=2, socketVersion=2, isFast=true, serviceIdHash=null, data=[ 0x23 0x4f 0x4d 0x31 0x56 0x11 0x32 0xbd 0xa1 0x80 0x4b 0x13 0x96 0xd4 0xbf 0x53 0x24 0x45 0x91 0x79 0x33 0x54 0x6d ], deviceToken=[ 0x07 0xac ], rxAdvertisement=null }, dctAdvertisement=null, address=null, psm=0, deviceToken=<ByteString@ed54f78 size=2 contents="\a\254">, isSecondProfile=false, rxInstantConnectionAdv=null}.
09-20 16:47:23.095 20868 17113 I NearbyConnections: Lost BleEndpoint for BlePeripheral BlePeripheral{advertisement=BleAdvertisement { version=2, socketVersion=2, isFast=true, serviceIdHash=null, data=[ 0x23 0x4f 0x4d 0x31 0x56 0x11 0x32 0xbd 0xa1 0x80 0x4b 0x13 0x96 0xd4 0xbf 0x53 0x24 0x45 0x91 0x79 0x33 0x54 0x6d ], deviceToken=[ 0x07 0xac ], rxAdvertisement=null }, dctAdvertisement=null, address=null, psm=0, deviceToken=<ByteString@ed54f78 size=2 contents="\a\254">, isSecondProfile=false, rxInstantConnectionAdv=null} (with EndpointId OM1V and EndpointInfo [ 0x32 0xbd 0xa1 0x80 0x4b 0x13 0x96 0xd4 0xbf 0x53 0x24 0x45 0x91 0x79 0x33 0x54 0x6d ]).
09-20 16:47:23.096 20868 17113 I NearbyConnections: Unable to record lost endpoint due to null currentDiscoveryPhase
09-20 16:47:23.096 20868 17113 I NearbyConnections: ClientProxy(47025994) reporting onEndpointLost(OM1V)
09-20 16:47:23.100 20868 10616 I NearbySharing: NearbySharing Internal event EndpointLost(endpointId=OM1V)
09-20 16:47:23.101 20868 17113 I NearbySharing: [NS_DISCOVERY] DiscoveryController reported Lost(endpointId=OM1V)
09-20 16:47:23.606 20868 17115 I NearbySharing: [NS_CONTROL] DiscoveryStateManager emitted ReportLost(id=3).
09-20 16:47:23.607 20868 17115 I NearbySharing: NearbySharing Internal event ReceiverLost(receiverId=3)
09-20 16:47:23.607 20868 17113 I NearbySharing: SendProvider: SendManager event Lost(receiverId=3)
09-20 16:47:23.608 20868 17115 I NearbySharing: ShareTargetDiscoveredCallback: onShareTargetLost()
09-20 16:47:23.629  2305  2338 W NotificationHistory: Attempted to remove conversation for locked/gone/disabled user 0
09-20 16:47:23.629 20868 20868 I NearbySharing: ShortcutInfoManager removed shortcut Pixel 9a
09-20 16:47:22.488     0     0 E PL_DISABLE: CHG_STATE_VOTER,0 same vote on of val=1
09-20 16:47:22.488     0     0 E PL_DISABLE: CHG_STATE_VOTER,0 Ignoring similar vote on of val=1
09-20 16:47:22.488     0     0 E PL_ENABLE_INDIRECT: USBIN_I_VOTER,0 same vote off of val=0
09-20 16:47:22.488     0     0 E PL_ENABLE_INDIRECT: USBIN_I_VOTER,0 Ignoring similar vote off of val=0
09-20 16:47:22.488     0     0 E PL_DISABLE: PL_FCC_LOW_VOTER,10 same vote off of val=0
09-20 16:47:22.488     0     0 E PL_DISABLE: PL_FCC_LOW_VOTER,10 Ignoring similar vote off of val=0
09-20 16:47:22.488     0     0 E         : ========2222========usb charge===============
09-20 16:47:22.488     0     0 E         : ========2222========usb charge===============
09-20 16:47:22.489     0     0 E USB_ICL_IRQ_DISABLE: USB_SUSPEND_VOTER,0 same vote off of val=0
09-20 16:47:22.489     0     0 E USB_ICL_IRQ_DISABLE: USB_SUSPEND_VOTER,0 Ignoring similar vote off of val=0
09-20 16:47:22.489     0     0 E FCC_MAIN: MAIN_FCC_VOTER,0 same vote on of val=4500000
09-20 16:47:22.489     0     0 E FCC_MAIN: MAIN_FCC_VOTER,0 Ignoring similar vote on of val=4500000
09-20 16:47:22.490     0     0 E PL_DISABLE: ICL_LIMIT_VOTER,9 same vote off of val=0
09-20 16:47:22.490     0     0 E PL_DISABLE: ICL_LIMIT_VOTER,9 Ignoring similar vote off of val=0
09-20 16:47:22.496     0     0 E CHG_DISABLE: JEITA_VOTER,3 same vote off of val=0
09-20 16:47:22.496     0     0 E CHG_DISABLE: JEITA_VOTER,3 Ignoring similar vote off of val=0
09-20 16:47:22.496     0     0 E FCC     : JEITA_VOTER,3 same vote on of val=4500000
09-20 16:47:22.496     0     0 E FCC     : JEITA_VOTER,3 Ignoring similar vote on of val=4500000
09-20 16:47:22.496     0     0 E USB_ICL : JEITA_VOTER,15 same vote off of val=0
09-20 16:47:22.496     0     0 E USB_ICL : JEITA_VOTER,15 Ignoring similar vote off of val=0
09-20 16:47:22.496     0     0 E FV      : JEITA_VOTER,3 same vote on of val=4400000
09-20 16:47:22.496     0     0 E FV      : JEITA_VOTER,3 Ignoring similar vote on of val=4400000
09-20 16:47:22.496     0     0 E FCC     : STEP_CHG_VOTER,4 same vote off of val=0
09-20 16:47:22.496     0     0 E FCC     : STEP_CHG_VOTER,4 Ignoring similar vote off of val=0
09-20 16:47:22.501     0     0 I         : ///PD dbg info 130d
09-20 16:47:22.501     0     0 I <3295363.391>TCPC-TCPC: bat_update_work_func battery update soc = 100
09-20 16:47:22.501     0     0 I <3295363.391>TCPC-TCPC: bat_update_work_func Battery Chargin
09-20 16:47:22.501     0     0 I         : g
09-20 16:47:22.513     0     0 E QG-K    : qg_status_change_work: disable health is warm, set fv to 4200000
09-20 16:47:22.513     0     0 E FV      : ADJUST_FV_VOTER,4 same vote off of val=0
09-20 16:47:22.513     0     0 E FV      : ADJUST_FV_VOTER,4 Ignoring similar vote off of val=0
09-20 16:47:24.025  2305  2665 D WifiStaIfaceHidlImpl: getCachedScanData is not implemented by HIDL
09-20 16:47:22.578     0     0 W healthd : battery l=100 v=4303 t=25.8 h=2 st=2 c=160000 fc=7506000 cc=19 chg=u
09-20 16:47:26.309  2861 17877 D ApfFilter: (wlan0): Ignoring RA RA fe80::1 -> ff02::1 0s DNS 900s fe80::1  which matches RA fe80::1 -> ff02::1 0s DNS 900s fe80::1 
09-20 16:47:27.057  2305  2665 D WifiStaIfaceHidlImpl: getCachedScanData is not implemented by HIDL
09-20 16:47:27.306     0     0 W healthd : battery l=100 v=4307 t=25.8 h=2 st=2 c=171000 fc=7506000 cc=19 chg=u
09-20 16:47:28.835  2020  2020 I CNSS    : cnss_open_log_file: directory /data/vendor/wifi/wlan_logs/ created
09-20 16:47:27.943     0     0 W healthd : battery l=100 v=4308 t=25.8 h=2 st=2 c=156000 fc=7506000 cc=19 chg=u
09-20 16:47:30.091  2305  2665 D WifiStaIfaceHidlImpl: getCachedScanData is not implemented by HIDL
09-20 16:47:30.299 20868  5132 W AOSP-MdnsDiscoveryManag: Error while decoding multicast packet (4664): 1 [CONTEXT service_id=168 ]
09-20 16:47:30.397 20868  5132 W AOSP-MdnsDiscoveryManag: Error while decoding multicast packet (4665): 1 [CONTEXT service_id=168 ]
09-20 16:47:29.292     0     0 I binder  : 17118:17118 ioctl 40046210 7fd0b61eb4 returned -22
09-20 16:47:30.770  5317  5317 I StylusModule: StylusModule.onUpdateToolType():779 Update tool type = 0
09-20 16:47:30.783  2305  2327 E RemoteAugmentedAutofillService: Bad service name for flags 1048704: com.google.android.as/com.google.android.apps.miphone.aiai.app.AiAiAugmentedAutofillService
09-20 16:47:29.828     0     0 I binder  : 17123:17123 ioctl 40046210 7fd3a01df4 returned -22
09-20 16:47:31.299 17123 17123 W screencap: Thread Pool max thread count is 0. Cannot cache binder as linkToDeath cannot be implemented. serviceName: SurfaceFlingerAIDL
09-20 16:47:31.300 17123 17123 W libbinder.BpBinder: Linking to death on android.gui.ISurfaceComposer but there are no threads (yet?) listening to incoming transactions. See ProcessState::startThreadPool and ProcessState::setThreadPoolMaxThreadCount. Generally you should setup the binder threadpool before other initialization steps.
09-20 16:47:31.301 17123 17123 W libbinder.ProcessState: Extra binder thread started, but 0 threads requested. Do not use *startThreadPool when zero threads are requested.
09-20 16:47:31.321 17123 17124 W GraphicBufferMapper: Forcing legacy gralloc mapper
09-20 16:47:31.324   611   611 I hwservicemanager: getTransport: Cannot find entry android.hardware.graphics.mapper@2.0::IMapper/default in either framework or device VINTF manifest.
09-20 16:47:31.324 17123 17124 W Gralloc2: mapper 2.x is not supported
09-20 16:47:29.853     0     0 I binder  : 17123:17124 ioctl 40046210 788a948854 returned -22
09-20 16:47:29.857     0     0 I servicemanager: Caller(pid=17123,uid=2000,sid=u:r:shell:s0) Could not find android.hardware.graphics.allocator.IAllocator/default in the VINTF manifest. No alternative instances declared in VINTF.
09-20 16:47:31.353 13128 26215 I KDE/LanLinkProvider: Broadcast identity packet received from Pixel 9a
09-20 16:47:29.904     0     0 I servicemanager: Caller(pid=17123,uid=2000,sid=u:r:shell:s0) Could not find android.hardware.graphics.allocator.IAllocator/default in the VINTF manifest. No alternative instances declared in VINTF.
09-20 16:47:31.420 13128 26215 I KDE/LanLinkProvider: Starting SSL handshake with 273d255af8c149fb8c7420c18dfc86e0 trusted:true
09-20 16:47:31.467 13128 26215 D LanLinkProvider: Starting handshake
09-20 16:47:31.502 13128 26215 D LanLinkProvider: Handshake done
09-20 16:47:31.523 13128 16796 I KDE/LanLinkProvider: Handshake as server successful with Pixel 9a secured with TLS_ECDHE_ECDSA_WITH_AES_128_GCM_SHA256
09-20 16:47:31.523 13128 16796 D KDE/LanLinkProvider: Reusing same link for device 273d255af8c149fb8c7420c18dfc86e0
09-20 16:47:31.529 13128 16158 I LanLink : Socket closed: 260525518. Reason: Socket closed
09-20 16:47:31.537 13128 26215 I LanLinkProvider: Discarding second packet from the same device 273d255af8c149fb8c7420c18dfc86e0 received too quickly
09-20 16:47:31.897  1536  3266 I vendor.qti.bluetooth@1.0-ibs_handler: ProcessIbsCmd: Received IBS_WAKE_IND: 0xFD
09-20 16:47:31.897  1536  3266 D vendor.qti.bluetooth@1.0-ibs_handler: SerialClockVote: vote for UART CLK ON
09-20 16:47:31.901  1536  3266 D vendor.qti.bluetooth@1.0-wake_lock: Acquire wakelock is acquired 
09-20 16:47:31.901  1536  3266 I vendor.qti.bluetooth@1.0-ibs_handler: ProcessIbsCmd: Writing IBS_WAKE_ACK
09-20 16:47:31.942  1536  3266 I vendor.qti.bluetooth@1.0-ibs_handler: ProcessIbsCmd: Received IBS_SLEEP_IND: 0xFE
09-20 16:47:31.943  1536  3266 D vendor.qti.bluetooth@1.0-ibs_handler: SerialClockVote: vote for UART CLK OFF
09-20 16:47:32.094  1536  3065 D vendor.qti.bluetooth@1.0-wake_lock: Release wakelock is released 
09-20 16:47:30.634     0     0 E PL_DISABLE: CHG_STATE_VOTER,0 same vote on of val=1
09-20 16:47:30.634     0     0 E PL_DISABLE: CHG_STATE_VOTER,0 Ignoring similar vote on of val=1
09-20 16:47:30.634     0     0 E PL_ENABLE_INDIRECT: USBIN_I_VOTER,0 same vote off of val=0
09-20 16:47:30.634     0     0 E PL_ENABLE_INDIRECT: USBIN_I_VOTER,0 Ignoring similar vote off of val=0
09-20 16:47:30.634     0     0 E PL_DISABLE: PL_FCC_LOW_VOTER,10 same vote off of val=0
09-20 16:47:30.634     0     0 E PL_DISABLE: PL_FCC_LOW_VOTER,10 Ignoring similar vote off of val=0
09-20 16:47:30.634     0     0 E         : ========2222========usb charge===============
09-20 16:47:30.634     0     0 E         : ========2222========usb charge===============
09-20 16:47:30.635     0     0 E USB_ICL_IRQ_DISABLE: USB_SUSPEND_VOTER,0 same vote off of val=0
09-20 16:47:30.635     0     0 E USB_ICL_IRQ_DISABLE: USB_SUSPEND_VOTER,0 Ignoring similar vote off of val=0
09-20 16:47:30.635     0     0 E FCC_MAIN: MAIN_FCC_VOTER,0 same vote on of val=4500000
09-20 16:47:30.635     0     0 E FCC_MAIN: MAIN_FCC_VOTER,0 Ignoring similar vote on of val=4500000
09-20 16:47:30.637     0     0 E PL_DISABLE: ICL_LIMIT_VOTER,9 same vote off of val=0
09-20 16:47:30.637     0     0 E PL_DISABLE: ICL_LIMIT_VOTER,9 Ignoring similar vote off of val=0
09-20 16:47:30.646     0     0 I         : ///PD dbg info 130d
09-20 16:47:30.646     0     0 I <3295371.535>TCPC-TCPC: bat_update_work_func battery update soc = 100
09-20 16:47:30.646     0     0 I <3295371.535>TCPC-TCPC: bat_update_work_func Battery Chargin
09-20 16:47:30.646     0     0 I         : g
09-20 16:47:30.649     0     0 E CHG_DISABLE: JEITA_VOTER,3 same vote off of val=0
09-20 16:47:30.649     0     0 E CHG_DISABLE: JEITA_VOTER,3 Ignoring similar vote off of val=0
09-20 16:47:30.649     0     0 E FCC     : JEITA_VOTER,3 same vote on of val=4500000
09-20 16:47:30.649     0     0 E FCC     : JEITA_VOTER,3 Ignoring similar vote on of val=4500000
09-20 16:47:30.649     0     0 E USB_ICL : JEITA_VOTER,15 same vote off of val=0
09-20 16:47:30.649     0     0 E USB_ICL : JEITA_VOTER,15 Ignoring similar vote off of val=0
09-20 16:47:30.649     0     0 E FV      : JEITA_VOTER,3 same vote on of val=4400000
09-20 16:47:30.649     0     0 E FV      : JEITA_VOTER,3 Ignoring similar vote on of val=4400000
09-20 16:47:30.649     0     0 E FCC     : STEP_CHG_VOTER,4 same vote off of val=0
09-20 16:47:30.649     0     0 E FCC     : STEP_CHG_VOTER,4 Ignoring similar vote off of val=0
09-20 16:47:30.665     0     0 E QG-K    : qg_status_change_work: disable health is warm, set fv to 4200000
09-20 16:47:30.665     0     0 E FV      : ADJUST_FV_VOTER,4 same vote off of val=0
09-20 16:47:30.665     0     0 E FV      : ADJUST_FV_VOTER,4 Ignoring similar vote off of val=0
09-20 16:47:30.732     0     0 W healthd : battery l=100 v=4288 t=25.8 h=2 st=2 c=217000 fc=7506000 cc=19 chg=u
09-20 16:47:32.346 20868  5132 W AOSP-MdnsDiscoveryManag: Error while decoding multicast packet (4666): 1 [CONTEXT service_id=168 ]
09-20 16:47:32.449 20868  5132 W AOSP-MdnsDiscoveryManag: Error while decoding multicast packet (4667): 1 [CONTEXT service_id=168 ]
09-20 16:47:33.095 20868 10616 I NearbyMediums: Found Fast Ble Advertisements :
09-20 16:47:33.095 20868 10616 I NearbyMediums: BleAdvertisement { version=2, socketVersion=2, isFast=true, serviceIdHash=null, data=[ 0x23 0x53 0x35 0x4f 0x4d 0x11 0x32 0x19 0x73 0x3a 0x7b 0xdb 0x47 0x89 0xfd 0xc3 0xee 0xd7 0x19 0x6f 0xc7 0x2a 0x7a ], deviceToken=[ 0x7f 0xa7 ], rxAdvertisement=null } : 1 times.
09-20 16:47:33.095 20868 10616 I NearbyMediums: Total 1 fast advertisements from 1 unique advertisers.
09-20 16:47:33.095 20868 10616 I NearbyMediums: Current Tracked Scanning Clients are : {NearbyConnections.EnvironmentMonitor, NearbySharing, NearbyConnections.TxAdvertisement}
09-20 16:47:33.128  2305  2665 D WifiStaIfaceHidlImpl: getCachedScanData is not implemented by HIDL
09-20 16:47:33.268 20868  5132 W AOSP-MdnsDiscoveryManag: Error while decoding multicast packet (4668): 1 [CONTEXT service_id=168 ]
09-20 16:47:33.371 20868  5132 W AOSP-MdnsDiscoveryManag: Error while decoding multicast packet (4669): 1 [CONTEXT service_id=168 ]
09-20 16:47:34.472  1536  3266 I vendor.qti.bluetooth@1.0-ibs_handler: ProcessIbsCmd: Received IBS_WAKE_IND: 0xFD
09-20 16:47:34.472  1536  3266 D vendor.qti.bluetooth@1.0-ibs_handler: SerialClockVote: vote for UART CLK ON
09-20 16:47:34.475  1536  3266 D vendor.qti.bluetooth@1.0-wake_lock: Acquire wakelock is acquired 
09-20 16:47:34.475  1536  3266 I vendor.qti.bluetooth@1.0-ibs_handler: ProcessIbsCmd: Writing IBS_WAKE_ACK
09-20 16:47:34.517  1536  3266 I vendor.qti.bluetooth@1.0-ibs_handler: ProcessIbsCmd: Received IBS_SLEEP_IND: 0xFE
09-20 16:47:34.517  1536  3266 D vendor.qti.bluetooth@1.0-ibs_handler: SerialClockVote: vote for UART CLK OFF
09-20 16:47:34.668  1536  3065 D vendor.qti.bluetooth@1.0-wake_lock: Release wakelock is released 
09-20 16:47:36.151  2305  2665 D WifiStaIfaceHidlImpl: getCachedScanData is not implemented by HIDL
09-20 16:47:37.982 13461 22224 D App     : bindSocketToActiveNetwork: binding fd=142 to net=148 iface=wlan0
09-20 16:47:37.983 13461 22234 D gojni   : App: bindSocketToActiveNetwork: binding fd=142 to net=148 iface=wlan0
09-20 16:47:37.990 13461 22234 D App     : bindSocketToActiveNetwork: binding fd=142 to net=148 iface=wlan0
09-20 16:47:37.992 13461 22217 D gojni   : App: bindSocketToActiveNetwork: binding fd=142 to net=148 iface=wlan0
09-20 16:47:38.187  1536  3266 I vendor.qti.bluetooth@1.0-ibs_handler: ProcessIbsCmd: Received IBS_WAKE_IND: 0xFD
09-20 16:47:38.188  1536  3266 D vendor.qti.bluetooth@1.0-ibs_handler: SerialClockVote: vote for UART CLK ON
09-20 16:47:38.190  1536  3266 D vendor.qti.bluetooth@1.0-wake_lock: Acquire wakelock is acquired 
09-20 16:47:38.190  1536  3266 I vendor.qti.bluetooth@1.0-ibs_handler: ProcessIbsCmd: Writing IBS_WAKE_ACK
09-20 16:47:38.232  1536  3266 I vendor.qti.bluetooth@1.0-ibs_handler: ProcessIbsCmd: Received IBS_SLEEP_IND: 0xFE
09-20 16:47:38.232  1536  3266 D vendor.qti.bluetooth@1.0-ibs_handler: SerialClockVote: vote for UART CLK OFF
09-20 16:47:38.383  1536  3065 D vendor.qti.bluetooth@1.0-wake_lock: Release wakelock is released 
09-20 16:47:38.889 13461 22217 D gojni   : open-conn-track: flow TCP (TCP 100.110.86.15:39688 => 100.106.234.121:8765) got RST by peer
09-20 16:47:39.178  2305  2665 D WifiStaIfaceHidlImpl: getCachedScanData is not implemented by HIDL
09-20 16:47:38.780     0     0 E PL_DISABLE: CHG_STATE_VOTER,0 same vote on of val=1
09-20 16:47:38.780     0     0 E PL_DISABLE: CHG_STATE_VOTER,0 Ignoring similar vote on of val=1
09-20 16:47:38.780     0     0 E PL_ENABLE_INDIRECT: USBIN_I_VOTER,0 same vote off of val=0
09-20 16:47:38.780     0     0 E PL_ENABLE_INDIRECT: USBIN_I_VOTER,0 Ignoring similar vote off of val=0
09-20 16:47:38.780     0     0 E PL_DISABLE: PL_FCC_LOW_VOTER,10 same vote off of val=0
09-20 16:47:38.780     0     0 E PL_DISABLE: PL_FCC_LOW_VOTER,10 Ignoring similar vote off of val=0
09-20 16:47:38.780     0     0 E         : ========2222========usb charge===============
09-20 16:47:38.780     0     0 E         : ========2222========usb charge===============
09-20 16:47:38.780     0     0 E USB_ICL_IRQ_DISABLE: USB_SUSPEND_VOTER,0 same vote off of val=0
09-20 16:47:38.780     0     0 E USB_ICL_IRQ_DISABLE: USB_SUSPEND_VOTER,0 Ignoring similar vote off of val=0
09-20 16:47:38.780     0     0 E FCC_MAIN: MAIN_FCC_VOTER,0 same vote on of val=4500000
09-20 16:47:38.780     0     0 E FCC_MAIN: MAIN_FCC_VOTER,0 Ignoring similar vote on of val=4500000
09-20 16:47:38.783     0     0 E PL_DISABLE: ICL_LIMIT_VOTER,9 same vote off of val=0
09-20 16:47:38.783     0     0 E PL_DISABLE: ICL_LIMIT_VOTER,9 Ignoring similar vote off of val=0
09-20 16:47:38.793     0     0 I         : ///PD dbg info 130d
09-20 16:47:38.793     0     0 I <3295379.683>TCPC-TCPC: bat_update_work_func battery update soc = 100
09-20 16:47:38.793     0     0 I <3295379.683>TCPC-TCPC: bat_update_work_func Battery Chargin
09-20 16:47:38.793     0     0 I         : g
09-20 16:47:38.797     0     0 E CHG_DISABLE: JEITA_VOTER,3 same vote off of val=0
09-20 16:47:38.797     0     0 E CHG_DISABLE: JEITA_VOTER,3 Ignoring similar vote off of val=0
09-20 16:47:38.798     0     0 E FCC     : JEITA_VOTER,3 same vote on of val=4500000
09-20 16:47:38.798     0     0 E FCC     : JEITA_VOTER,3 Ignoring similar vote on of val=4500000
09-20 16:47:38.798     0     0 E USB_ICL : JEITA_VOTER,15 same vote off of val=0
09-20 16:47:38.798     0     0 E USB_ICL : JEITA_VOTER,15 Ignoring similar vote off of val=0
09-20 16:47:38.798     0     0 E FV      : JEITA_VOTER,3 same vote on of val=4400000
09-20 16:47:38.798     0     0 E FV      : JEITA_VOTER,3 Ignoring similar vote on of val=4400000
09-20 16:47:38.798     0     0 E FCC     : STEP_CHG_VOTER,4 same vote off of val=0
09-20 16:47:38.798     0     0 E FCC     : STEP_CHG_VOTER,4 Ignoring similar vote off of val=0
09-20 16:47:38.825     0     0 E QG-K    : qg_status_change_work: disable health is warm, set fv to 4200000
09-20 16:47:38.825     0     0 E FV      : ADJUST_FV_VOTER,4 same vote off of val=0
09-20 16:47:38.825     0     0 E FV      : ADJUST_FV_VOTER,4 Ignoring similar vote off of val=0
09-20 16:47:38.876     0     0 W healthd : battery l=100 v=4304 t=25.8 h=2 st=2 c=193000 fc=7506000 cc=19 chg=u
09-20 16:47:40.772  1536  3266 I vendor.qti.bluetooth@1.0-ibs_handler: ProcessIbsCmd: Received IBS_WAKE_IND: 0xFD
09-20 16:47:40.772  1536  3266 D vendor.qti.bluetooth@1.0-ibs_handler: SerialClockVote: vote for UART CLK ON
09-20 16:47:40.775  1536  3266 D vendor.qti.bluetooth@1.0-wake_lock: Acquire wakelock is acquired 
09-20 16:47:40.775  1536  3266 I vendor.qti.bluetooth@1.0-ibs_handler: ProcessIbsCmd: Writing IBS_WAKE_ACK
09-20 16:47:40.817  1536  3266 I vendor.qti.bluetooth@1.0-ibs_handler: ProcessIbsCmd: Received IBS_SLEEP_IND: 0xFE
09-20 16:47:40.817  1536  3266 D vendor.qti.bluetooth@1.0-ibs_handler: SerialClockVote: vote for UART CLK OFF
09-20 16:47:40.843 20868  5132 W AOSP-MdnsDiscoveryManag: Error while decoding multicast packet (4670): 1 [CONTEXT service_id=168 ]
09-20 16:47:40.845 20868  5132 W AOSP-MdnsDiscoveryManag: Error while decoding multicast packet (4671): 1 [CONTEXT service_id=168 ]
09-20 16:47:40.967  1536  3065 D vendor.qti.bluetooth@1.0-wake_lock: Release wakelock is released 
09-20 16:47:41.764 20868  5132 W AOSP-MdnsDiscoveryManag: Error while decoding multicast packet (4672): 1 [CONTEXT service_id=168 ]
09-20 16:47:41.866 20868  5132 W AOSP-MdnsDiscoveryManag: Error while decoding multicast packet (4673): 1 [CONTEXT service_id=168 ]
09-20 16:47:42.200  2305  2665 D WifiStaIfaceHidlImpl: getCachedScanData is not implemented by HIDL
09-20 16:47:43.098 20868 10616 I NearbyMediums: Found Fast Ble Advertisements :
09-20 16:47:43.098 20868 10616 I NearbyMediums: BleAdvertisement { version=2, socketVersion=2, isFast=true, serviceIdHash=null, data=[ 0x23 0x53 0x35 0x4f 0x4d 0x11 0x32 0x19 0x73 0x3a 0x7b 0xdb 0x47 0x89 0xfd 0xc3 0xee 0xd7 0x19 0x6f 0xc7 0x2a 0x7a ], deviceToken=[ 0x7f 0xa7 ], rxAdvertisement=null } : 3 times.
09-20 16:47:43.098 20868 10616 I NearbyMediums: Total 3 fast advertisements from 1 unique advertisers.
09-20 16:47:43.099 20868 10616 I NearbyMediums: Current Tracked Scanning Clients are : {NearbyConnections.EnvironmentMonitor, NearbySharing, NearbyConnections.TxAdvertisement}
09-20 16:47:44.529  2305  2665 D WifiStaIfaceHidlImpl: getCachedScanData is not implemented by HIDL
09-20 16:47:44.770  1536  3266 I vendor.qti.bluetooth@1.0-ibs_handler: ProcessIbsCmd: Received IBS_WAKE_IND: 0xFD
09-20 16:47:44.770  1536  3266 D vendor.qti.bluetooth@1.0-ibs_handler: SerialClockVote: vote for UART CLK ON
09-20 16:47:44.773  1536  3266 D vendor.qti.bluetooth@1.0-wake_lock: Acquire wakelock is acquired 
09-20 16:47:44.773  1536  3266 I vendor.qti.bluetooth@1.0-ibs_handler: ProcessIbsCmd: Writing IBS_WAKE_ACK
09-20 16:47:44.815  1536  3266 I vendor.qti.bluetooth@1.0-ibs_handler: ProcessIbsCmd: Received IBS_SLEEP_IND: 0xFE
09-20 16:47:44.816  1536  3266 D vendor.qti.bluetooth@1.0-ibs_handler: SerialClockVote: vote for UART CLK OFF
09-20 16:47:44.837 20868  5132 W AOSP-MdnsDiscoveryManag: Error while decoding multicast packet (4676): 1 [CONTEXT service_id=168 ]
09-20 16:47:44.939 20868  5132 W AOSP-MdnsDiscoveryManag: Error while decoding multicast packet (4677): 1 [CONTEXT service_id=168 ]
09-20 16:47:44.967  1536  3065 D vendor.qti.bluetooth@1.0-wake_lock: Release wakelock is released 
09-20 16:47:45.227  2305  2665 D WifiStaIfaceHidlImpl: getCachedScanData is not implemented by HIDL
09-20 16:47:46.537  2885  3060 I bluetooth: system/gd/hci/le_advertising_manager_impl.cc:835 set_advertising_set_random_address_on_timer: Scheduling address rotation for advertiser_id=1
09-20 16:47:46.538  2885  3060 I bluetooth: system/gd/hci/le_address_manager.cc:575 GetNextPrivateAddressIntervalRange: client=advertising_set_1, nonwake=8m58s, wake=14m9s
09-20 16:47:46.539  1536  1536 D vendor.qti.bluetooth@1.0-ibs_handler: SerialClockVote: vote for UART CLK ON
09-20 16:47:46.543  1536  1536 D vendor.qti.bluetooth@1.0-wake_lock: Acquire wakelock is acquired 
09-20 16:47:46.543  1536  1536 I vendor.qti.bluetooth@1.0-ibs_handler: DeviceWakeUp: Writing IBS_WAKE_IND
09-20 16:47:46.545  1536  3266 I vendor.qti.bluetooth@1.0-ibs_handler: ProcessIbsCmd: Received IBS_WAKE_ACK: 0xFC
09-20 16:47:46.550  1536  3266 I vendor.qti.bluetooth@1.0-ibs_handler: ProcessIbsCmd: Received IBS_WAKE_IND: 0xFD
09-20 16:47:46.550  1536  3266 I vendor.qti.bluetooth@1.0-ibs_handler: ProcessIbsCmd: Writing IBS_WAKE_ACK
09-20 16:47:46.557  2885  3060 I bluetooth: system/gd/hci/le_advertising_manager_impl.cc:1741 on_set_advertising_set_random_address_complete: update random address for advertising set 1 : xx:xx:xx:xx:97:60
09-20 16:47:46.598  1536  3266 I vendor.qti.bluetooth@1.0-ibs_handler: ProcessIbsCmd: Received IBS_SLEEP_IND: 0xFE
09-20 16:47:46.807 13461 22230 D gojni   : magicsock: disco: node [ueFcY] d:0262d193c7ac5c2f now using 191.156.54.130:48844 mtu=1360 tx=3d84d5f2a31e
09-20 16:47:47.556  1536  3269 I vendor.qti.bluetooth@1.0-ibs_handler: DeviceSleep: TX Awake, Sending SLEEP_IND
09-20 16:47:47.556  1536  3269 D vendor.qti.bluetooth@1.0-ibs_handler: SerialClockVote: vote for UART CLK OFF
09-20 16:47:47.707  1536  3065 D vendor.qti.bluetooth@1.0-wake_lock: Release wakelock is released 
09-20 16:47:48.262  2305  2665 D WifiStaIfaceHidlImpl: getCachedScanData is not implemented by HIDL
09-20 16:47:46.925     0     0 E PL_DISABLE: CHG_STATE_VOTER,0 same vote on of val=1
09-20 16:47:46.925     0     0 E PL_DISABLE: CHG_STATE_VOTER,0 Ignoring similar vote on of val=1
09-20 16:47:46.925     0     0 E PL_ENABLE_INDIRECT: USBIN_I_VOTER,0 same vote off of val=0
09-20 16:47:46.925     0     0 E PL_ENABLE_INDIRECT: USBIN_I_VOTER,0 Ignoring similar vote off of val=0
09-20 16:47:46.925     0     0 E PL_DISABLE: PL_FCC_LOW_VOTER,10 same vote off of val=0
09-20 16:47:46.926     0     0 E PL_DISABLE: PL_FCC_LOW_VOTER,10 Ignoring similar vote off of val=0
09-20 16:47:46.926     0     0 E         : ========2222========usb charge===============
09-20 16:47:46.926     0     0 E         : ========2222========usb charge===============
09-20 16:47:46.926     0     0 E USB_ICL_IRQ_DISABLE: USB_SUSPEND_VOTER,0 same vote off of val=0
09-20 16:47:46.926     0     0 E USB_ICL_IRQ_DISABLE: USB_SUSPEND_VOTER,0 Ignoring similar vote off of val=0
09-20 16:47:46.926     0     0 E FCC_MAIN: MAIN_FCC_VOTER,0 same vote on of val=4500000
09-20 16:47:46.926     0     0 E FCC_MAIN: MAIN_FCC_VOTER,0 Ignoring similar vote on of val=4500000
09-20 16:47:46.928     0     0 E PL_DISABLE: ICL_LIMIT_VOTER,9 same vote off of val=0
09-20 16:47:46.928     0     0 E PL_DISABLE: ICL_LIMIT_VOTER,9 Ignoring similar vote off of val=0
09-20 16:47:46.933     0     0 E CHG_DISABLE: JEITA_VOTER,3 same vote off of val=0
09-20 16:47:46.933     0     0 E CHG_DISABLE: JEITA_VOTER,3 Ignoring similar vote off of val=0
09-20 16:47:46.933     0     0 E FCC     : JEITA_VOTER,3 same vote on of val=4500000
09-20 16:47:46.933     0     0 E FCC     : JEITA_VOTER,3 Ignoring similar vote on of val=4500000
09-20 16:47:46.933     0     0 E USB_ICL : JEITA_VOTER,15 same vote off of val=0
09-20 16:47:46.933     0     0 E USB_ICL : JEITA_VOTER,15 Ignoring similar vote off of val=0
09-20 16:47:46.933     0     0 E FV      : JEITA_VOTER,3 same vote on of val=4400000
09-20 16:47:46.933     0     0 E FV      : JEITA_VOTER,3 Ignoring similar vote on of val=4400000
09-20 16:47:46.933     0     0 E FCC     : STEP_CHG_VOTER,4 same vote off of val=0
09-20 16:47:46.933     0     0 E FCC     : STEP_CHG_VOTER,4 Ignoring similar vote off of val=0
09-20 16:47:46.937     0     0 I         : ///PD dbg info 130d
09-20 16:47:46.937     0     0 I <3295387.827>TCPC-TCPC: bat_update_work_func battery update soc = 100
09-20 16:47:46.937     0     0 I <3295387.827>TCPC-TCPC: bat_update_work_func Battery Chargin
09-20 16:47:46.937     0     0 I         : g
09-20 16:47:46.949     0     0 E QG-K    : qg_status_change_work: disable health is warm, set fv to 4200000
09-20 16:47:46.949     0     0 E FV      : ADJUST_FV_VOTER,4 same vote off of val=0
09-20 16:47:46.949     0     0 E FV      : ADJUST_FV_VOTER,4 Ignoring similar vote off of val=0
09-20 16:47:47.004     0     0 W healthd : battery l=100 v=4307 t=25.8 h=2 st=2 c=235000 fc=7506000 cc=19 chg=u
09-20 16:47:51.062  1536  3266 I vendor.qti.bluetooth@1.0-ibs_handler: ProcessIbsCmd: Received IBS_WAKE_IND: 0xFD
09-20 16:47:51.062  1536  3266 D vendor.qti.bluetooth@1.0-ibs_handler: SerialClockVote: vote for UART CLK ON
09-20 16:47:51.066  1536  3266 D vendor.qti.bluetooth@1.0-wake_lock: Acquire wakelock is acquired 
09-20 16:47:51.066  1536  3266 I vendor.qti.bluetooth@1.0-ibs_handler: ProcessIbsCmd: Writing IBS_WAKE_ACK
09-20 16:47:51.108  1536  3266 I vendor.qti.bluetooth@1.0-ibs_handler: ProcessIbsCmd: Received IBS_SLEEP_IND: 0xFE
09-20 16:47:51.108  1536  3266 D vendor.qti.bluetooth@1.0-ibs_handler: SerialClockVote: vote for UART CLK OFF
09-20 16:47:51.259  1536  3065 D vendor.qti.bluetooth@1.0-wake_lock: Release wakelock is released 
09-20 16:47:51.293  2305  2665 D WifiStaIfaceHidlImpl: getCachedScanData is not implemented by HIDL
09-20 16:47:53.102 20868 10616 I NearbyMediums: Found Fast Ble Advertisements :
09-20 16:47:53.102 20868 10616 I NearbyMediums: BleAdvertisement { version=2, socketVersion=2, isFast=true, serviceIdHash=null, data=[ 0x23 0x53 0x35 0x4f 0x4d 0x11 0x32 0x19 0x73 0x3a 0x7b 0xdb 0x47 0x89 0xfd 0xc3 0xee 0xd7 0x19 0x6f 0xc7 0x2a 0x7a ], deviceToken=[ 0x7f 0xa7 ], rxAdvertisement=null } : 2 times.
09-20 16:47:53.102 20868 10616 I NearbyMediums: Total 2 fast advertisements from 1 unique advertisers.
09-20 16:47:53.103 20868 10616 I NearbyMediums: Current Tracked Scanning Clients are : {NearbyConnections.EnvironmentMonitor, NearbySharing, NearbyConnections.TxAdvertisement}
09-20 16:47:53.335 20868  5132 W AOSP-MdnsDiscoveryManag: Error while decoding multicast packet (4678): 1 [CONTEXT service_id=168 ]
09-20 16:47:54.324  2305  2665 D WifiStaIfaceHidlImpl: getCachedScanData is not implemented by HIDL
09-20 16:47:55.083 20868 10616 I FusedLocation: location delivery to 10234/com.google.android.gms[earthquake_alerting]/fd2006d blocked - too close [CONTEXT service_id=6 ]
09-20 16:47:55.070     0     0 E PL_DISABLE: CHG_STATE_VOTER,0 same vote on of val=1
09-20 16:47:55.070     0     0 E PL_DISABLE: CHG_STATE_VOTER,0 Ignoring similar vote on of val=1
09-20 16:47:55.070     0     0 E PL_ENABLE_INDIRECT: USBIN_I_VOTER,0 same vote off of val=0
09-20 16:47:55.070     0     0 E PL_ENABLE_INDIRECT: USBIN_I_VOTER,0 Ignoring similar vote off of val=0
09-20 16:47:55.070     0     0 E PL_DISABLE: PL_FCC_LOW_VOTER,10 same vote off of val=0
09-20 16:47:55.070     0     0 E PL_DISABLE: PL_FCC_LOW_VOTER,10 Ignoring similar vote off of val=0
09-20 16:47:55.070     0     0 E         : ========2222========usb charge===============
09-20 16:47:55.070     0     0 E         : ========2222========usb charge===============
09-20 16:47:55.071     0     0 E USB_ICL_IRQ_DISABLE: USB_SUSPEND_VOTER,0 same vote off of val=0
09-20 16:47:55.071     0     0 E USB_ICL_IRQ_DISABLE: USB_SUSPEND_VOTER,0 Ignoring similar vote off of val=0
09-20 16:47:55.071     0     0 E FCC_MAIN: MAIN_FCC_VOTER,0 same vote on of val=4500000
09-20 16:47:55.071     0     0 E FCC_MAIN: MAIN_FCC_VOTER,0 Ignoring similar vote on of val=4500000
09-20 16:47:55.073     0     0 E PL_DISABLE: ICL_LIMIT_VOTER,9 same vote off of val=0
09-20 16:47:55.073     0     0 E PL_DISABLE: ICL_LIMIT_VOTER,9 Ignoring similar vote off of val=0
09-20 16:47:55.076     0     0 E CHG_DISABLE: JEITA_VOTER,3 same vote off of val=0
09-20 16:47:55.076     0     0 E CHG_DISABLE: JEITA_VOTER,3 Ignoring similar vote off of val=0
09-20 16:47:55.076     0     0 E FCC     : JEITA_VOTER,3 same vote on of val=4500000
09-20 16:47:55.076     0     0 E FCC     : JEITA_VOTER,3 Ignoring similar vote on of val=4500000
09-20 16:47:55.076     0     0 E USB_ICL : JEITA_VOTER,15 same vote off of val=0
09-20 16:47:55.076     0     0 E USB_ICL : JEITA_VOTER,15 Ignoring similar vote off of val=0
09-20 16:47:55.076     0     0 E FV      : JEITA_VOTER,3 same vote on of val=4400000
09-20 16:47:55.076     0     0 E FV      : JEITA_VOTER,3 Ignoring similar vote on of val=4400000
09-20 16:47:55.076     0     0 E FCC     : STEP_CHG_VOTER,4 same vote off of val=0
09-20 16:47:55.076     0     0 E FCC     : STEP_CHG_VOTER,4 Ignoring similar vote off of val=0
09-20 16:47:55.081     0     0 I         : ///PD dbg info 69d
09-20 16:47:55.081     0     0 I <3295395.971>TCPC-TCPC: bat_update_work_func battery update soc = 100
09-20 16:47:55.089     0     0 E QG-K    : qg_status_change_work: disable health is warm, set fv to 4200000
09-20 16:47:55.089     0     0 E FV      : ADJUST_FV_VOTER,4 same vote off of val=0
09-20 16:47:55.089     0     0 E FV      : ADJUST_FV_VOTER,4 Ignoring similar vote off of val=0
09-20 16:47:55.105     0     0 I         : ///PD dbg info 61d
09-20 16:47:55.105     0     0 I <3295395.971>TCPC-TCPC: bat_update_work_func Battery Charging
09-20 16:47:55.157     0     0 W healthd : battery l=100 v=4309 t=25.8 h=2 st=2 c=141000 fc=7506000 cc=19 chg=u
09-20 16:47:57.353  1536  3266 I vendor.qti.bluetooth@1.0-ibs_handler: ProcessIbsCmd: Received IBS_WAKE_IND: 0xFD
09-20 16:47:57.353  1536  3266 D vendor.qti.bluetooth@1.0-ibs_handler: SerialClockVote: vote for UART CLK ON
09-20 16:47:57.357  1536  3266 D vendor.qti.bluetooth@1.0-wake_lock: Acquire wakelock is acquired 
09-20 16:47:57.357  1536  3266 I vendor.qti.bluetooth@1.0-ibs_handler: ProcessIbsCmd: Writing IBS_WAKE_ACK
09-20 16:47:57.363  2305  2665 D WifiStaIfaceHidlImpl: getCachedScanData is not implemented by HIDL
09-20 16:47:57.399  1536  3266 I vendor.qti.bluetooth@1.0-ibs_handler: ProcessIbsCmd: Received IBS_SLEEP_IND: 0xFE
09-20 16:47:57.399  1536  3266 D vendor.qti.bluetooth@1.0-ibs_handler: SerialClockVote: vote for UART CLK OFF
09-20 16:47:57.550  1536  3065 D vendor.qti.bluetooth@1.0-wake_lock: Release wakelock is released 
09-20 16:47:58.508  2305  2675 V serviceDiscovery: [MdnsAdvertiser.wlan0] VERBOSE Parsed packet with transactionId(107): 1 questions, 0 answers, 0 authority, 0 additional from /192.168.80.38:5353
09-20 16:47:58.511 20868  5132 W AOSP-MdnsDiscoveryManag: Error while decoding multicast packet (4679): 1 [CONTEXT service_id=168 ]
09-20 16:47:58.513 20868  5132 W AOSP-MdnsDiscoveryManag: Error while decoding multicast packet (4680): 1 [CONTEXT service_id=168 ]
09-20 16:47:58.515  2305  2675 V serviceDiscovery: [MdnsAdvertiser.wlan0] VERBOSE Parsed packet with transactionId(107): 1 questions, 0 answers, 0 authority, 0 additional from /[fe80::6ff0:8e65:b778:b707%wlan0]:5353
09-20 16:47:58.558 20868  5132 W AOSP-MdnsDiscoveryManag: Error while decoding multicast packet (4681): 1 [CONTEXT service_id=168 ]
09-20 16:47:58.559 20868  5132 W AOSP-MdnsDiscoveryManag: Error while decoding multicast packet (4682): 1 [CONTEXT service_id=168 ]
09-20 16:47:58.561 20868  5132 W AOSP-MdnsDiscoveryManag: Error while decoding multicast packet (4683): 1 [CONTEXT service_id=168 ]
09-20 16:47:58.660 20868  5132 W AOSP-MdnsDiscoveryManag: Error while decoding multicast packet (4686): 1 [CONTEXT service_id=168 ]
09-20 16:47:59.607 13461 22230 D App     : bindSocketToActiveNetwork: binding fd=142 to net=148 iface=wlan0
09-20 16:47:59.608 13461 22234 D gojni   : App: bindSocketToActiveNetwork: binding fd=142 to net=148 iface=wlan0
09-20 16:47:59.613 13461 22234 D App     : bindSocketToActiveNetwork: binding fd=142 to net=148 iface=wlan0
09-20 16:47:59.614 13461  2223 D gojni   : App: bindSocketToActiveNetwork: binding fd=142 to net=148 iface=wlan0
09-20 16:47:58.650     0     0 W healthd : battery l=100 v=4309 t=25.8 h=2 st=2 c=164000 fc=7506000 cc=19 chg=u
09-20 16:48:00.393  2305  2665 D WifiStaIfaceHidlImpl: getCachedScanData is not implemented by HIDL
09-20 16:48:02.523  1536  3266 I vendor.qti.bluetooth@1.0-ibs_handler: ProcessIbsCmd: Received IBS_WAKE_IND: 0xFD
09-20 16:48:02.523  1536  3266 D vendor.qti.bluetooth@1.0-ibs_handler: SerialClockVote: vote for UART CLK ON
09-20 16:48:02.526  1536  3266 D vendor.qti.bluetooth@1.0-wake_lock: Acquire wakelock is acquired 
09-20 16:48:02.526  1536  3266 I vendor.qti.bluetooth@1.0-ibs_handler: ProcessIbsCmd: Writing IBS_WAKE_ACK
09-20 16:48:02.568  1536  3266 I vendor.qti.bluetooth@1.0-ibs_handler: ProcessIbsCmd: Received IBS_SLEEP_IND: 0xFE
09-20 16:48:02.569  1536  3266 D vendor.qti.bluetooth@1.0-ibs_handler: SerialClockVote: vote for UART CLK OFF
09-20 16:48:02.719  1536  3065 D vendor.qti.bluetooth@1.0-wake_lock: Release wakelock is released 
09-20 16:48:03.108 20868 17131 I NearbyMediums: Found Fast Ble Advertisements :
09-20 16:48:03.108 20868 17131 I NearbyMediums: BleAdvertisement { version=2, socketVersion=2, isFast=true, serviceIdHash=null, data=[ 0x23 0x53 0x35 0x4f 0x4d 0x11 0x32 0x19 0x73 0x3a 0x7b 0xdb 0x47 0x89 0xfd 0xc3 0xee 0xd7 0x19 0x6f 0xc7 0x2a 0x7a ], deviceToken=[ 0x7f 0xa7 ], rxAdvertisement=null } : 2 times.
09-20 16:48:03.108 20868 17131 I NearbyMediums: Total 2 fast advertisements from 1 unique advertisers.
09-20 16:48:03.108 20868 17131 I NearbyMediums: Current Tracked Scanning Clients are : {NearbyConnections.EnvironmentMonitor, NearbySharing, NearbyConnections.TxAdvertisement}
09-20 16:48:03.352 17031 17045 I Finsky:background: [1296] Stats for Executor: bgExecutor xwn@7abee4[Running, pool size = 4, active threads = 0, queued tasks = 0, completed tasks = 45]
09-20 16:48:03.387 17031 17045 I Finsky:background: [1296] Stats for Executor: LightweightExecutor xwn@c620e68[Running, pool size = 4, active threads = 0, queued tasks = 0, completed tasks = 5]
09-20 16:48:03.424  2305  2665 D WifiStaIfaceHidlImpl: getCachedScanData is not implemented by HIDL
09-20 16:48:03.506 17031 17045 I Finsky:background: [1296] Stats for Executor: BlockingExecutor xwn@3a5a417[Running, pool size = 2, active threads = 0, queued tasks = 0, completed tasks = 9]
09-20 16:48:03.135     0     0 E QG_WS   : FIFO_DONE_VOTER,1 voting on of val=1
09-20 16:48:03.135     0     0 E QG_WS   : effective vote is now 1 voted by FIFO_DONE_VOTER,1
09-20 16:48:03.135     0     0 E QG_WS   : GOOD_OCV_VOTER,0 same vote off of val=0
09-20 16:48:03.135     0     0 E QG_WS   : GOOD_OCV_VOTER,0 Ignoring similar vote off of val=0
09-20 16:48:03.135     0     0 E QG_WS   : FIFO_DONE_VOTER,1 voting off of val=0
09-20 16:48:03.135     0     0 E QG_WS   : effective vote is now 0 voted by FIFO_DONE_VOTER,1
09-20 16:48:03.135     0     0 E QG_WS   : FIFO_RT_DONE_VOTER,2 same vote off of val=0
09-20 16:48:03.135     0     0 E QG_WS   : FIFO_RT_DONE_VOTER,2 Ignoring similar vote off of val=0
09-20 16:48:03.135     0     0 E QG_WS   : SUSPEND_DATA_VOTER,3 same vote off of val=0
09-20 16:48:03.135     0     0 E QG_WS   : SUSPEND_DATA_VOTER,3 Ignoring similar vote off of val=0
09-20 16:48:03.135     0     0 E QG_WS   : SLEEP_EXIT_DATA_VOTER,4 same vote off of val=0
09-20 16:48:03.135     0     0 E QG_WS   : SLEEP_EXIT_DATA_VOTER,4 Ignoring similar vote off of val=0
09-20 16:48:03.143     0     0 E QG_WS   : UDATA_READY_VOTER,5 voting on of val=1
09-20 16:48:03.143     0     0 E QG_WS   : effective vote is now 1 voted by UDATA_READY_VOTER,5
09-20 16:48:03.145     0     0 E QG_WS   : UDATA_READY_VOTER,5 voting off of val=0
09-20 16:48:03.146     0     0 E QG_WS   : effective vote is now 0 voted by UDATA_READY_VOTER,5
09-20 16:48:03.216     0     0 E PL_DISABLE: CHG_STATE_VOTER,0 same vote on of val=1
09-20 16:48:03.216     0     0 E PL_DISABLE: CHG_STATE_VOTER,0 Ignoring similar vote on of val=1
09-20 16:48:03.216     0     0 E PL_ENABLE_INDIRECT: USBIN_I_VOTER,0 same vote off of val=0
09-20 16:48:03.216     0     0 E PL_ENABLE_INDIRECT: USBIN_I_VOTER,0 Ignoring similar vote off of val=0
09-20 16:48:03.216     0     0 E PL_DISABLE: PL_FCC_LOW_VOTER,10 same vote off of val=0
09-20 16:48:03.216     0     0 E PL_DISABLE: PL_FCC_LOW_VOTER,10 Ignoring similar vote off of val=0
09-20 16:48:03.217     0     0 E         : ========2222========usb charge===============
09-20 16:48:03.217     0     0 E         : ========2222========usb charge===============
09-20 16:48:03.217     0     0 E USB_ICL_IRQ_DISABLE: USB_SUSPEND_VOTER,0 same vote off of val=0
09-20 16:48:03.217     0     0 E USB_ICL_IRQ_DISABLE: USB_SUSPEND_VOTER,0 Ignoring similar vote off of val=0
09-20 16:48:03.217     0     0 E FCC_MAIN: MAIN_FCC_VOTER,0 same vote on of val=4500000
09-20 16:48:03.217     0     0 E FCC_MAIN: MAIN_FCC_VOTER,0 Ignoring similar vote on of val=4500000
09-20 16:48:03.220     0     0 E PL_DISABLE: ICL_LIMIT_VOTER,9 same vote off of val=0
09-20 16:48:03.220     0     0 E PL_DISABLE: ICL_LIMIT_VOTER,9 Ignoring similar vote off of val=0
09-20 16:48:03.228     0     0 E CHG_DISABLE: JEITA_VOTER,3 same vote off of val=0
09-20 16:48:03.228     0     0 E CHG_DISABLE: JEITA_VOTER,3 Ignoring similar vote off of val=0
09-20 16:48:03.228     0     0 E FCC     : JEITA_VOTER,3 same vote on of val=4500000
09-20 16:48:03.228     0     0 E FCC     : JEITA_VOTER,3 Ignoring similar vote on of val=4500000
09-20 16:48:03.228     0     0 E USB_ICL : JEITA_VOTER,15 same vote off of val=0
09-20 16:48:03.228     0     0 E USB_ICL : JEITA_VOTER,15 Ignoring similar vote off of val=0
09-20 16:48:03.228     0     0 E FV      : JEITA_VOTER,3 same vote on of val=4400000
09-20 16:48:03.228     0     0 E FV      : JEITA_VOTER,3 Ignoring similar vote on of val=4400000
09-20 16:48:03.228     0     0 E FCC     : STEP_CHG_VOTER,4 same vote off of val=0
09-20 16:48:03.228     0     0 E FCC     : STEP_CHG_VOTER,4 Ignoring similar vote off of val=0
09-20 16:48:03.229     0     0 I         : ///PD dbg info 130d
09-20 16:48:03.229     0     0 I <3295404.119>TCPC-TCPC: bat_update_work_func battery update soc = 100
09-20 16:48:03.229     0     0 I <3295404.119>TCPC-TCPC: bat_update_work_func Battery Chargin
09-20 16:48:03.229     0     0 I         : g
09-20 16:48:03.245     0     0 E QG-K    : qg_status_change_work: disable health is warm, set fv to 4200000
09-20 16:48:03.245     0     0 E FV      : ADJUST_FV_VOTER,4 same vote off of val=0
09-20 16:48:03.245     0     0 E FV      : ADJUST_FV_VOTER,4 Ignoring similar vote off of val=0
09-20 16:48:03.307     0     0 W healthd : battery l=100 v=4306 t=25.8 h=2 st=2 c=152000 fc=7506000 cc=19 chg=u
09-20 16:48:05.092  1536  3266 I vendor.qti.bluetooth@1.0-ibs_handler: ProcessIbsCmd: Received IBS_WAKE_IND: 0xFD
09-20 16:48:05.093  1536  3266 D vendor.qti.bluetooth@1.0-ibs_handler: SerialClockVote: vote for UART CLK ON
09-20 16:48:05.096  1536  3266 D vendor.qti.bluetooth@1.0-wake_lock: Acquire wakelock is acquired 
09-20 16:48:05.096  1536  3266 I vendor.qti.bluetooth@1.0-ibs_handler: ProcessIbsCmd: Writing IBS_WAKE_ACK
09-20 16:48:05.137  1536  3266 I vendor.qti.bluetooth@1.0-ibs_handler: ProcessIbsCmd: Received IBS_SLEEP_IND: 0xFE
09-20 16:48:05.137  1536  3266 D vendor.qti.bluetooth@1.0-ibs_handler: SerialClockVote: vote for UART CLK OFF
09-20 16:48:05.288  1536  3065 D vendor.qti.bluetooth@1.0-wake_lock: Release wakelock is released 
09-20 16:48:06.452  2305  2665 D WifiStaIfaceHidlImpl: getCachedScanData is not implemented by HIDL
09-20 16:48:09.484  2305  2665 D WifiStaIfaceHidlImpl: getCachedScanData is not implemented by HIDL
09-20 16:48:08.351     0     0 I binder  : 17135:17135 ioctl 40046210 7fe1e9cc54 returned -22
09-20 16:48:09.828  8281  8281 D TaskbarManager: dispatchTouchEvent:  displayId=0 isDefaultDisplay=true
09-20 16:48:10.593 17031 17107 I PlayCommon: [1339] Preparing logs for uploading
09-20 16:48:10.602 17031 17107 I PlayCommon: [1339] Connecting to server: https://play.googleapis.com/play/log?format=raw&proto_v2=true
09-20 16:48:10.801 17031 17107 I PlayCommon: [1339] Successfully uploaded logs.
09-20 16:48:09.389     0     0 I binder  : 17143:17143 ioctl 40046210 7fcd4cb494 returned -22
09-20 16:48:10.860 17143 17143 W screencap: Thread Pool max thread count is 0. Cannot cache binder as linkToDeath cannot be implemented. serviceName: SurfaceFlingerAIDL
09-20 16:48:10.862 17143 17143 W libbinder.BpBinder: Linking to death on android.gui.ISurfaceComposer but there are no threads (yet?) listening to incoming transactions. See ProcessState::startThreadPool and ProcessState::setThreadPoolMaxThreadCount. Generally you should setup the binder threadpool before other initialization steps.
09-20 16:48:10.862 17143 17143 W libbinder.ProcessState: Extra binder thread started, but 0 threads requested. Do not use *startThreadPool when zero threads are requested.
09-20 16:48:10.884 17143 17144 W GraphicBufferMapper: Forcing legacy gralloc mapper
09-20 16:48:09.416     0     0 I binder  : 17143:17144 ioctl 40046210 7c1ed75854 returned -22
09-20 16:48:10.887   611   611 I hwservicemanager: getTransport: Cannot find entry android.hardware.graphics.mapper@2.0::IMapper/default in either framework or device VINTF manifest.
09-20 16:48:10.887 17143 17144 W Gralloc2: mapper 2.x is not supported
09-20 16:48:09.420     0     0 I servicemanager: Caller(pid=17143,uid=2000,sid=u:r:shell:s0) Could not find android.hardware.graphics.allocator.IAllocator/default in the VINTF manifest. No alternative instances declared in VINTF.
09-20 16:48:09.467     0     0 I servicemanager: Caller(pid=17143,uid=2000,sid=u:r:shell:s0) Could not find android.hardware.graphics.allocator.IAllocator/default in the VINTF manifest. No alternative instances declared in VINTF.
09-20 16:48:12.514  2305  2665 D WifiStaIfaceHidlImpl: getCachedScanData is not implemented by HIDL
09-20 16:48:11.362     0     0 E PL_DISABLE: CHG_STATE_VOTER,0 same vote on of val=1
09-20 16:48:11.362     0     0 E PL_DISABLE: CHG_STATE_VOTER,0 Ignoring similar vote on of val=1
09-20 16:48:11.362     0     0 E PL_ENABLE_INDIRECT: USBIN_I_VOTER,0 same vote off of val=0
09-20 16:48:11.362     0     0 E PL_ENABLE_INDIRECT: USBIN_I_VOTER,0 Ignoring similar vote off of val=0
09-20 16:48:11.362     0     0 E PL_DISABLE: PL_FCC_LOW_VOTER,10 same vote off of val=0
09-20 16:48:11.362     0     0 E PL_DISABLE: PL_FCC_LOW_VOTER,10 Ignoring similar vote off of val=0
09-20 16:48:11.362     0     0 E         : ========2222========usb charge===============
09-20 16:48:11.362     0     0 E         : ========2222========usb charge===============
09-20 16:48:11.362     0     0 E USB_ICL_IRQ_DISABLE: USB_SUSPEND_VOTER,0 same vote off of val=0
09-20 16:48:11.362     0     0 E USB_ICL_IRQ_DISABLE: USB_SUSPEND_VOTER,0 Ignoring similar vote off of val=0
09-20 16:48:11.362     0     0 E FCC_MAIN: MAIN_FCC_VOTER,0 same vote on of val=4500000
09-20 16:48:11.362     0     0 E FCC_MAIN: MAIN_FCC_VOTER,0 Ignoring similar vote on of val=4500000
09-20 16:48:11.364     0     0 E PL_DISABLE: ICL_LIMIT_VOTER,9 same vote off of val=0
09-20 16:48:11.364     0     0 E PL_DISABLE: ICL_LIMIT_VOTER,9 Ignoring similar vote off of val=0
09-20 16:48:11.373     0     0 I         : ///PD dbg info 130d
09-20 16:48:11.373     0     0 I <3295412.263>TCPC-TCPC: bat_update_work_func battery update soc = 100
09-20 16:48:11.373     0     0 I <3295412.263>TCPC-TCPC: bat_update_work_func Battery Chargin
09-20 16:48:11.373     0     0 I         : g
09-20 16:48:11.377     0     0 E CHG_DISABLE: JEITA_VOTER,3 same vote off of val=0
09-20 16:48:11.377     0     0 E CHG_DISABLE: JEITA_VOTER,3 Ignoring similar vote off of val=0
09-20 16:48:11.377     0     0 E FCC     : JEITA_VOTER,3 same vote on of val=4500000
09-20 16:48:11.377     0     0 E FCC     : JEITA_VOTER,3 Ignoring similar vote on of val=4500000
09-20 16:48:11.377     0     0 E USB_ICL : JEITA_VOTER,15 same vote off of val=0
09-20 16:48:11.377     0     0 E USB_ICL : JEITA_VOTER,15 Ignoring similar vote off of val=0
09-20 16:48:11.377     0     0 E FV      : JEITA_VOTER,3 same vote on of val=4400000
09-20 16:48:11.377     0     0 E FV      : JEITA_VOTER,3 Ignoring similar vote on of val=4400000
09-20 16:48:11.377     0     0 E FCC     : STEP_CHG_VOTER,4 same vote off of val=0
09-20 16:48:11.377     0     0 E FCC     : STEP_CHG_VOTER,4 Ignoring similar vote off of val=0
09-20 16:48:11.401     0     0 E QG-K    : qg_status_change_work: disable health is warm, set fv to 4200000
09-20 16:48:11.401     0     0 E FV      : ADJUST_FV_VOTER,4 same vote off of val=0
09-20 16:48:11.401     0     0 E FV      : ADJUST_FV_VOTER,4 Ignoring similar vote off of val=0
09-20 16:48:11.452     0     0 W healthd : battery l=100 v=4304 t=25.7 h=2 st=2 c=206000 fc=7506000 cc=19 chg=u
09-20 16:48:13.111 20868 17131 I NearbyMediums: Found Fast Ble Advertisements :
09-20 16:48:13.111 20868 17131 I NearbyMediums: BleAdvertisement { version=2, socketVersion=2, isFast=true, serviceIdHash=null, data=[ 0x23 0x53 0x35 0x4f 0x4d 0x11 0x32 0x19 0x73 0x3a 0x7b 0xdb 0x47 0x89 0xfd 0xc3 0xee 0xd7 0x19 0x6f 0xc7 0x2a 0x7a ], deviceToken=[ 0x7f 0xa7 ], rxAdvertisement=null } : 1 times.
09-20 16:48:13.111 20868 17131 I NearbyMediums: Total 1 fast advertisements from 1 unique advertisers.
09-20 16:48:13.113 20868 17131 I NearbyMediums: Current Tracked Scanning Clients are : {NearbyConnections.EnvironmentMonitor, NearbySharing, NearbyConnections.TxAdvertisement}
09-20 16:48:15.558  2305  2665 D WifiStaIfaceHidlImpl: getCachedScanData is not implemented by HIDL
09-20 16:48:18.592  2305  2665 D WifiStaIfaceHidlImpl: getCachedScanData is not implemented by HIDL
09-20 16:48:19.204     0     0 I binder  : 17145:17145 ioctl 40046210 7fd8493be4 returned -22
09-20 16:48:20.676 17145 17145 W dumpsys : Thread Pool max thread count is 0. Cannot cache binder as linkToDeath cannot be implemented. serviceName: activity
09-20 16:48:20.880  2305  2675 V serviceDiscovery: [MdnsAdvertiser.wlan0] VERBOSE Parsed packet with transactionId(125): 1 questions, 0 answers, 0 authority, 0 additional from /192.168.80.35:5353
09-20 16:48:20.881 20868  5132 W AOSP-MdnsDiscoveryManag: Error while decoding multicast packet (4695): 1 [CONTEXT service_id=168 ]
09-20 16:48:19.506     0     0 E PL_DISABLE: CHG_STATE_VOTER,0 same vote on of val=1
09-20 16:48:19.506     0     0 E PL_DISABLE: CHG_STATE_VOTER,0 Ignoring similar vote on of val=1
09-20 16:48:19.506     0     0 E PL_ENABLE_INDIRECT: USBIN_I_VOTER,0 same vote off of val=0
09-20 16:48:19.506     0     0 E PL_ENABLE_INDIRECT: USBIN_I_VOTER,0 Ignoring similar vote off of val=0
09-20 16:48:19.506     0     0 E PL_DISABLE: PL_FCC_LOW_VOTER,10 same vote off of val=0
09-20 16:48:19.506     0     0 E PL_DISABLE: PL_FCC_LOW_VOTER,10 Ignoring similar vote off of val=0
09-20 16:48:19.506     0     0 E         : ========2222========usb charge===============
09-20 16:48:19.506     0     0 E         : ========2222========usb charge===============
09-20 16:48:19.507     0     0 E USB_ICL_IRQ_DISABLE: USB_SUSPEND_VOTER,0 same vote off of val=0
09-20 16:48:19.507     0     0 E USB_ICL_IRQ_DISABLE: USB_SUSPEND_VOTER,0 Ignoring similar vote off of val=0
09-20 16:48:19.507     0     0 E FCC_MAIN: MAIN_FCC_VOTER,0 same vote on of val=4500000
09-20 16:48:19.507     0     0 E FCC_MAIN: MAIN_FCC_VOTER,0 Ignoring similar vote on of val=4500000
09-20 16:48:19.509     0     0 E PL_DISABLE: ICL_LIMIT_VOTER,9 same vote off of val=0
09-20 16:48:19.509     0     0 E PL_DISABLE: ICL_LIMIT_VOTER,9 Ignoring similar vote off of val=0
09-20 16:48:19.513     0     0 E CHG_DISABLE: JEITA_VOTER,3 same vote off of val=0
09-20 16:48:19.513     0     0 E CHG_DISABLE: JEITA_VOTER,3 Ignoring similar vote off of val=0
09-20 16:48:19.513     0     0 E FCC     : JEITA_VOTER,3 same vote on of val=4500000
09-20 16:48:19.513     0     0 E FCC     : JEITA_VOTER,3 Ignoring similar vote on of val=4500000
09-20 16:48:19.513     0     0 E USB_ICL : JEITA_VOTER,15 same vote off of val=0
09-20 16:48:19.513     0     0 E USB_ICL : JEITA_VOTER,15 Ignoring similar vote off of val=0
09-20 16:48:19.513     0     0 E FV      : JEITA_VOTER,3 same vote on of val=4400000
09-20 16:48:20.988 20868  5132 W AOSP-MdnsDiscoveryManag: Error while decoding multicast packet (4697): 1 [CONTEXT service_id=168 ]
09-20 16:48:19.513     0     0 E FV      : JEITA_VOTER,3 Ignoring similar vote on of val=4400000
09-20 16:48:19.513     0     0 E FCC     : STEP_CHG_VOTER,4 same vote off of val=0
09-20 16:48:19.513     0     0 E FCC     : STEP_CHG_VOTER,4 Ignoring similar vote off of val=0
09-20 16:48:19.517     0     0 I         : ///PD dbg info 69d
09-20 16:48:19.517     0     0 I <3295420.407>TCPC-TCPC: bat_update_work_func battery update soc = 100
09-20 16:48:20.998  2305  2675 V serviceDiscovery: [MdnsAdvertiser.wlan0] VERBOSE Parsed packet with transactionId(125): 1 questions, 0 answers, 0 authority, 0 additional from /[fe80::a844:71ff:fe70:1823%wlan0]:5353
09-20 16:48:19.533     0     0 E QG-K    : qg_status_change_work: disable health is warm, set fv to 4200000
09-20 16:48:19.533     0     0 E FV      : ADJUST_FV_VOTER,4 same vote off of val=0
09-20 16:48:19.533     0     0 E FV      : ADJUST_FV_VOTER,4 Ignoring similar vote off of val=0
09-20 16:48:19.541     0     0 I         : ///PD dbg info 61d
09-20 16:48:19.541     0     0 I <3295420.407>TCPC-TCPC: bat_update_work_func Battery Charging
09-20 16:48:19.586     0     0 W healthd : battery l=100 v=4308 t=25.8 h=2 st=2 c=159000 fc=7506000 cc=19 chg=u
09-20 16:48:21.617  2305  2665 D WifiStaIfaceHidlImpl: getCachedScanData is not implemented by HIDL
09-20 16:48:23.115 20868 17131 I NearbyMediums: No BLE Fast/GATT advertisements found in the latest cycle.
09-20 16:48:23.115 20868 17131 I NearbyMediums: Current Tracked Scanning Clients are : {NearbyConnections.EnvironmentMonitor, NearbySharing, NearbyConnections.TxAdvertisement}
09-20 16:48:23.119 20868 17148 I NearbyConnections: Processing lost BlePeripheral BlePeripheral{advertisement=BleAdvertisement { version=2, socketVersion=2, isFast=true, serviceIdHash=null, data=[ 0x23 0x53 0x35 0x4f 0x4d 0x11 0x32 0x19 0x73 0x3a 0x7b 0xdb 0x47 0x89 0xfd 0xc3 0xee 0xd7 0x19 0x6f 0xc7 0x2a 0x7a ], deviceToken=[ 0x7f 0xa7 ], rxAdvertisement=null }, dctAdvertisement=null, address=null, psm=0, deviceToken=<ByteString@df31db4 size=2 contents="\177\247">, isSecondProfile=false, rxInstantConnectionAdv=null}.
09-20 16:48:23.120 20868 17148 I NearbyConnections: Lost BleEndpoint for BlePeripheral BlePeripheral{advertisement=BleAdvertisement { version=2, socketVersion=2, isFast=true, serviceIdHash=null, data=[ 0x23 0x53 0x35 0x4f 0x4d 0x11 0x32 0x19 0x73 0x3a 0x7b 0xdb 0x47 0x89 0xfd 0xc3 0xee 0xd7 0x19 0x6f 0xc7 0x2a 0x7a ], deviceToken=[ 0x7f 0xa7 ], rxAdvertisement=null }, dctAdvertisement=null, address=null, psm=0, deviceToken=<ByteString@df31db4 size=2 contents="\177\247">, isSecondProfile=false, rxInstantConnectionAdv=null} (with EndpointId S5OM and EndpointInfo [ 0x32 0x19 0x73 0x3a 0x7b 0xdb 0x47 0x89 0xfd 0xc3 0xee 0xd7 0x19 0x6f 0xc7 0x2a 0x7a ]).
09-20 16:48:23.121 20868 17148 I NearbyConnections: Unable to record lost endpoint due to null currentDiscoveryPhase
09-20 16:48:23.121 20868 17148 I NearbyConnections: ClientProxy(47025994) reporting onEndpointLost(S5OM)
09-20 16:48:23.126 20868 17131 I NearbySharing: NearbySharing Internal event EndpointLost(endpointId=S5OM)
09-20 16:48:23.128 20868 17150 I NearbySharing: [NS_DISCOVERY] DiscoveryController reported Lost(endpointId=S5OM)
09-20 16:48:23.632 20868 17149 I NearbySharing: [NS_CONTROL] DiscoveryStateManager emitted ReportLost(id=1).
09-20 16:48:23.632 20868 17149 I NearbySharing: NearbySharing Internal event ReceiverLost(receiverId=1)
09-20 16:48:23.633 20868 17131 I NearbySharing: SendProvider: SendManager event Lost(receiverId=1)
09-20 16:48:23.634 20868 17148 I NearbySharing: ShareTargetDiscoveredCallback: onShareTargetLost()
09-20 16:48:23.643 20868 20868 I NearbySharing: ShortcutInfoManager removed shortcut teléfono de Julian
09-20 16:48:23.647  2305  2338 W NotificationHistory: Attempted to remove conversation for locked/gone/disabled user 0
09-20 16:48:24.649  2305  2665 D WifiStaIfaceHidlImpl: getCachedScanData is not implemented by HIDL
09-20 16:48:25.180 13461 22234 D App     : bindSocketToActiveNetwork: binding fd=142 to net=148 iface=wlan0
09-20 16:48:25.181 13461 22217 D gojni   : App: bindSocketToActiveNetwork: binding fd=142 to net=148 iface=wlan0
09-20 16:48:25.191 13461 22217 D App     : bindSocketToActiveNetwork: binding fd=142 to net=148 iface=wlan0
09-20 16:48:25.192 13461 22234 D gojni   : App: bindSocketToActiveNetwork: binding fd=142 to net=148 iface=wlan0
09-20 16:48:25.963 13461 22224 D gojni   : netcheck: DetectCaptivePortal(found=false)
09-20 16:48:27.131 20868  5132 W AOSP-MdnsDiscoveryManag: Error while decoding multicast packet (4706): 1 [CONTEXT service_id=168 ]
09-20 16:48:27.134 20868  5132 W AOSP-MdnsDiscoveryManag: Error while decoding multicast packet (4707): 1 [CONTEXT service_id=168 ]
09-20 16:48:27.688  2305  2665 D WifiStaIfaceHidlImpl: getCachedScanData is not implemented by HIDL
09-20 16:48:26.451     0     0 I binder  : 17154:17154 ioctl 40046210 7fd1d2ee84 returned -22
09-20 16:48:27.929  5317  5317 I StylusModule: StylusModule.onUpdateToolType():779 Update tool type = 0
09-20 16:48:27.932  2305  2327 E RemoteAugmentedAutofillService: Bad service name for flags 1048704: com.google.android.as/com.google.android.apps.miphone.aiai.app.AiAiAugmentedAutofillService
09-20 16:48:28.155 20868  5132 W AOSP-MdnsDiscoveryManag: Error while decoding multicast packet (4708): 1 [CONTEXT service_id=168 ]
09-20 16:48:28.257 20868  5132 W AOSP-MdnsDiscoveryManag: Error while decoding multicast packet (4709): 1 [CONTEXT service_id=168 ]
09-20 16:48:28.404 16838 16838 W WindowOnBackDispatcher: OnBackInvokedCallback is not enabled for the application.
09-20 16:48:28.404 16838 16838 W WindowOnBackDispatcher: Set 'android:enableOnBackInvokedCallback="true"' in the application manifest.
09-20 16:48:28.649 17159 17159 W screencap: Thread Pool max thread count is 0. Cannot cache binder as linkToDeath cannot be implemented. serviceName: SurfaceFlingerAIDL
09-20 16:48:28.649 17159 17159 W libbinder.BpBinder: Linking to death on android.gui.ISurfaceComposer but there are no threads (yet?) listening to incoming transactions. See ProcessState::startThreadPool and ProcessState::setThreadPoolMaxThreadCount. Generally you should setup the binder threadpool before other initialization steps.
09-20 16:48:27.178     0     0 I binder  : 17159:17159 ioctl 40046210 7fc1986474 returned -22
09-20 16:48:28.651 17159 17159 W libbinder.ProcessState: Extra binder thread started, but 0 threads requested. Do not use *startThreadPool when zero threads are requested.
09-20 16:48:28.670 17159 17160 W GraphicBufferMapper: Forcing legacy gralloc mapper
09-20 16:48:27.202     0     0 I binder  : 17159:17160 ioctl 40046210 79bd4b5854 returned -22
09-20 16:48:28.672   611   611 I hwservicemanager: getTransport: Cannot find entry android.hardware.graphics.mapper@2.0::IMapper/default in either framework or device VINTF manifest.
09-20 16:48:28.673 17159 17160 W Gralloc2: mapper 2.x is not supported
09-20 16:48:27.206     0     0 I servicemanager: Caller(pid=17159,uid=2000,sid=u:r:shell:s0) Could not find android.hardware.graphics.allocator.IAllocator/default in the VINTF manifest. No alternative instances declared in VINTF.
09-20 16:48:27.256     0     0 I servicemanager: Caller(pid=17159,uid=2000,sid=u:r:shell:s0) Could not find android.hardware.graphics.allocator.IAllocator/default in the VINTF manifest. No alternative instances declared in VINTF.
09-20 16:48:27.314     0     0 W healthd : battery l=99 v=4309 t=25.9 h=2 st=2 c=182000 fc=7506000 cc=19 chg=u
09-20 16:48:28.855  2024  2024 D Zygote  : Forked child process 17161
09-20 16:48:28.856  2305  2340 I ActivityManager: Start proc 17161:com.android.settings/1000 for broadcast {com.android.settings/com.android.settings.fuelgauge.batteryusage.BatteryUsageBroadcastReceiver}
09-20 16:48:28.888 17161 17161 I Zygote  : Process 17161 crated for com.android.settings
09-20 16:48:28.889 17161 17161 I ndroid.settings: Using CollectorTypeCC GC.
09-20 16:48:28.903 17161 17161 D nativeloader: Load libframework-connectivity-tiramisu-jni.so using APEX ns com_android_tethering for caller /apex/com.android.tethering/javalib/framework-connectivity-t.jar: ok
09-20 16:48:27.435     0     0 I binder  : 17161:17161 ioctl 40046210 7fd0e27b54 returned -22
09-20 16:48:28.937 17161 17161 D ApplicationLoaders: Returning zygote-cached class loader: /system/framework/org.apache.http.legacy.jar
09-20 16:48:28.951 17161 17161 D nativeloader: Configuring clns-shared-7 for other apk /system_ext/framework/androidx.window.extensions.jar. target_sdk_version=36, uses_libraries=ALL, library_path=/system/system_ext/priv-app/Settings/lib/arm64:/system/lib64:/system/system_ext/lib64, permitted_path=/data:/mnt/expand:/data/user_de/0/com.android.settings:/system/system_ext/priv-app/Settings:/system/lib64:/system/system_ext/lib64
09-20 16:48:28.955 17161 17161 D nativeloader: Configuring clns-shared-8 for other apk /system_ext/framework/androidx.window.sidecar.jar. target_sdk_version=36, uses_libraries=ALL, library_path=/system/system_ext/priv-app/Settings/lib/arm64:/system/lib64:/system/system_ext/lib64, permitted_path=/data:/mnt/expand:/data/user_de/0/com.android.settings:/system/system_ext/priv-app/Settings:/system/lib64:/system/system_ext/lib64
09-20 16:48:28.961 17161 17161 D nativeloader: Configuring clns-shared-9 for other apk /system_ext/framework/com.android.extensions.appfunctions.jar. target_sdk_version=36, uses_libraries=ALL, library_path=/system/system_ext/priv-app/Settings/lib/arm64:/system/lib64:/system/system_ext/lib64, permitted_path=/data:/mnt/expand:/data/user_de/0/com.android.settings:/system/system_ext/priv-app/Settings:/system/lib64:/system/system_ext/lib64
09-20 16:48:29.021 17161 17161 D nativeloader: Configuring clns-shared-10 for other apk /system/system_ext/priv-app/Settings/Settings.apk. target_sdk_version=36, uses_libraries=, library_path=/system/system_ext/priv-app/Settings/lib/arm64:/system/lib64:/system/system_ext/lib64, permitted_path=/data:/mnt/expand:/data/user_de/0/com.android.settings:/system/system_ext/priv-app/Settings:/system/lib64:/system/system_ext/lib64
09-20 16:48:27.650     0     0 E PL_DISABLE: CHG_STATE_VOTER,0 same vote on of val=1
09-20 16:48:27.650     0     0 E PL_DISABLE: CHG_STATE_VOTER,0 Ignoring similar vote on of val=1
09-20 16:48:27.650     0     0 E PL_ENABLE_INDIRECT: USBIN_I_VOTER,0 same vote off of val=0
09-20 16:48:27.650     0     0 E PL_ENABLE_INDIRECT: USBIN_I_VOTER,0 Ignoring similar vote off of val=0
09-20 16:48:27.650     0     0 E PL_DISABLE: PL_FCC_LOW_VOTER,10 same vote off of val=0
09-20 16:48:27.650     0     0 E PL_DISABLE: PL_FCC_LOW_VOTER,10 Ignoring similar vote off of val=0
09-20 16:48:27.650     0     0 E         : ========2222========usb charge===============
09-20 16:48:27.650     0     0 E         : ========2222========usb charge===============
09-20 16:48:27.650     0     0 E USB_ICL_IRQ_DISABLE: USB_SUSPEND_VOTER,0 same vote off of val=0
09-20 16:48:27.650     0     0 E USB_ICL_IRQ_DISABLE: USB_SUSPEND_VOTER,0 Ignoring similar vote off of val=0
09-20 16:48:27.650     0     0 E FCC_MAIN: MAIN_FCC_VOTER,0 same vote on of val=4500000
09-20 16:48:27.650     0     0 E FCC_MAIN: MAIN_FCC_VOTER,0 Ignoring similar vote on of val=4500000
09-20 16:48:27.652     0     0 E PL_DISABLE: ICL_LIMIT_VOTER,9 same vote off of val=0
09-20 16:48:27.652     0     0 E PL_DISABLE: ICL_LIMIT_VOTER,9 Ignoring similar vote off of val=0
09-20 16:48:27.657     0     0 E CHG_DISABLE: JEITA_VOTER,3 same vote off of val=0
09-20 16:48:27.657     0     0 E CHG_DISABLE: JEITA_VOTER,3 Ignoring similar vote off of val=0
09-20 16:48:27.657     0     0 E FCC     : JEITA_VOTER,3 same vote on of val=4500000
09-20 16:48:27.657     0     0 E FCC     : JEITA_VOTER,3 Ignoring similar vote on of val=4500000
09-20 16:48:27.657     0     0 E USB_ICL : JEITA_VOTER,15 same vote off of val=0
09-20 16:48:27.657     0     0 E USB_ICL : JEITA_VOTER,15 Ignoring similar vote off of val=0
09-20 16:48:27.657     0     0 E FV      : JEITA_VOTER,3 same vote on of val=4400000
09-20 16:48:27.657     0     0 E FV      : JEITA_VOTER,3 Ignoring similar vote on of val=4400000
09-20 16:48:27.657     0     0 E FCC     : STEP_CHG_VOTER,4 same vote off of val=0
09-20 16:48:27.657     0     0 E FCC     : STEP_CHG_VOTER,4 Ignoring similar vote off of val=0
09-20 16:48:27.661     0     0 I         : ///PD dbg info 68d
09-20 16:48:27.661     0     0 I <3295428.551>TCPC-TCPC: bat_update_work_func battery update soc = 99
09-20 16:48:27.669     0     0 E QG-K    : qg_status_change_work: disable health is warm, set fv to 4200000
09-20 16:48:27.669     0     0 E FV      : ADJUST_FV_VOTER,4 same vote off of val=0
09-20 16:48:27.669     0     0 E FV      : ADJUST_FV_VOTER,4 Ignoring similar vote off of val=0
09-20 16:48:27.685     0     0 I         : ///PD dbg info 61d
09-20 16:48:27.685     0     0 I <3295428.551>TCPC-TCPC: bat_update_work_func Battery Charging
09-20 16:48:29.183 17161 17161 V GraphicsEnvironment: Currently set values for:
09-20 16:48:29.183 17161 17161 V GraphicsEnvironment:   angle_gl_driver_selection_pkgs=[com.android.angle, com.google.android.apps.tachyon]
09-20 16:48:29.183 17161 17161 V GraphicsEnvironment:   angle_gl_driver_selection_values=[angle, native]
09-20 16:48:29.183 17161 17161 V GraphicsEnvironment: com.android.settings is not listed in per-application setting
09-20 16:48:29.184 17161 17161 V GraphicsEnvironment: ANGLE allowlist from config: 
09-20 16:48:29.184 17161 17161 V GraphicsEnvironment: com.android.settings is not listed in ANGLE allowlist or settings, returning default
09-20 16:48:29.184 17161 17161 V GraphicsEnvironment: Neither updatable production driver nor prerelease driver is supported.
09-20 16:48:27.718     0     0 W healthd : battery l=99 v=4296 t=25.8 h=2 st=2 c=266000 fc=7506000 cc=19 chg=u
09-20 16:48:29.282 17161 17161 D BatteryStateDatabase: initialize battery states database
09-20 16:48:29.282 17161 17161 W BatteryUsageContentProvider: create content provider from null
09-20 16:48:29.284 17161 17161 D SettingsSliceProvider: init
09-20 16:48:29.284 17161 17161 D SettingsSliceProvider: onCreateSliceProvider
09-20 16:48:29.313 17161 17161 E ashmem  : Pinning is deprecated since Android Q. Please use trim or other methods.
09-20 16:48:29.313 17161 17161 D SpaEnvironment: reset
09-20 16:48:29.314 17161 17161 D DesktopExperienceFlags: Toggle override initialized to: false
09-20 16:48:29.332 17161 17161 D BatteryUsageBroadcastReceiver: onReceive:android.intent.action.BATTERY_LEVEL_CHANGED
09-20 16:48:29.348 17161 17161 D BatteryUsageBroadcastReceiver: fetch data because of event: ACTION_BATTERY_LEVEL_CHANGED
09-20 16:48:29.583 13461 22234 D gojni   : magicsock: disco: node [ueFcY] d:0262d193c7ac5c2f now using 192.168.128.2:48844 mtu=1360 tx=99697963bae1
09-20 16:48:30.328  7341  7341 I KWGTSWidgetService: Refresh: BATTERY
09-20 16:48:30.330  7341  7341 I KWGTSWidgetService: Refresh: BATTERY
09-20 16:48:30.363  2305  2720 D BackgroundInstallControlService: Package event received: 0
09-20 16:48:30.364  2305  2683 V GrammaticalInflectionUtils: AttributionSource: android.content.AttributionSource@5d7b8dce does not have READ_SYSTEM_GRAMMATICAL_GENDER permission.
09-20 16:48:30.403  2024  2024 D Zygote  : Forked child process 17178
09-20 16:48:30.405  2305  2340 I ActivityManager: Start proc 17178:org.omnirom.omnijaws/u0a282 for content provider {org.omnirom.omnijaws/org.omnirom.omnijaws.WeatherContentProvider}
09-20 16:48:30.439 17178 17178 I Zygote  : Process 17178 crated for org.omnirom.omnijaws
09-20 16:48:30.440 17178 17178 I mnirom.omnijaws: Using CollectorTypeCC GC.
09-20 16:48:30.456 17178 17178 D nativeloader: Load libframework-connectivity-tiramisu-jni.so using APEX ns com_android_tethering for caller /apex/com.android.tethering/javalib/framework-connectivity-t.jar: ok
09-20 16:48:28.988     0     0 I binder  : 17178:17178 ioctl 40046210 7fd0e27b54 returned -22
09-20 16:48:30.484 17178 17178 D ApplicationLoaders: Returning zygote-cached class loader: /system/framework/org.apache.http.legacy.jar
09-20 16:48:30.488 17178 17178 D nativeloader: Configuring clns-shared-7 for other apk /system_ext/framework/androidx.window.extensions.jar. target_sdk_version=36, uses_libraries=ALL, library_path=/system/system_ext/app/OmniJaws/lib/arm64:/system/lib64:/system/system_ext/lib64, permitted_path=/data:/mnt/expand:/data/user/0/org.omnirom.omnijaws:/system/system_ext/app/OmniJaws:/system/lib64:/system/system_ext/lib64
09-20 16:48:30.492 17178 17178 D nativeloader: Configuring clns-shared-8 for other apk /system_ext/framework/androidx.window.sidecar.jar. target_sdk_version=36, uses_libraries=ALL, library_path=/system/system_ext/app/OmniJaws/lib/arm64:/system/lib64:/system/system_ext/lib64, permitted_path=/data:/mnt/expand:/data/user/0/org.omnirom.omnijaws:/system/system_ext/app/OmniJaws:/system/lib64:/system/system_ext/lib64
09-20 16:48:30.524 17178 17178 D nativeloader: Configuring clns-shared-9 for other apk /system/system_ext/app/OmniJaws/OmniJaws.apk. target_sdk_version=36, uses_libraries=, library_path=/system/system_ext/app/OmniJaws/lib/arm64:/system/lib64:/system/system_ext/lib64, permitted_path=/data:/mnt/expand:/data/user/0/org.omnirom.omnijaws:/system/system_ext/app/OmniJaws:/system/lib64:/system/system_ext/lib64
09-20 16:48:30.564 17178 17178 V GraphicsEnvironment: Currently set values for:
09-20 16:48:30.564 17178 17178 V GraphicsEnvironment:   angle_gl_driver_selection_pkgs=[com.android.angle, com.google.android.apps.tachyon]
09-20 16:48:30.564 17178 17178 V GraphicsEnvironment:   angle_gl_driver_selection_values=[angle, native]
09-20 16:48:30.564 17178 17178 V GraphicsEnvironment: org.omnirom.omnijaws is not listed in per-application setting
09-20 16:48:30.564 17178 17178 V GraphicsEnvironment: ANGLE allowlist from config: 
09-20 16:48:30.564 17178 17178 V GraphicsEnvironment: org.omnirom.omnijaws is not listed in ANGLE allowlist or settings, returning default
09-20 16:48:30.564 17178 17178 V GraphicsEnvironment: Neither updatable production driver nor prerelease driver is supported.
09-20 16:48:30.635  2305  2720 D BackgroundInstallControlService: Package event received: 0
09-20 16:48:30.713  2305  2665 D WifiStaIfaceHidlImpl: getCachedScanData is not implemented by HIDL
09-20 16:48:30.813  1536  3266 I vendor.qti.bluetooth@1.0-ibs_handler: ProcessIbsCmd: Received IBS_WAKE_IND: 0xFD
09-20 16:48:30.814  1536  3266 D vendor.qti.bluetooth@1.0-ibs_handler: SerialClockVote: vote for UART CLK ON
09-20 16:48:30.816  1536  3266 D vendor.qti.bluetooth@1.0-wake_lock: Acquire wakelock is acquired 
09-20 16:48:30.816  1536  3266 I vendor.qti.bluetooth@1.0-ibs_handler: ProcessIbsCmd: Writing IBS_WAKE_ACK
09-20 16:48:30.827 20868 17148 I NearbyConnections: Found BleAdvertisement [ 0x23 0x53 0x35 0x4f 0x4d 0x11 0x32 0x19 0x73 0x3a 0x7b 0xdb 0x47 0x89 0xfd 0xc3 0xee 0xd7 0x19 0x6f 0xc7 0x2a 0x7a ] (with EndpointId S5OM and EndpointInfo [ 0x32 0x19 0x73 0x3a 0x7b 0xdb 0x47 0x89 0xfd 0xc3 0xee 0xd7 0x19 0x6f 0xc7 0x2a 0x7a ])
09-20 16:48:30.829 20868 17148 I NearbyConnections: Unable to record discovered endpoint due to null currentDiscoveryPhase
09-20 16:48:30.829 20868 17148 I NearbyConnections: ClientProxy(47025994 0p:com.google.android.gms.nearby.sharing) reporting onEndpointFound(S5OM)
09-20 16:48:30.831 20868 17148 I NearbyConnections: ClientProxy(47025994) reporting onEndpointDistanceChanged(S5OM, UNKNOWN)
09-20 16:48:30.833 20868 17150 I NearbySharing: NearbySharing Internal event EndpointDiscovered(endpointId=S5OM)
09-20 16:48:29.370     0     0 W healthd : battery l=99 v=4302 t=25.8 h=2 st=2 c=334000 fc=7506000 cc=19 chg=u
09-20 16:48:30.857  1536  3266 I vendor.qti.bluetooth@1.0-ibs_handler: ProcessIbsCmd: Received IBS_SLEEP_IND: 0xFE
09-20 16:48:30.858  1536  3266 D vendor.qti.bluetooth@1.0-ibs_handler: SerialClockVote: vote for UART CLK OFF
09-20 16:48:30.859 20868 17149 I NearbySharing: [NS_DISCOVERY] DiscoveryController reported Discovered(endpointId=S5OM, metadata=DeviceMetadata(version=1, deviceType=1, deviceName=<redacted>, displayName=<redacted>, modelName=Redmi Note 8, imageUri=<redacted>, isSelfShare=true, isFamilyShare=false, isKnown=true, bluetoothMacAddress=<redacted>, vendorId=0, matchesLocalQrCode=false, devicePairingBindingIds=<redacted>))
09-20 16:48:30.860 20868 17149 I NearbySharing: [NS_DEBUG] Dedupped: same endpoint ID S5OM
09-20 16:48:30.860 20868 17149 I NearbySharing: [NS_DEBUG] previous receiver info ReceiverInfo(endpointIds=[DiscoveryEndpoint(id=S5OM, origin=NEARBY_CONNECTIONS)], metadata=DeviceMetadata(version=1, deviceType=1, deviceName=<redacted>, displayName=<redacted>, modelName=Redmi Note 8, imageUri=<redacted>, isSelfShare=true, isFamilyShare=false, isKnown=true, bluetoothMacAddress=<redacted>, vendorId=0, matchesLocalQrCode=false, devicePairingBindingIds=<redacted>), state=Tomb(delayedStateChangeJob=kcrb{Active}@5a33438))
09-20 16:48:30.861 20868 17149 I NearbySharing: NearbySharing Internal event ReceiverEndpointMapping(endpointId=S5OM, receiverId=1)
09-20 16:48:30.861 20868 17148 I NearbySharing: [NS_CONTROL] DiscoveryStateManager emitted ReportDiscovered(id=1, metadata=DeviceMetadata(version=1, deviceType=1, deviceName=<redacted>, displayName=<redacted>, modelName=Redmi Note 8, imageUri=<redacted>, isSelfShare=true, isFamilyShare=false, isKnown=true, bluetoothMacAddress=<redacted>, vendorId=0, matchesLocalQrCode=false, devicePairingBindingIds=<redacted>)).
09-20 16:48:30.862 20868 17148 I NearbySharing: NearbySharing Internal event ReceiverDiscovered(receiverId=1, deviceName=teléfono de Julian, isKnown=true, isSelfShare=true, deviceType=1, hasMatchingQrCode=false, isExternal=false, providerName=null, providerId=null, cloudReceiverSessionId=null, cloudSharingId=null)
09-20 16:48:30.863 20868 17149 I NearbySharing: SendProvider: SendManager event Discovered(receiverId=1, receiverMetadata=DeviceMetadata(version=1, deviceType=1, deviceName=<redacted>, displayName=<redacted>, modelName=Redmi Note 8, imageUri=<redacted>, isSelfShare=true, isFamilyShare=false, isKnown=true, bluetoothMacAddress=<redacted>, vendorId=0, matchesLocalQrCode=false, devicePairingBindingIds=<redacted>))
09-20 16:48:30.863 20868 17149 I NearbySharing: SendProvider: SendManager event DistanceChanged(receiverId=1, distance=1, rangingData=null)
09-20 16:48:30.863 20868 17193 I NearbySharing: ShareTargetDiscoveredCallback: onShareTargetDiscovered()
09-20 16:48:30.864 20868 17193 I NearbySharing: ShareTargetDiscoveredCallback: onShareTargetDistanceChanged() with distance: 1, rangingData: null
09-20 16:48:30.870  2305  2720 D BackgroundInstallControlService: Package event received: 0
09-20 16:48:30.871 20868 20868 I NearbySharing: ShortcutInfoManager added shortcut teléfono de Julian
09-20 16:48:31.009  1536  3065 D vendor.qti.bluetooth@1.0-wake_lock: Release wakelock is released 
09-20 16:48:31.124 20868  5132 W AOSP-MdnsDiscoveryManag: Error while decoding multicast packet (4710): 1 [CONTEXT service_id=168 ]
09-20 16:48:31.226 20868  5132 W AOSP-MdnsDiscoveryManag: Error while decoding multicast packet (4711): 1 [CONTEXT service_id=168 ]
09-20 16:48:31.961  1536  3266 I vendor.qti.bluetooth@1.0-ibs_handler: ProcessIbsCmd: Received IBS_WAKE_IND: 0xFD
09-20 16:48:31.961  1536  3266 D vendor.qti.bluetooth@1.0-ibs_handler: SerialClockVote: vote for UART CLK ON
09-20 16:48:31.965  1536  3266 D vendor.qti.bluetooth@1.0-wake_lock: Acquire wakelock is acquired 
09-20 16:48:31.965  1536  3266 I vendor.qti.bluetooth@1.0-ibs_handler: ProcessIbsCmd: Writing IBS_WAKE_ACK
09-20 16:48:32.006  1536  3266 I vendor.qti.bluetooth@1.0-ibs_handler: ProcessIbsCmd: Received IBS_SLEEP_IND: 0xFE
09-20 16:48:32.006  1536  3266 D vendor.qti.bluetooth@1.0-ibs_handler: SerialClockVote: vote for UART CLK OFF
09-20 16:48:32.157  1536  3065 D vendor.qti.bluetooth@1.0-wake_lock: Release wakelock is released 
09-20 16:48:33.120 20868 17131 I NearbyMediums: Found Fast Ble Advertisements :
09-20 16:48:33.120 20868 17131 I NearbyMediums: BleAdvertisement { version=2, socketVersion=2, isFast=true, serviceIdHash=null, data=[ 0x23 0x53 0x35 0x4f 0x4d 0x11 0x32 0x19 0x73 0x3a 0x7b 0xdb 0x47 0x89 0xfd 0xc3 0xee 0xd7 0x19 0x6f 0xc7 0x2a 0x7a ], deviceToken=[ 0x7f 0xa7 ], rxAdvertisement=null } : 2 times.
09-20 16:48:33.120 20868 17131 I NearbyMediums: Total 2 fast advertisements from 1 unique advertisers.
09-20 16:48:33.120 20868 17131 I NearbyMediums: Current Tracked Scanning Clients are : {NearbyConnections.EnvironmentMonitor, NearbySharing, NearbyConnections.TxAdvertisement}
09-20 16:48:33.748  2305  2665 D WifiStaIfaceHidlImpl: getCachedScanData is not implemented by HIDL
09-20 16:48:34.532  1536  3266 I vendor.qti.bluetooth@1.0-ibs_handler: ProcessIbsCmd: Received IBS_WAKE_IND: 0xFD
09-20 16:48:34.532  1536  3266 D vendor.qti.bluetooth@1.0-ibs_handler: SerialClockVote: vote for UART CLK ON
09-20 16:48:34.536  1536  3266 D vendor.qti.bluetooth@1.0-wake_lock: Acquire wakelock is acquired 
09-20 16:48:34.536  1536  3266 I vendor.qti.bluetooth@1.0-ibs_handler: ProcessIbsCmd: Writing IBS_WAKE_ACK
09-20 16:48:34.578  1536  3266 I vendor.qti.bluetooth@1.0-ibs_handler: ProcessIbsCmd: Received IBS_SLEEP_IND: 0xFE
09-20 16:48:34.578  1536  3266 D vendor.qti.bluetooth@1.0-ibs_handler: SerialClockVote: vote for UART CLK OFF
09-20 16:48:34.729  1536  3065 D vendor.qti.bluetooth@1.0-wake_lock: Release wakelock is released 
09-20 16:48:36.777  2305  2665 D WifiStaIfaceHidlImpl: getCachedScanData is not implemented by HIDL
09-20 16:48:37.239  1536  3266 I vendor.qti.bluetooth@1.0-ibs_handler: ProcessIbsCmd: Received IBS_WAKE_IND: 0xFD
09-20 16:48:37.239  1536  3266 D vendor.qti.bluetooth@1.0-ibs_handler: SerialClockVote: vote for UART CLK ON
09-20 16:48:37.242  1536  3266 D vendor.qti.bluetooth@1.0-wake_lock: Acquire wakelock is acquired 
09-20 16:48:37.242  1536  3266 I vendor.qti.bluetooth@1.0-ibs_handler: ProcessIbsCmd: Writing IBS_WAKE_ACK
09-20 16:48:35.797     0     0 E PL_DISABLE: CHG_STATE_VOTER,0 same vote on of val=1
09-20 16:48:35.797     0     0 E PL_DISABLE: CHG_STATE_VOTER,0 Ignoring similar vote on of val=1
09-20 16:48:35.797     0     0 E PL_ENABLE_INDIRECT: USBIN_I_VOTER,0 same vote off of val=0
09-20 16:48:35.797     0     0 E PL_ENABLE_INDIRECT: USBIN_I_VOTER,0 Ignoring similar vote off of val=0
09-20 16:48:35.797     0     0 E PL_DISABLE: PL_FCC_LOW_VOTER,10 same vote off of val=0
09-20 16:48:35.798     0     0 E PL_DISABLE: PL_FCC_LOW_VOTER,10 Ignoring similar vote off of val=0
09-20 16:48:35.798     0     0 E         : ========2222========usb charge===============
09-20 16:48:35.798     0     0 E         : ========2222========usb charge===============
09-20 16:48:35.798     0     0 E USB_ICL_IRQ_DISABLE: USB_SUSPEND_VOTER,0 same vote off of val=0
09-20 16:48:35.798     0     0 E USB_ICL_IRQ_DISABLE: USB_SUSPEND_VOTER,0 Ignoring similar vote off of val=0
09-20 16:48:35.798     0     0 E FCC_MAIN: MAIN_FCC_VOTER,0 same vote on of val=4500000
09-20 16:48:35.798     0     0 E FCC_MAIN: MAIN_FCC_VOTER,0 Ignoring similar vote on of val=4500000
09-20 16:48:35.799     0     0 E PL_DISABLE: ICL_LIMIT_VOTER,9 same vote off of val=0
09-20 16:48:35.799     0     0 E PL_DISABLE: ICL_LIMIT_VOTER,9 Ignoring similar vote off of val=0
09-20 16:48:35.807     0     0 E CHG_DISABLE: JEITA_VOTER,3 same vote off of val=0
09-20 16:48:35.807     0     0 E CHG_DISABLE: JEITA_VOTER,3 Ignoring similar vote off of val=0
09-20 16:48:35.807     0     0 E FCC     : JEITA_VOTER,3 same vote on of val=4500000
09-20 16:48:35.807     0     0 E FCC     : JEITA_VOTER,3 Ignoring similar vote on of val=4500000
09-20 16:48:35.807     0     0 E USB_ICL : JEITA_VOTER,15 same vote off of val=0
09-20 16:48:35.807     0     0 E USB_ICL : JEITA_VOTER,15 Ignoring similar vote off of val=0
09-20 16:48:35.807     0     0 E FV      : JEITA_VOTER,3 same vote on of val=4400000
09-20 16:48:35.807     0     0 E FV      : JEITA_VOTER,3 Ignoring similar vote on of val=4400000
09-20 16:48:35.807     0     0 E FCC     : STEP_CHG_VOTER,4 same vote off of val=0
09-20 16:48:35.807     0     0 E FCC     : STEP_CHG_VOTER,4 Ignoring similar vote off of val=0
09-20 16:48:35.809     0     0 I         : ///PD dbg info 129d
09-20 16:48:35.809     0     0 I <3295436.699>TCPC-TCPC: bat_update_work_func battery update soc = 99
09-20 16:48:35.809     0     0 I <3295436.699>TCPC-TCPC: bat_update_work_func Battery Charging
09-20 16:48:37.284  1536  3266 I vendor.qti.bluetooth@1.0-ibs_handler: ProcessIbsCmd: Received IBS_SLEEP_IND: 0xFE
09-20 16:48:37.284  1536  3266 D vendor.qti.bluetooth@1.0-ibs_handler: SerialClockVote: vote for UART CLK OFF
09-20 16:48:35.821     0     0 E QG-K    : qg_status_change_work: disable health is warm, set fv to 4200000
09-20 16:48:35.821     0     0 E FV      : ADJUST_FV_VOTER,4 same vote off of val=0
09-20 16:48:35.821     0     0 E FV      : ADJUST_FV_VOTER,4 Ignoring similar vote off of val=0
09-20 16:48:35.889     0     0 W healthd : battery l=99 v=4304 t=25.8 h=2 st=2 c=222000 fc=7506000 cc=19 chg=u
09-20 16:48:37.396 13128 17194 I KDE/LanLinkProvider: Broadcast identity packet received from Pixel 9a
09-20 16:48:37.412 13128 17194 I KDE/LanLinkProvider: Starting SSL handshake with 273d255af8c149fb8c7420c18dfc86e0 trusted:true
09-20 16:48:37.434  1536  3065 D vendor.qti.bluetooth@1.0-wake_lock: Release wakelock is released 
09-20 16:48:37.452 13128 17194 D LanLinkProvider: Starting handshake
09-20 16:48:37.483 13128 17195 I LanLinkProvider: Discarding second packet from the same device 273d255af8c149fb8c7420c18dfc86e0 received too quickly
09-20 16:48:37.579 13128 17194 D LanLinkProvider: Handshake done
09-20 16:48:37.663 13128 17125 I LanLink : Socket closed: 30381699. Reason: Stream closed
09-20 16:48:37.671 13128 17195 I KDE/LanLinkProvider: Handshake as server successful with Pixel 9a secured with TLS_ECDHE_ECDSA_WITH_AES_128_GCM_SHA256
09-20 16:48:37.671 13128 17195 D KDE/LanLinkProvider: Reusing same link for device 273d255af8c149fb8c7420c18dfc86e0
09-20 16:48:38.386  1536  3266 I vendor.qti.bluetooth@1.0-ibs_handler: ProcessIbsCmd: Received IBS_WAKE_IND: 0xFD
09-20 16:48:38.386  1536  3266 D vendor.qti.bluetooth@1.0-ibs_handler: SerialClockVote: vote for UART CLK ON
09-20 16:48:38.391  1536  3266 D vendor.qti.bluetooth@1.0-wake_lock: Acquire wakelock is acquired 
09-20 16:48:38.391  1536  3266 I vendor.qti.bluetooth@1.0-ibs_handler: ProcessIbsCmd: Writing IBS_WAKE_ACK
09-20 16:48:38.392 20868  5132 W AOSP-MdnsDiscoveryManag: Error while decoding multicast packet (4712): 1 [CONTEXT service_id=168 ]
09-20 16:48:38.432  1536  3266 I vendor.qti.bluetooth@1.0-ibs_handler: ProcessIbsCmd: Received IBS_SLEEP_IND: 0xFE
09-20 16:48:38.432  1536  3266 D vendor.qti.bluetooth@1.0-ibs_handler: SerialClockVote: vote for UART CLK OFF
09-20 16:48:38.494 20868  5132 W AOSP-MdnsDiscoveryManag: Error while decoding multicast packet (4713): 1 [CONTEXT service_id=168 ]
09-20 16:48:38.583  1536  3065 D vendor.qti.bluetooth@1.0-wake_lock: Release wakelock is released 
09-20 16:48:38.943 13461 22224 D gojni   : open-conn-track: flow TCP (TCP 100.110.86.15:39704 => 100.106.234.121:8765) got RST by peer
09-20 16:48:39.419 20868  5132 W AOSP-MdnsDiscoveryManag: Error while decoding multicast packet (4714): 1 [CONTEXT service_id=168 ]
09-20 16:48:39.522 20868  5132 W AOSP-MdnsDiscoveryManag: Error while decoding multicast packet (4715): 1 [CONTEXT service_id=168 ]
09-20 16:48:39.808  2305  2665 D WifiStaIfaceHidlImpl: getCachedScanData is not implemented by HIDL
09-20 16:48:39.841 17200 17200 W dumpsys : Thread Pool max thread count is 0. Cannot cache binder as linkToDeath cannot be implemented. serviceName: activity
09-20 16:48:38.369     0     0 I binder  : 17200:17200 ioctl 40046210 7ff9ca3a44 returned -22
09-20 16:48:40.136 20868  5132 W AOSP-MdnsDiscoveryManag: Error while decoding multicast packet (4716): 1 [CONTEXT service_id=168 ]
09-20 16:48:40.238 20868  5132 W AOSP-MdnsDiscoveryManag: Error while decoding multicast packet (4717): 1 [CONTEXT service_id=168 ]
09-20 16:48:41.361 20868  5132 W AOSP-MdnsDiscoveryManag: Error while decoding multicast packet (4718): 1 [CONTEXT service_id=168 ]
09-20 16:48:41.463 20868  5132 W AOSP-MdnsDiscoveryManag: Error while decoding multicast packet (4719): 1 [CONTEXT service_id=168 ]
09-20 16:48:41.668 20868  5132 W AOSP-MdnsDiscoveryManag: Error while decoding multicast packet (4720): 1 [CONTEXT service_id=168 ]
09-20 16:48:41.675  2305  2672 D InetDiagMessage: Destroyed 0 sockets, proto=IPPROTO_TCP, family=AF_INET, states=14
09-20 16:48:41.679  2305  2672 D InetDiagMessage: Destroyed 0 sockets, proto=IPPROTO_TCP, family=AF_INET6, states=14
09-20 16:48:41.679  2305  2672 D InetDiagMessage: Destroyed live tcp sockets for uids={10282} in 7ms
09-20 16:48:41.683  2305  2672 D InetDiagMessage: Destroyed 0 sockets, proto=IPPROTO_TCP, family=AF_INET, states=14
09-20 16:48:41.685  2305  2672 D InetDiagMessage: Destroyed 0 sockets, proto=IPPROTO_TCP, family=AF_INET6, states=14
09-20 16:48:41.686  2305  2672 D InetDiagMessage: Destroyed live tcp sockets for uids={20282} in 6ms
09-20 16:48:41.770 20868  5132 W AOSP-MdnsDiscoveryManag: Error while decoding multicast packet (4721): 1 [CONTEXT service_id=168 ]
09-20 16:48:41.874 20868  5132 W AOSP-MdnsDiscoveryManag: Error while decoding multicast packet (4722): 1 [CONTEXT service_id=168 ]
09-20 16:48:41.876 20868  5132 W AOSP-MdnsDiscoveryManag: Error while decoding multicast packet (4723): 1 [CONTEXT service_id=168 ]
09-20 16:48:42.848  2305  2665 D WifiStaIfaceHidlImpl: getCachedScanData is not implemented by HIDL
09-20 16:48:43.123 20868 17131 I NearbyMediums: Found Fast Ble Advertisements :
09-20 16:48:43.123 20868 17131 I NearbyMediums: BleAdvertisement { version=2, socketVersion=2, isFast=true, serviceIdHash=null, data=[ 0x23 0x53 0x35 0x4f 0x4d 0x11 0x32 0x19 0x73 0x3a 0x7b 0xdb 0x47 0x89 0xfd 0xc3 0xee 0xd7 0x19 0x6f 0xc7 0x2a 0x7a ], deviceToken=[ 0x7f 0xa7 ], rxAdvertisement=null } : 3 times.
09-20 16:48:43.123 20868 17131 I NearbyMediums: Total 3 fast advertisements from 1 unique advertisers.
09-20 16:48:43.123 20868 17131 I NearbyMediums: Current Tracked Scanning Clients are : {NearbyConnections.EnvironmentMonitor, NearbySharing, NearbyConnections.TxAdvertisement}
09-20 16:48:43.539  1536  3266 I vendor.qti.bluetooth@1.0-ibs_handler: ProcessIbsCmd: Received IBS_WAKE_IND: 0xFD
09-20 16:48:43.539  1536  3266 D vendor.qti.bluetooth@1.0-ibs_handler: SerialClockVote: vote for UART CLK ON
09-20 16:48:43.542  1536  3266 D vendor.qti.bluetooth@1.0-wake_lock: Acquire wakelock is acquired 
09-20 16:48:43.542  1536  3266 I vendor.qti.bluetooth@1.0-ibs_handler: ProcessIbsCmd: Writing IBS_WAKE_ACK
09-20 16:48:43.584  1536  3266 I vendor.qti.bluetooth@1.0-ibs_handler: ProcessIbsCmd: Received IBS_SLEEP_IND: 0xFE
09-20 16:48:43.585  1536  3266 D vendor.qti.bluetooth@1.0-ibs_handler: SerialClockVote: vote for UART CLK OFF
09-20 16:48:43.735  1536  3065 D vendor.qti.bluetooth@1.0-wake_lock: Release wakelock is released 
09-20 16:48:45.051 20868  5132 W AOSP-MdnsDiscoveryManag: Error while decoding multicast packet (4728): 1 [CONTEXT service_id=168 ]
09-20 16:48:45.154 20868  5132 W AOSP-MdnsDiscoveryManag: Error while decoding multicast packet (4729): 1 [CONTEXT service_id=168 ]
09-20 16:48:43.943     0     0 E PL_DISABLE: CHG_STATE_VOTER,0 same vote on of val=1
09-20 16:48:43.943     0     0 E PL_DISABLE: CHG_STATE_VOTER,0 Ignoring similar vote on of val=1
09-20 16:48:43.943     0     0 E PL_ENABLE_INDIRECT: USBIN_I_VOTER,0 same vote off of val=0
09-20 16:48:43.943     0     0 E PL_ENABLE_INDIRECT: USBIN_I_VOTER,0 Ignoring similar vote off of val=0
09-20 16:48:43.943     0     0 E PL_DISABLE: PL_FCC_LOW_VOTER,10 same vote off of val=0
09-20 16:48:43.943     0     0 E PL_DISABLE: PL_FCC_LOW_VOTER,10 Ignoring similar vote off of val=0
09-20 16:48:43.943     0     0 E         : ========2222========usb charge===============
09-20 16:48:43.943     0     0 E         : ========2222========usb charge===============
09-20 16:48:43.943     0     0 E USB_ICL_IRQ_DISABLE: USB_SUSPEND_VOTER,0 same vote off of val=0
09-20 16:48:43.943     0     0 E USB_ICL_IRQ_DISABLE: USB_SUSPEND_VOTER,0 Ignoring similar vote off of val=0
09-20 16:48:43.943     0     0 E FCC_MAIN: MAIN_FCC_VOTER,0 same vote on of val=4500000
09-20 16:48:43.943     0     0 E FCC_MAIN: MAIN_FCC_VOTER,0 Ignoring similar vote on of val=4500000
09-20 16:48:43.945     0     0 E PL_DISABLE: ICL_LIMIT_VOTER,9 same vote off of val=0
09-20 16:48:43.945     0     0 E PL_DISABLE: ICL_LIMIT_VOTER,9 Ignoring similar vote off of val=0
09-20 16:48:43.955     0     0 E CHG_DISABLE: JEITA_VOTER,3 same vote off of val=0
09-20 16:48:43.955     0     0 E CHG_DISABLE: JEITA_VOTER,3 Ignoring similar vote off of val=0
09-20 16:48:43.955     0     0 E FCC     : JEITA_VOTER,3 same vote on of val=4500000
09-20 16:48:43.955     0     0 E FCC     : JEITA_VOTER,3 Ignoring similar vote on of val=4500000
09-20 16:48:43.955     0     0 E USB_ICL : JEITA_VOTER,15 same vote off of val=0
09-20 16:48:43.955     0     0 E USB_ICL : JEITA_VOTER,15 Ignoring similar vote off of val=0
09-20 16:48:43.955     0     0 E FV      : JEITA_VOTER,3 same vote on of val=4400000
09-20 16:48:43.955     0     0 E FV      : JEITA_VOTER,3 Ignoring similar vote on of val=4400000
09-20 16:48:43.955     0     0 E FCC     : STEP_CHG_VOTER,4 same vote off of val=0
09-20 16:48:43.955     0     0 E FCC     : STEP_CHG_VOTER,4 Ignoring similar vote off of val=0
09-20 16:48:43.957     0     0 I         : ///PD dbg info 129d
09-20 16:48:43.957     0     0 I <3295444.847>TCPC-TCPC: bat_update_work_func battery update soc = 99
09-20 16:48:43.957     0     0 I <3295444.847>TCPC-TCPC: bat_update_work_func Battery Charging
09-20 16:48:43.981     0     0 E QG-K    : qg_status_change_work: disable health is warm, set fv to 4200000
09-20 16:48:43.981     0     0 E FV      : ADJUST_FV_VOTER,4 same vote off of val=0
09-20 16:48:43.981     0     0 E FV      : ADJUST_FV_VOTER,4 Ignoring similar vote off of val=0
09-20 16:48:44.036     0     0 W healthd : battery l=99 v=4303 t=25.8 h=2 st=2 c=201000 fc=7506000 cc=19 chg=u
09-20 16:48:45.879  2305  2665 D WifiStaIfaceHidlImpl: getCachedScanData is not implemented by HIDL
09-20 16:48:46.075 20868  5132 W AOSP-MdnsDiscoveryManag: Error while decoding multicast packet (4732): 1 [CONTEXT service_id=168 ]
09-20 16:48:46.178 20868  5132 W AOSP-MdnsDiscoveryManag: Error while decoding multicast packet (4733): 1 [CONTEXT service_id=168 ]
09-20 16:48:48.668  1536  3266 I vendor.qti.bluetooth@1.0-ibs_handler: ProcessIbsCmd: Received IBS_WAKE_IND: 0xFD
09-20 16:48:48.668  1536  3266 D vendor.qti.bluetooth@1.0-ibs_handler: SerialClockVote: vote for UART CLK ON
09-20 16:48:48.672  1536  3266 D vendor.qti.bluetooth@1.0-wake_lock: Acquire wakelock is acquired 
09-20 16:48:48.672  1536  3266 I vendor.qti.bluetooth@1.0-ibs_handler: ProcessIbsCmd: Writing IBS_WAKE_ACK
09-20 16:48:48.714  1536  3266 I vendor.qti.bluetooth@1.0-ibs_handler: ProcessIbsCmd: Received IBS_SLEEP_IND: 0xFE
09-20 16:48:48.714  1536  3266 D vendor.qti.bluetooth@1.0-ibs_handler: SerialClockVote: vote for UART CLK OFF
09-20 16:48:48.865  1536  3065 D vendor.qti.bluetooth@1.0-wake_lock: Release wakelock is released 
09-20 16:48:48.911  2305  2665 D WifiStaIfaceHidlImpl: getCachedScanData is not implemented by HIDL
09-20 16:48:48.998 13461 22234 D App     : bindSocketToActiveNetwork: binding fd=142 to net=148 iface=wlan0
09-20 16:48:48.999 13461 22217 D gojni   : App: bindSocketToActiveNetwork: binding fd=142 to net=148 iface=wlan0
09-20 16:48:49.005 13461 22224 D App     : bindSocketToActiveNetwork: binding fd=142 to net=148 iface=wlan0
09-20 16:48:49.007 13461 22214 D gojni   : App: bindSocketToActiveNetwork: binding fd=142 to net=148 iface=wlan0
09-20 16:48:49.039 13461 22234 D gojni   : portmapper: UPnP discovery response from non-UPnP port 55384
09-20 16:48:49.144 20868  5132 W AOSP-MdnsDiscoveryManag: Error while decoding multicast packet (4734): 1 [CONTEXT service_id=168 ]
09-20 16:48:49.146 20868  5132 W AOSP-MdnsDiscoveryManag: Error while decoding multicast packet (4735): 1 [CONTEXT service_id=168 ]
09-20 16:48:51.290  1536  3266 I vendor.qti.bluetooth@1.0-ibs_handler: ProcessIbsCmd: Received IBS_WAKE_IND: 0xFD
09-20 16:48:51.290  1536  3266 D vendor.qti.bluetooth@1.0-ibs_handler: SerialClockVote: vote for UART CLK ON
09-20 16:48:51.296  1536  3266 D vendor.qti.bluetooth@1.0-wake_lock: Acquire wakelock is acquired 
09-20 16:48:51.297  1536  3266 I vendor.qti.bluetooth@1.0-ibs_handler: ProcessIbsCmd: Writing IBS_WAKE_ACK
09-20 16:48:51.306 20868 17131 I NearbyMediums: This GATT advertisement BleAdvertisement { version=2, socketVersion=2, isFast=true, serviceIdHash=null, data=[ 0x23 0x4f 0x4d 0x31 0x56 0x11 0x32 0xb5 0xdf 0x9f 0xd9 0x27 0xa7 0xf1 0x4f 0xba 0xcf 0xbd 0xe0 0x8b 0xbb 0xc0 0x5d ], deviceToken=[ 0x07 0xac ], rxAdvertisement=null } is a Fast Advertisement and matched UUID 0000fef3-0000-1000-8000-00805f9b34fb in fastAdvertisementServiceUuids map with serviceID NearbySharing
09-20 16:48:51.309 20868 17204 I NearbyConnections: Found BleAdvertisement [ 0x23 0x4f 0x4d 0x31 0x56 0x11 0x32 0xb5 0xdf 0x9f 0xd9 0x27 0xa7 0xf1 0x4f 0xba 0xcf 0xbd 0xe0 0x8b 0xbb 0xc0 0x5d ] (with EndpointId OM1V and EndpointInfo [ 0x32 0xb5 0xdf 0x9f 0xd9 0x27 0xa7 0xf1 0x4f 0xba 0xcf 0xbd 0xe0 0x8b 0xbb 0xc0 0x5d ])
09-20 16:48:51.311 20868 17204 I NearbyConnections: Unable to record discovered endpoint due to null currentDiscoveryPhase
09-20 16:48:51.312 20868 17204 I NearbyConnections: ClientProxy(47025994 0p:com.google.android.gms.nearby.sharing) reporting onEndpointFound(OM1V)
09-20 16:48:51.313 20868 17204 I NearbyConnections: ClientProxy(47025994) reporting onEndpointDistanceChanged(OM1V, UNKNOWN)
09-20 16:48:51.316 20868 17205 I NearbySharing: NearbySharing Internal event EndpointDiscovered(endpointId=OM1V)
09-20 16:48:51.338  1536  3266 I vendor.qti.bluetooth@1.0-ibs_handler: ProcessIbsCmd: Received IBS_SLEEP_IND: 0xFE
09-20 16:48:51.339  1536  3266 D vendor.qti.bluetooth@1.0-ibs_handler: SerialClockVote: vote for UART CLK OFF
09-20 16:48:51.346 20868 17204 I NearbySharing: [NS_DISCOVERY] DiscoveryController reported Discovered(endpointId=OM1V, metadata=DeviceMetadata(version=1, deviceType=1, deviceName=<redacted>, displayName=<redacted>, modelName=Pixel 9a, imageUri=<redacted>, isSelfShare=true, isFamilyShare=false, isKnown=true, bluetoothMacAddress=<redacted>, vendorId=0, matchesLocalQrCode=false, devicePairingBindingIds=<redacted>))
09-20 16:48:51.347 20868 17204 I NearbySharing: [NS_DEBUG] Dedupped: same endpoint ID OM1V
09-20 16:48:51.347 20868 17204 I NearbySharing: [NS_DEBUG] previous receiver info ReceiverInfo(endpointIds=[DiscoveryEndpoint(id=OM1V, origin=NEARBY_CONNECTIONS)], metadata=DeviceMetadata(version=1, deviceType=1, deviceName=<redacted>, displayName=<redacted>, modelName=Pixel 9a, imageUri=<redacted>, isSelfShare=true, isFamilyShare=false, isKnown=true, bluetoothMacAddress=<redacted>, vendorId=0, matchesLocalQrCode=false, devicePairingBindingIds=<redacted>), state=Tomb(delayedStateChangeJob=kcrb{Active}@b121cb2))
09-20 16:48:51.350 20868 17204 I NearbySharing: NearbySharing Internal event ReceiverEndpointMapping(endpointId=OM1V, receiverId=3)
09-20 16:48:51.351 20868 17205 I NearbySharing: [NS_CONTROL] DiscoveryStateManager emitted ReportDiscovered(id=3, metadata=DeviceMetadata(version=1, deviceType=1, deviceName=<redacted>, displayName=<redacted>, modelName=Pixel 9a, imageUri=<redacted>, isSelfShare=true, isFamilyShare=false, isKnown=true, bluetoothMacAddress=<redacted>, vendorId=0, matchesLocalQrCode=false, devicePairingBindingIds=<redacted>)).
09-20 16:48:51.352 20868 17205 I NearbySharing: NearbySharing Internal event ReceiverDiscovered(receiverId=3, deviceName=Pixel 9a, isKnown=true, isSelfShare=true, deviceType=1, hasMatchingQrCode=false, isExternal=false, providerName=null, providerId=null, cloudReceiverSessionId=null, cloudSharingId=null)
09-20 16:48:51.353 20868 17206 I NearbySharing: SendProvider: SendManager event Discovered(receiverId=3, receiverMetadata=DeviceMetadata(version=1, deviceType=1, deviceName=<redacted>, displayName=<redacted>, modelName=Pixel 9a, imageUri=<redacted>, isSelfShare=true, isFamilyShare=false, isKnown=true, bluetoothMacAddress=<redacted>, vendorId=0, matchesLocalQrCode=false, devicePairingBindingIds=<redacted>))
09-20 16:48:51.354 20868 17207 I NearbySharing: ShareTargetDiscoveredCallback: onShareTargetDiscovered()
09-20 16:48:51.354 20868 17206 I NearbySharing: SendProvider: SendManager event DistanceChanged(receiverId=3, distance=1, rangingData=null)
09-20 16:48:51.355 20868 17207 I NearbySharing: ShareTargetDiscoveredCallback: onShareTargetDistanceChanged() with distance: 1, rangingData: null
09-20 16:48:51.368  2305  2720 D BackgroundInstallControlService: Package event received: 0
09-20 16:48:51.369 20868 20868 I NearbySharing: ShortcutInfoManager added shortcut Pixel 9a
09-20 16:48:51.489  1536  3065 D vendor.qti.bluetooth@1.0-wake_lock: Release wakelock is released 
09-20 16:48:51.708 20868  5132 W AOSP-MdnsDiscoveryManag: Error while decoding multicast packet (4738): 1 [CONTEXT service_id=168 ]
09-20 16:48:51.709 20868  5132 W AOSP-MdnsDiscoveryManag: Error while decoding multicast packet (4739): 1 [CONTEXT service_id=168 ]
09-20 16:48:51.945  2305  2665 D WifiStaIfaceHidlImpl: getCachedScanData is not implemented by HIDL
09-20 16:48:52.893 20868  5133 I AOSP-MdnsDiscoveryManag: Trigger send thread. [CONTEXT service_id=168 ]
09-20 16:48:52.894 20868  5133 I AOSP-MdnsDiscoveryManag: Trigger send thread. [CONTEXT service_id=168 ]
09-20 16:48:52.895 20868 26219 I AOSP-MdnsDiscoveryManag: Query sent with transactionId: 38. Next run: sessionId: 138, in 20000 ms [CONTEXT service_id=168 ]
09-20 16:48:52.897 20868  5130 I AOSP-MdnsDiscoveryManag: Sending a multicast mDNS packet... [CONTEXT service_id=168 ]
09-20 16:48:52.899 20868  5130 I AOSP-MdnsDiscoveryManag: Sending a multicast mDNS packet... [CONTEXT service_id=168 ]
09-20 16:48:52.904 20868  5132 W AOSP-MdnsDiscoveryManag: Error while decoding multicast packet (4742): 1 [CONTEXT service_id=168 ]
09-20 16:48:52.905 20868  5132 W AOSP-MdnsDiscoveryManag: Error while decoding multicast packet (4743): 1 [CONTEXT service_id=168 ]
09-20 16:48:53.043 20868 26219 I AOSP-MdnsDiscoveryManag: Remove EVENT_START_QUERYTASK, current session: 138 [CONTEXT service_id=168 ]
09-20 16:48:53.044 20868 26219 I AOSP-MdnsDiscoveryManag: Reschedule a query. Next run: sessionId: 139, in 95993 ms [CONTEXT service_id=168 ]
09-20 16:48:53.045 20868 26219 I AOSP-MdnsDiscoveryManag: Remove EVENT_START_QUERYTASK, current session: 139 [CONTEXT service_id=168 ]
09-20 16:48:53.045 20868 26219 I AOSP-MdnsDiscoveryManag: Reschedule a query. Next run: sessionId: 140, in 95992 ms [CONTEXT service_id=168 ]
09-20 16:48:53.046 20868 26219 I AOSP-MdnsDiscoveryManag: Remove EVENT_START_QUERYTASK, current session: 140 [CONTEXT service_id=168 ]
09-20 16:48:53.047 20868 26219 I AOSP-MdnsDiscoveryManag: Reschedule a query. Next run: sessionId: 141, in 95992 ms [CONTEXT service_id=168 ]
09-20 16:48:53.047 20868 26219 I AOSP-MdnsDiscoveryManag: Remove EVENT_START_QUERYTASK, current session: 141 [CONTEXT service_id=168 ]
09-20 16:48:53.048 20868 26219 I AOSP-MdnsDiscoveryManag: Reschedule a query. Next run: sessionId: 142, in 95992 ms [CONTEXT service_id=168 ]
09-20 16:48:53.048 20868 26219 I AOSP-MdnsDiscoveryManag: Remove EVENT_START_QUERYTASK, current session: 142 [CONTEXT service_id=168 ]
09-20 16:48:53.049 20868 26219 I AOSP-MdnsDiscoveryManag: Reschedule a query. Next run: sessionId: 143, in 95992 ms [CONTEXT service_id=168 ]
09-20 16:48:53.127 20868 17204 I NearbyMediums: Found Fast Ble Advertisements :
09-20 16:48:53.127 20868 17204 I NearbyMediums: BleAdvertisement { version=2, socketVersion=2, isFast=true, serviceIdHash=null, data=[ 0x23 0x53 0x35 0x4f 0x4d 0x11 0x32 0x19 0x73 0x3a 0x7b 0xdb 0x47 0x89 0xfd 0xc3 0xee 0xd7 0x19 0x6f 0xc7 0x2a 0x7a ], deviceToken=[ 0x7f 0xa7 ], rxAdvertisement=null } : 2 times.
09-20 16:48:53.127 20868 17204 I NearbyMediums: Total 2 fast advertisements from 1 unique advertisers.
09-20 16:48:53.127 20868 17204 I NearbyMediums: Current Tracked Scanning Clients are : {NearbyConnections.EnvironmentMonitor, NearbySharing, NearbyConnections.TxAdvertisement}
09-20 16:48:52.087     0     0 E PL_DISABLE: CHG_STATE_VOTER,0 same vote on of val=1
09-20 16:48:52.087     0     0 E PL_DISABLE: CHG_STATE_VOTER,0 Ignoring similar vote on of val=1
09-20 16:48:52.087     0     0 E PL_ENABLE_INDIRECT: USBIN_I_VOTER,0 same vote off of val=0
09-20 16:48:52.087     0     0 E PL_ENABLE_INDIRECT: USBIN_I_VOTER,0 Ignoring similar vote off of val=0
09-20 16:48:52.087     0     0 E PL_DISABLE: PL_FCC_LOW_VOTER,10 same vote off of val=0
09-20 16:48:52.087     0     0 E PL_DISABLE: PL_FCC_LOW_VOTER,10 Ignoring similar vote off of val=0
09-20 16:48:52.087     0     0 E         : ========2222========usb charge===============
09-20 16:48:52.088     0     0 E         : ========2222========usb charge===============
09-20 16:48:52.088     0     0 E USB_ICL_IRQ_DISABLE: USB_SUSPEND_VOTER,0 same vote off of val=0
09-20 16:48:52.088     0     0 E USB_ICL_IRQ_DISABLE: USB_SUSPEND_VOTER,0 Ignoring similar vote off of val=0
09-20 16:48:52.088     0     0 E FCC_MAIN: MAIN_FCC_VOTER,0 same vote on of val=4500000
09-20 16:48:52.088     0     0 E FCC_MAIN: MAIN_FCC_VOTER,0 Ignoring similar vote on of val=4500000
09-20 16:48:52.090     0     0 E PL_DISABLE: ICL_LIMIT_VOTER,9 same vote off of val=0
09-20 16:48:52.090     0     0 E PL_DISABLE: ICL_LIMIT_VOTER,9 Ignoring similar vote off of val=0
09-20 16:48:52.093     0     0 E CHG_DISABLE: JEITA_VOTER,3 same vote off of val=0
09-20 16:48:52.093     0     0 E CHG_DISABLE: JEITA_VOTER,3 Ignoring similar vote off of val=0
09-20 16:48:52.093     0     0 E FCC     : JEITA_VOTER,3 same vote on of val=4500000
09-20 16:48:52.093     0     0 E FCC     : JEITA_VOTER,3 Ignoring similar vote on of val=4500000
09-20 16:48:52.093     0     0 E USB_ICL : JEITA_VOTER,15 same vote off of val=0
09-20 16:48:52.093     0     0 E USB_ICL : JEITA_VOTER,15 Ignoring similar vote off of val=0
09-20 16:48:52.093     0     0 E FV      : JEITA_VOTER,3 same vote on of val=4400000
09-20 16:48:52.093     0     0 E FV      : JEITA_VOTER,3 Ignoring similar vote on of val=4400000
09-20 16:48:52.093     0     0 E FCC     : STEP_CHG_VOTER,4 same vote off of val=0
09-20 16:48:52.093     0     0 E FCC     : STEP_CHG_VOTER,4 Ignoring similar vote off of val=0
09-20 16:48:52.101     0     0 I         : ///PD dbg info 129d
09-20 16:48:52.101     0     0 I <3295452.991>TCPC-TCPC: bat_update_work_func battery update soc = 99
09-20 16:48:52.101     0     0 I <3295452.991>TCPC-TCPC: bat_update_work_func Battery Charging
09-20 16:48:52.109     0     0 E QG-K    : qg_status_change_work: disable health is warm, set fv to 4200000
09-20 16:48:52.109     0     0 E FV      : ADJUST_FV_VOTER,4 same vote off of val=0
09-20 16:48:52.109     0     0 E FV      : ADJUST_FV_VOTER,4 Ignoring similar vote off of val=0
09-20 16:48:52.165     0     0 W healthd : battery l=99 v=4308 t=25.8 h=2 st=2 c=186000 fc=7506000 cc=19 chg=u
09-20 16:48:53.813  1536  3266 I vendor.qti.bluetooth@1.0-ibs_handler: ProcessIbsCmd: Received IBS_WAKE_IND: 0xFD
09-20 16:48:53.814  1536  3266 D vendor.qti.bluetooth@1.0-ibs_handler: SerialClockVote: vote for UART CLK ON
09-20 16:48:53.816  1536  3266 D vendor.qti.bluetooth@1.0-wake_lock: Acquire wakelock is acquired 
09-20 16:48:53.817  1536  3266 I vendor.qti.bluetooth@1.0-ibs_handler: ProcessIbsCmd: Writing IBS_WAKE_ACK
09-20 16:48:53.858  1536  3266 I vendor.qti.bluetooth@1.0-ibs_handler: ProcessIbsCmd: Received IBS_SLEEP_IND: 0xFE
09-20 16:48:53.858  1536  3266 D vendor.qti.bluetooth@1.0-ibs_handler: SerialClockVote: vote for UART CLK OFF
09-20 16:48:54.009  1536  3065 D vendor.qti.bluetooth@1.0-wake_lock: Release wakelock is released 
09-20 16:48:54.962  1536  3266 I vendor.qti.bluetooth@1.0-ibs_handler: ProcessIbsCmd: Received IBS_WAKE_IND: 0xFD
09-20 16:48:54.962  1536  3266 D vendor.qti.bluetooth@1.0-ibs_handler: SerialClockVote: vote for UART CLK ON
09-20 16:48:54.965  1536  3266 D vendor.qti.bluetooth@1.0-wake_lock: Acquire wakelock is acquired 
09-20 16:48:54.966  1536  3266 I vendor.qti.bluetooth@1.0-ibs_handler: ProcessIbsCmd: Writing IBS_WAKE_ACK
09-20 16:48:54.991  2305  2665 D WifiStaIfaceHidlImpl: getCachedScanData is not implemented by HIDL
09-20 16:48:55.008  1536  3266 I vendor.qti.bluetooth@1.0-ibs_handler: ProcessIbsCmd: Received IBS_SLEEP_IND: 0xFE
09-20 16:48:55.008  1536  3266 D vendor.qti.bluetooth@1.0-ibs_handler: SerialClockVote: vote for UART CLK OFF
09-20 16:48:55.159  1536  3065 D vendor.qti.bluetooth@1.0-wake_lock: Release wakelock is released 
09-20 16:48:56.385  1536  3266 I vendor.qti.bluetooth@1.0-ibs_handler: ProcessIbsCmd: Received IBS_WAKE_IND: 0xFD
09-20 16:48:56.386  1536  3266 D vendor.qti.bluetooth@1.0-ibs_handler: SerialClockVote: vote for UART CLK ON
09-20 16:48:56.389  1536  3266 D vendor.qti.bluetooth@1.0-wake_lock: Acquire wakelock is acquired 
09-20 16:48:56.389  1536  3266 I vendor.qti.bluetooth@1.0-ibs_handler: ProcessIbsCmd: Writing IBS_WAKE_ACK
09-20 16:48:56.431  1536  3266 I vendor.qti.bluetooth@1.0-ibs_handler: ProcessIbsCmd: Received IBS_SLEEP_IND: 0xFE
09-20 16:48:56.431  1536  3266 D vendor.qti.bluetooth@1.0-ibs_handler: SerialClockVote: vote for UART CLK OFF
09-20 16:48:56.582  1536  3065 D vendor.qti.bluetooth@1.0-wake_lock: Release wakelock is released 
09-20 16:48:57.540  1536  3266 I vendor.qti.bluetooth@1.0-ibs_handler: ProcessIbsCmd: Received IBS_WAKE_IND: 0xFD
09-20 16:48:57.541  1536  3266 D vendor.qti.bluetooth@1.0-ibs_handler: SerialClockVote: vote for UART CLK ON
09-20 16:48:57.545  1536  3266 D vendor.qti.bluetooth@1.0-wake_lock: Acquire wakelock is acquired 
09-20 16:48:57.545  1536  3266 I vendor.qti.bluetooth@1.0-ibs_handler: ProcessIbsCmd: Writing IBS_WAKE_ACK
09-20 16:48:57.587  1536  3266 I vendor.qti.bluetooth@1.0-ibs_handler: ProcessIbsCmd: Received IBS_SLEEP_IND: 0xFE
09-20 16:48:57.587  1536  3266 D vendor.qti.bluetooth@1.0-ibs_handler: SerialClockVote: vote for UART CLK OFF
09-20 16:48:57.739  1536  3065 D vendor.qti.bluetooth@1.0-wake_lock: Release wakelock is released 
09-20 16:48:58.022  2305  2665 D WifiStaIfaceHidlImpl: getCachedScanData is not implemented by HIDL
09-20 16:48:58.158 20868  5132 W AOSP-MdnsDiscoveryManag: Error while decoding multicast packet (4752): 1 [CONTEXT service_id=168 ]
09-20 16:48:58.261 20868  5132 W AOSP-MdnsDiscoveryManag: Error while decoding multicast packet (4753): 1 [CONTEXT service_id=168 ]
09-20 16:48:59.384 20868  5132 W AOSP-MdnsDiscoveryManag: Error while decoding multicast packet (4754): 1 [CONTEXT service_id=168 ]
09-20 16:48:59.487 20868  5132 W AOSP-MdnsDiscoveryManag: Error while decoding multicast packet (4755): 1 [CONTEXT service_id=168 ]
09-20 16:49:00.412 20868  5132 W AOSP-MdnsDiscoveryManag: Error while decoding multicast packet (4756): 1 [CONTEXT service_id=168 ]
09-20 16:49:00.415 20868  5132 W AOSP-MdnsDiscoveryManag: Error while decoding multicast packet (4757): 1 [CONTEXT service_id=168 ]
09-20 16:49:00.417 20868  5132 W AOSP-MdnsDiscoveryManag: Error while decoding multicast packet (4760): 1 [CONTEXT service_id=168 ]
09-20 16:49:00.419 20868  5132 W AOSP-MdnsDiscoveryManag: Error while decoding multicast packet (4761): 1 [CONTEXT service_id=168 ]
09-20 16:49:00.422 20868 26219 I AOSP-MdnsDiscoveryManag: Remove EVENT_START_QUERYTASK, current session: 143 [CONTEXT service_id=168 ]
09-20 16:49:00.423 20868 26219 I AOSP-MdnsDiscoveryManag: Reschedule a query. Next run: sessionId: 144, in 95999 ms [CONTEXT service_id=168 ]
09-20 16:49:00.516 20868 26219 I AOSP-MdnsDiscoveryManag: Remove EVENT_START_QUERYTASK, current session: 144 [CONTEXT service_id=168 ]
09-20 16:49:00.517 20868 26219 I AOSP-MdnsDiscoveryManag: Reschedule a query. Next run: sessionId: 145, in 95998 ms [CONTEXT service_id=168 ]
09-20 16:49:01.055  2305  2665 D WifiStaIfaceHidlImpl: getCachedScanData is not implemented by HIDL
09-20 16:49:00.097     0     0 W healthd : battery l=99 v=4307 t=25.8 h=2 st=2 c=204000 fc=7506000 cc=19 chg=u
09-20 16:49:00.233     0     0 E PL_DISABLE: CHG_STATE_VOTER,0 same vote on of val=1
09-20 16:49:00.233     0     0 E PL_DISABLE: CHG_STATE_VOTER,0 Ignoring similar vote on of val=1
09-20 16:49:00.233     0     0 E PL_ENABLE_INDIRECT: USBIN_I_VOTER,0 same vote off of val=0
09-20 16:49:00.233     0     0 E PL_ENABLE_INDIRECT: USBIN_I_VOTER,0 Ignoring similar vote off of val=0
09-20 16:49:00.233     0     0 E PL_DISABLE: PL_FCC_LOW_VOTER,10 same vote off of val=0
09-20 16:49:00.233     0     0 E PL_DISABLE: PL_FCC_LOW_VOTER,10 Ignoring similar vote off of val=0
09-20 16:49:00.233     0     0 E         : ========2222========usb charge===============
09-20 16:49:00.233     0     0 E         : ========2222========usb charge===============
09-20 16:49:00.233     0     0 E USB_ICL_IRQ_DISABLE: USB_SUSPEND_VOTER,0 same vote off of val=0
09-20 16:49:00.233     0     0 E USB_ICL_IRQ_DISABLE: USB_SUSPEND_VOTER,0 Ignoring similar vote off of val=0
09-20 16:49:00.233     0     0 E FCC_MAIN: MAIN_FCC_VOTER,0 same vote on of val=4500000
09-20 16:49:00.233     0     0 E FCC_MAIN: MAIN_FCC_VOTER,0 Ignoring similar vote on of val=4500000
09-20 16:49:00.234     0     0 E PL_DISABLE: ICL_LIMIT_VOTER,9 same vote off of val=0
09-20 16:49:00.234     0     0 E PL_DISABLE: ICL_LIMIT_VOTER,9 Ignoring similar vote off of val=0
09-20 16:49:00.239     0     0 E CHG_DISABLE: JEITA_VOTER,3 same vote off of val=0
09-20 16:49:00.239     0     0 E CHG_DISABLE: JEITA_VOTER,3 Ignoring similar vote off of val=0
09-20 16:49:00.239     0     0 E FCC     : JEITA_VOTER,3 same vote on of val=4500000
09-20 16:49:00.239     0     0 E FCC     : JEITA_VOTER,3 Ignoring similar vote on of val=4500000
09-20 16:49:00.239     0     0 E USB_ICL : JEITA_VOTER,15 same vote off of val=0
09-20 16:49:00.239     0     0 E USB_ICL : JEITA_VOTER,15 Ignoring similar vote off of val=0
09-20 16:49:00.239     0     0 E FV      : JEITA_VOTER,3 same vote on of val=4400000
09-20 16:49:00.239     0     0 E FV      : JEITA_VOTER,3 Ignoring similar vote on of val=4400000
09-20 16:49:00.239     0     0 E FCC     : STEP_CHG_VOTER,4 same vote off of val=0
09-20 16:49:00.239     0     0 E FCC     : STEP_CHG_VOTER,4 Ignoring similar vote off of val=0
09-20 16:49:00.245     0     0 I         : ///PD dbg info 129d
09-20 16:49:00.245     0     0 I <3295461.134>TCPC-TCPC: bat_update_work_func battery update soc = 99
09-20 16:49:00.245     0     0 I <3295461.135>TCPC-TCPC: bat_update_work_func Battery Charging
09-20 16:49:00.253     0     0 E QG-K    : qg_status_change_work: disable health is warm, set fv to 4200000
09-20 16:49:00.253     0     0 E FV      : ADJUST_FV_VOTER,4 same vote off of val=0
09-20 16:49:00.253     0     0 E FV      : ADJUST_FV_VOTER,4 Ignoring similar vote off of val=0
09-20 16:49:00.321     0     0 W healthd : battery l=99 v=4307 t=25.8 h=2 st=2 c=204000 fc=7506000 cc=19 chg=u
09-20 16:49:02.681  1536  3266 I vendor.qti.bluetooth@1.0-ibs_handler: ProcessIbsCmd: Received IBS_WAKE_IND: 0xFD
09-20 16:49:02.681  1536  3266 D vendor.qti.bluetooth@1.0-ibs_handler: SerialClockVote: vote for UART CLK ON
09-20 16:49:02.685  1536  3266 D vendor.qti.bluetooth@1.0-wake_lock: Acquire wakelock is acquired 
09-20 16:49:02.685  1536  3266 I vendor.qti.bluetooth@1.0-ibs_handler: ProcessIbsCmd: Writing IBS_WAKE_ACK
09-20 16:49:02.727  1536  3266 I vendor.qti.bluetooth@1.0-ibs_handler: ProcessIbsCmd: Received IBS_SLEEP_IND: 0xFE
09-20 16:49:02.727  1536  3266 D vendor.qti.bluetooth@1.0-ibs_handler: SerialClockVote: vote for UART CLK OFF
09-20 16:49:02.878  1536  3065 D vendor.qti.bluetooth@1.0-wake_lock: Release wakelock is released 
09-20 16:49:03.131 20868 17204 I NearbyMediums: Found Fast Ble Advertisements :
09-20 16:49:03.131 20868 17204 I NearbyMediums: BleAdvertisement { version=2, socketVersion=2, isFast=true, serviceIdHash=null, data=[ 0x23 0x53 0x35 0x4f 0x4d 0x11 0x32 0x19 0x73 0x3a 0x7b 0xdb 0x47 0x89 0xfd 0xc3 0xee 0xd7 0x19 0x6f 0xc7 0x2a 0x7a ], deviceToken=[ 0x7f 0xa7 ], rxAdvertisement=null } : 5 times.
09-20 16:49:03.131 20868 17204 I NearbyMediums: Total 5 fast advertisements from 1 unique advertisers.
09-20 16:49:03.131 20868 17204 I NearbyMediums: Current Tracked Scanning Clients are : {NearbyConnections.EnvironmentMonitor, NearbySharing, NearbyConnections.TxAdvertisement}
09-20 16:49:03.136 20868 17209 I NearbyConnections: Processing lost BlePeripheral BlePeripheral{advertisement=BleAdvertisement { version=2, socketVersion=2, isFast=true, serviceIdHash=null, data=[ 0x23 0x4f 0x4d 0x31 0x56 0x11 0x32 0xb5 0xdf 0x9f 0xd9 0x27 0xa7 0xf1 0x4f 0xba 0xcf 0xbd 0xe0 0x8b 0xbb 0xc0 0x5d ], deviceToken=[ 0x07 0xac ], rxAdvertisement=null }, dctAdvertisement=null, address=null, psm=0, deviceToken=<ByteString@d010fba size=2 contents="\a\254">, isSecondProfile=false, rxInstantConnectionAdv=null}.
09-20 16:49:03.137 20868 17209 I NearbyConnections: Lost BleEndpoint for BlePeripheral BlePeripheral{advertisement=BleAdvertisement { version=2, socketVersion=2, isFast=true, serviceIdHash=null, data=[ 0x23 0x4f 0x4d 0x31 0x56 0x11 0x32 0xb5 0xdf 0x9f 0xd9 0x27 0xa7 0xf1 0x4f 0xba 0xcf 0xbd 0xe0 0x8b 0xbb 0xc0 0x5d ], deviceToken=[ 0x07 0xac ], rxAdvertisement=null }, dctAdvertisement=null, address=null, psm=0, deviceToken=<ByteString@d010fba size=2 contents="\a\254">, isSecondProfile=false, rxInstantConnectionAdv=null} (with EndpointId OM1V and EndpointInfo [ 0x32 0xb5 0xdf 0x9f 0xd9 0x27 0xa7 0xf1 0x4f 0xba 0xcf 0xbd 0xe0 0x8b 0xbb 0xc0 0x5d ]).
09-20 16:49:03.137 20868 17209 I NearbyConnections: Unable to record lost endpoint due to null currentDiscoveryPhase
09-20 16:49:03.137 20868 17209 I NearbyConnections: ClientProxy(47025994) reporting onEndpointLost(OM1V)
09-20 16:49:03.142 20868 17204 I NearbySharing: NearbySharing Internal event EndpointLost(endpointId=OM1V)
09-20 16:49:03.143 20868 17209 I NearbySharing: [NS_DISCOVERY] DiscoveryController reported Lost(endpointId=OM1V)
09-20 16:49:03.647 20868 17210 I NearbySharing: [NS_CONTROL] DiscoveryStateManager emitted ReportLost(id=3).
09-20 16:49:03.648 20868 17210 I NearbySharing: NearbySharing Internal event ReceiverLost(receiverId=3)
09-20 16:49:03.649 20868 17204 I NearbySharing: SendProvider: SendManager event Lost(receiverId=3)
09-20 16:49:03.651 20868 17211 I NearbySharing: ShareTargetDiscoveredCallback: onShareTargetLost()
09-20 16:49:03.659 20868 20868 I NearbySharing: ShortcutInfoManager removed shortcut Pixel 9a
09-20 16:49:03.660  2305  2338 W NotificationHistory: Attempted to remove conversation for locked/gone/disabled user 0
09-20 16:49:04.095  2305  2665 D WifiStaIfaceHidlImpl: getCachedScanData is not implemented by HIDL
09-20 16:49:07.124  2305  2665 D WifiStaIfaceHidlImpl: getCachedScanData is not implemented by HIDL
09-20 16:49:06.899     0     0 E QG_WS   : FIFO_DONE_VOTER,1 voting on of val=1
09-20 16:49:06.899     0     0 E QG_WS   : effective vote is now 1 voted by FIFO_DONE_VOTER,1
09-20 16:49:06.900     0     0 E QG_WS   : GOOD_OCV_VOTER,0 same vote off of val=0
09-20 16:49:06.900     0     0 E QG_WS   : GOOD_OCV_VOTER,0 Ignoring similar vote off of val=0
09-20 16:49:06.900     0     0 E QG_WS   : FIFO_DONE_VOTER,1 voting off of val=0
09-20 16:49:06.900     0     0 E QG_WS   : effective vote is now 0 voted by FIFO_DONE_VOTER,1
09-20 16:49:06.900     0     0 E QG_WS   : FIFO_RT_DONE_VOTER,2 same vote off of val=0
09-20 16:49:06.900     0     0 E QG_WS   : FIFO_RT_DONE_VOTER,2 Ignoring similar vote off of val=0
09-20 16:49:06.900     0     0 E QG_WS   : SUSPEND_DATA_VOTER,3 same vote off of val=0
09-20 16:49:06.900     0     0 E QG_WS   : SUSPEND_DATA_VOTER,3 Ignoring similar vote off of val=0
09-20 16:49:06.900     0     0 E QG_WS   : SLEEP_EXIT_DATA_VOTER,4 same vote off of val=0
09-20 16:49:06.900     0     0 E QG_WS   : SLEEP_EXIT_DATA_VOTER,4 Ignoring similar vote off of val=0
09-20 16:49:06.907     0     0 E QG_WS   : UDATA_READY_VOTER,5 voting on of val=1
09-20 16:49:06.907     0     0 E QG_WS   : effective vote is now 1 voted by UDATA_READY_VOTER,5
09-20 16:49:06.910     0     0 E QG_WS   : UDATA_READY_VOTER,5 voting off of val=0
09-20 16:49:06.910     0     0 E QG_WS   : effective vote is now 0 voted by UDATA_READY_VOTER,5
09-20 16:49:08.378     0     0 E PL_DISABLE: CHG_STATE_VOTER,0 same vote on of val=1
09-20 16:49:08.378     0     0 E PL_DISABLE: CHG_STATE_VOTER,0 Ignoring similar vote on of val=1
09-20 16:49:08.378     0     0 E PL_ENABLE_INDIRECT: USBIN_I_VOTER,0 same vote off of val=0
09-20 16:49:08.378     0     0 E PL_ENABLE_INDIRECT: USBIN_I_VOTER,0 Ignoring similar vote off of val=0
09-20 16:49:08.378     0     0 E PL_DISABLE: PL_FCC_LOW_VOTER,10 same vote off of val=0
09-20 16:49:08.378     0     0 E PL_DISABLE: PL_FCC_LOW_VOTER,10 Ignoring similar vote off of val=0
09-20 16:49:08.378     0     0 E         : ========2222========usb charge===============
09-20 16:49:08.378     0     0 E         : ========2222========usb charge===============
09-20 16:49:08.378     0     0 E USB_ICL_IRQ_DISABLE: USB_SUSPEND_VOTER,0 same vote off of val=0
09-20 16:49:08.378     0     0 E USB_ICL_IRQ_DISABLE: USB_SUSPEND_VOTER,0 Ignoring similar vote off of val=0
09-20 16:49:08.378     0     0 E FCC_MAIN: MAIN_FCC_VOTER,0 same vote on of val=4500000
09-20 16:49:08.378     0     0 E FCC_MAIN: MAIN_FCC_VOTER,0 Ignoring similar vote on of val=4500000
09-20 16:49:08.382     0     0 E PL_DISABLE: ICL_LIMIT_VOTER,9 same vote off of val=0
09-20 16:49:08.382     0     0 E PL_DISABLE: ICL_LIMIT_VOTER,9 Ignoring similar vote off of val=0
09-20 16:49:08.386     0     0 E CHG_DISABLE: JEITA_VOTER,3 same vote off of val=0
09-20 16:49:08.386     0     0 E CHG_DISABLE: JEITA_VOTER,3 Ignoring similar vote off of val=0
09-20 16:49:08.386     0     0 E FCC     : JEITA_VOTER,3 same vote on of val=4500000
09-20 16:49:08.386     0     0 E FCC     : JEITA_VOTER,3 Ignoring similar vote on of val=4500000
09-20 16:49:08.386     0     0 E USB_ICL : JEITA_VOTER,15 same vote off of val=0
09-20 16:49:08.386     0     0 E USB_ICL : JEITA_VOTER,15 Ignoring similar vote off of val=0
09-20 16:49:08.386     0     0 E FV      : JEITA_VOTER,3 same vote on of val=4400000
09-20 16:49:08.386     0     0 E FV      : JEITA_VOTER,3 Ignoring similar vote on of val=4400000
09-20 16:49:08.386     0     0 E FCC     : STEP_CHG_VOTER,4 same vote off of val=0
09-20 16:49:08.386     0     0 E FCC     : STEP_CHG_VOTER,4 Ignoring similar vote off of val=0
09-20 16:49:08.394     0     0 I         : ///PD dbg info 129d
09-20 16:49:08.394     0     0 I <3295469.283>TCPC-TCPC: bat_update_work_func battery update soc = 99
09-20 16:49:08.394     0     0 I <3295469.283>TCPC-TCPC: bat_update_work_func Battery Charging
09-20 16:49:08.401     0     0 E QG-K    : qg_status_change_work: disable health is warm, set fv to 4200000
09-20 16:49:08.401     0     0 E FV      : ADJUST_FV_VOTER,4 same vote off of val=0
09-20 16:49:08.401     0     0 E FV      : ADJUST_FV_VOTER,4 Ignoring similar vote off of val=0
09-20 16:49:08.469     0     0 W healthd : battery l=99 v=4308 t=25.8 h=2 st=2 c=176000 fc=7506000 cc=19 chg=u
09-20 16:49:10.166  2305  2665 D WifiStaIfaceHidlImpl: getCachedScanData is not implemented by HIDL
09-20 16:49:10.399  1536  3266 I vendor.qti.bluetooth@1.0-ibs_handler: ProcessIbsCmd: Received IBS_WAKE_IND: 0xFD
09-20 16:49:10.399  1536  3266 D vendor.qti.bluetooth@1.0-ibs_handler: SerialClockVote: vote for UART CLK ON
09-20 16:49:10.402  1536  3266 D vendor.qti.bluetooth@1.0-wake_lock: Acquire wakelock is acquired 
09-20 16:49:10.402  1536  3266 I vendor.qti.bluetooth@1.0-ibs_handler: ProcessIbsCmd: Writing IBS_WAKE_ACK
09-20 16:49:10.445  1536  3266 I vendor.qti.bluetooth@1.0-ibs_handler: ProcessIbsCmd: Received IBS_SLEEP_IND: 0xFE
09-20 16:49:10.445  1536  3266 D vendor.qti.bluetooth@1.0-ibs_handler: SerialClockVote: vote for UART CLK OFF
09-20 16:49:10.596  1536  3065 D vendor.qti.bluetooth@1.0-wake_lock: Release wakelock is released 
09-20 16:49:10.949 13461 22230 D App     : bindSocketToActiveNetwork: binding fd=142 to net=148 iface=wlan0
09-20 16:49:10.950 13461 22224 D gojni   : App: bindSocketToActiveNetwork: binding fd=142 to net=148 iface=wlan0
09-20 16:49:10.959 13461 22224 D App     : bindSocketToActiveNetwork: binding fd=142 to net=148 iface=wlan0
09-20 16:49:10.961 13461 22230 D gojni   : App: bindSocketToActiveNetwork: binding fd=142 to net=148 iface=wlan0
09-20 16:49:13.136 20868 17204 I NearbyMediums: Found Fast Ble Advertisements :
09-20 16:49:13.136 20868 17204 I NearbyMediums: BleAdvertisement { version=2, socketVersion=2, isFast=true, serviceIdHash=null, data=[ 0x23 0x53 0x35 0x4f 0x4d 0x11 0x32 0x19 0x73 0x3a 0x7b 0xdb 0x47 0x89 0xfd 0xc3 0xee 0xd7 0x19 0x6f 0xc7 0x2a 0x7a ], deviceToken=[ 0x7f 0xa7 ], rxAdvertisement=null } : 1 times.
09-20 16:49:13.136 20868 17204 I NearbyMediums: Total 1 fast advertisements from 1 unique advertisers.
09-20 16:49:13.136 20868 17204 I NearbyMediums: Current Tracked Scanning Clients are : {NearbyConnections.EnvironmentMonitor, NearbySharing, NearbyConnections.TxAdvertisement}
09-20 16:49:13.189  2305  2665 D WifiStaIfaceHidlImpl: getCachedScanData is not implemented by HIDL
09-20 16:49:13.979 20868 12957 I CastDatabase: Saving the database
09-20 16:49:14.013 20868 12957 I SQLiteCastStore: [CastNetworkInfo] saved: 2, skipped: 0, [CastDeviceInfo]: saved 6, skipped 0, [ProbedNetworks]: saved 0, skipped: 0, [ProbedSocketAddress]: saved 6, skipped: 0, [Network-Device pairs]: saved: 6
09-20 16:49:15.535  1536  3266 I vendor.qti.bluetooth@1.0-ibs_handler: ProcessIbsCmd: Received IBS_WAKE_IND: 0xFD
09-20 16:49:15.535  1536  3266 D vendor.qti.bluetooth@1.0-ibs_handler: SerialClockVote: vote for UART CLK ON
09-20 16:49:15.538  1536  3266 D vendor.qti.bluetooth@1.0-wake_lock: Acquire wakelock is acquired 
09-20 16:49:15.538  1536  3266 I vendor.qti.bluetooth@1.0-ibs_handler: ProcessIbsCmd: Writing IBS_WAKE_ACK
09-20 16:49:15.579  1536  3266 I vendor.qti.bluetooth@1.0-ibs_handler: ProcessIbsCmd: Received IBS_SLEEP_IND: 0xFE
09-20 16:49:15.580  1536  3266 D vendor.qti.bluetooth@1.0-ibs_handler: SerialClockVote: vote for UART CLK OFF
09-20 16:49:15.730  1536  3065 D vendor.qti.bluetooth@1.0-wake_lock: Release wakelock is released 
09-20 16:49:16.216  2305  2665 D WifiStaIfaceHidlImpl: getCachedScanData is not implemented by HIDL
09-20 16:49:16.524     0     0 E PL_DISABLE: CHG_STATE_VOTER,0 same vote on of val=1
09-20 16:49:16.524     0     0 E PL_DISABLE: CHG_STATE_VOTER,0 Ignoring similar vote on of val=1
09-20 16:49:16.524     0     0 E PL_ENABLE_INDIRECT: USBIN_I_VOTER,0 same vote off of val=0
09-20 16:49:16.524     0     0 E PL_ENABLE_INDIRECT: USBIN_I_VOTER,0 Ignoring similar vote off of val=0
09-20 16:49:16.524     0     0 E PL_DISABLE: PL_FCC_LOW_VOTER,10 same vote off of val=0
09-20 16:49:16.524     0     0 E PL_DISABLE: PL_FCC_LOW_VOTER,10 Ignoring similar vote off of val=0
09-20 16:49:16.524     0     0 E         : ========2222========usb charge===============
09-20 16:49:16.524     0     0 E         : ========2222========usb charge===============
09-20 16:49:16.524     0     0 E USB_ICL_IRQ_DISABLE: USB_SUSPEND_VOTER,0 same vote off of val=0
09-20 16:49:16.524     0     0 E USB_ICL_IRQ_DISABLE: USB_SUSPEND_VOTER,0 Ignoring similar vote off of val=0
09-20 16:49:16.524     0     0 E FCC_MAIN: MAIN_FCC_VOTER,0 same vote on of val=4500000
09-20 16:49:16.525     0     0 E FCC_MAIN: MAIN_FCC_VOTER,0 Ignoring similar vote on of val=4500000
09-20 16:49:16.527     0     0 E PL_DISABLE: ICL_LIMIT_VOTER,9 same vote off of val=0
09-20 16:49:16.528     0     0 E PL_DISABLE: ICL_LIMIT_VOTER,9 Ignoring similar vote off of val=0
09-20 16:49:16.534     0     0 E CHG_DISABLE: JEITA_VOTER,3 same vote off of val=0
09-20 16:49:16.534     0     0 E CHG_DISABLE: JEITA_VOTER,3 Ignoring similar vote off of val=0
09-20 16:49:16.534     0     0 E FCC     : JEITA_VOTER,3 same vote on of val=4500000
09-20 16:49:16.534     0     0 E FCC     : JEITA_VOTER,3 Ignoring similar vote on of val=4500000
09-20 16:49:16.534     0     0 E USB_ICL : JEITA_VOTER,15 same vote off of val=0
09-20 16:49:16.534     0     0 E USB_ICL : JEITA_VOTER,15 Ignoring similar vote off of val=0
09-20 16:49:16.534     0     0 E FV      : JEITA_VOTER,3 same vote on of val=4400000
09-20 16:49:16.534     0     0 E FV      : JEITA_VOTER,3 Ignoring similar vote on of val=4400000
09-20 16:49:16.534     0     0 E FCC     : STEP_CHG_VOTER,4 same vote off of val=0
09-20 16:49:16.534     0     0 E FCC     : STEP_CHG_VOTER,4 Ignoring similar vote off of val=0
09-20 16:49:16.537     0     0 I         : ///PD dbg info 129d
09-20 16:49:16.537     0     0 I <3295477.427>TCPC-TCPC: bat_update_work_func battery update soc = 99
09-20 16:49:16.537     0     0 I <3295477.427>TCPC-TCPC: bat_update_work_func Battery Charging
09-20 16:49:16.561     0     0 E QG-K    : qg_status_change_work: disable health is warm, set fv to 4200000
09-20 16:49:16.561     0     0 E FV      : ADJUST_FV_VOTER,4 same vote off of val=0
09-20 16:49:16.561     0     0 E FV      : ADJUST_FV_VOTER,4 Ignoring similar vote off of val=0
09-20 16:49:16.632     0     0 W healthd : battery l=99 v=4303 t=25.9 h=2 st=2 c=205000 fc=7506000 cc=19 chg=u
09-20 16:49:19.253  2305  2665 D WifiStaIfaceHidlImpl: getCachedScanData is not implemented by HIDL
09-20 16:49:20.691  1536  3266 I vendor.qti.bluetooth@1.0-ibs_handler: ProcessIbsCmd: Received IBS_WAKE_IND: 0xFD
09-20 16:49:20.691  1536  3266 D vendor.qti.bluetooth@1.0-ibs_handler: SerialClockVote: vote for UART CLK ON
09-20 16:49:20.694  1536  3266 D vendor.qti.bluetooth@1.0-wake_lock: Acquire wakelock is acquired 
09-20 16:49:20.694  1536  3266 I vendor.qti.bluetooth@1.0-ibs_handler: ProcessIbsCmd: Writing IBS_WAKE_ACK
09-20 16:49:20.736  1536  3266 I vendor.qti.bluetooth@1.0-ibs_handler: ProcessIbsCmd: Received IBS_SLEEP_IND: 0xFE
09-20 16:49:20.736  1536  3266 D vendor.qti.bluetooth@1.0-ibs_handler: SerialClockVote: vote for UART CLK OFF
09-20 16:49:20.887  1536  3065 D vendor.qti.bluetooth@1.0-wake_lock: Release wakelock is released 
09-20 16:49:21.843  1536  3266 I vendor.qti.bluetooth@1.0-ibs_handler: ProcessIbsCmd: Received IBS_WAKE_IND: 0xFD
09-20 16:49:21.843  1536  3266 D vendor.qti.bluetooth@1.0-ibs_handler: SerialClockVote: vote for UART CLK ON
09-20 16:49:21.846  1536  3266 D vendor.qti.bluetooth@1.0-wake_lock: Acquire wakelock is acquired 
09-20 16:49:21.846  1536  3266 I vendor.qti.bluetooth@1.0-ibs_handler: ProcessIbsCmd: Writing IBS_WAKE_ACK
09-20 16:49:21.888  1536  3266 I vendor.qti.bluetooth@1.0-ibs_handler: ProcessIbsCmd: Received IBS_SLEEP_IND: 0xFE
09-20 16:49:21.888  1536  3266 D vendor.qti.bluetooth@1.0-ibs_handler: SerialClockVote: vote for UART CLK OFF
09-20 16:49:22.039  1536  3065 D vendor.qti.bluetooth@1.0-wake_lock: Release wakelock is released 
09-20 16:49:22.284  2305  2665 D WifiStaIfaceHidlImpl: getCachedScanData is not implemented by HIDL
09-20 16:49:23.140 20868 17204 I NearbyMediums: Found Fast Ble Advertisements :
09-20 16:49:23.140 20868 17204 I NearbyMediums: BleAdvertisement { version=2, socketVersion=2, isFast=true, serviceIdHash=null, data=[ 0x23 0x53 0x35 0x4f 0x4d 0x11 0x32 0x19 0x73 0x3a 0x7b 0xdb 0x47 0x89 0xfd 0xc3 0xee 0xd7 0x19 0x6f 0xc7 0x2a 0x7a ], deviceToken=[ 0x7f 0xa7 ], rxAdvertisement=null } : 3 times.
09-20 16:49:23.140 20868 17204 I NearbyMediums: Total 3 fast advertisements from 1 unique advertisers.
09-20 16:49:23.140 20868 17204 I NearbyMediums: Current Tracked Scanning Clients are : {NearbyConnections.EnvironmentMonitor, NearbySharing, NearbyConnections.TxAdvertisement}
09-20 16:49:23.274  1536  3266 I vendor.qti.bluetooth@1.0-ibs_handler: ProcessIbsCmd: Received IBS_WAKE_IND: 0xFD
09-20 16:49:23.274  1536  3266 D vendor.qti.bluetooth@1.0-ibs_handler: SerialClockVote: vote for UART CLK ON
09-20 16:49:23.277  1536  3266 D vendor.qti.bluetooth@1.0-wake_lock: Acquire wakelock is acquired 
09-20 16:49:23.277  1536  3266 I vendor.qti.bluetooth@1.0-ibs_handler: ProcessIbsCmd: Writing IBS_WAKE_ACK
09-20 16:49:23.319  1536  3266 I vendor.qti.bluetooth@1.0-ibs_handler: ProcessIbsCmd: Received IBS_SLEEP_IND: 0xFE
09-20 16:49:23.319  1536  3266 D vendor.qti.bluetooth@1.0-ibs_handler: SerialClockVote: vote for UART CLK OFF
09-20 16:49:23.470  1536  3065 D vendor.qti.bluetooth@1.0-wake_lock: Release wakelock is released 
09-20 16:49:25.193 20868  5132 W AOSP-MdnsDiscoveryManag: Error while decoding multicast packet (4768): 1 [CONTEXT service_id=168 ]
09-20 16:49:25.295 20868  5132 W AOSP-MdnsDiscoveryManag: Error while decoding multicast packet (4769): 1 [CONTEXT service_id=168 ]
09-20 16:49:25.317  2305  2665 D WifiStaIfaceHidlImpl: getCachedScanData is not implemented by HIDL
09-20 16:49:24.670     0     0 E PL_DISABLE: CHG_STATE_VOTER,0 same vote on of val=1
09-20 16:49:24.670     0     0 E PL_DISABLE: CHG_STATE_VOTER,0 Ignoring similar vote on of val=1
09-20 16:49:24.670     0     0 E PL_ENABLE_INDIRECT: USBIN_I_VOTER,0 same vote off of val=0
09-20 16:49:24.670     0     0 E PL_ENABLE_INDIRECT: USBIN_I_VOTER,0 Ignoring similar vote off of val=0
09-20 16:49:24.670     0     0 E PL_DISABLE: PL_FCC_LOW_VOTER,10 same vote off of val=0
09-20 16:49:24.670     0     0 E PL_DISABLE: PL_FCC_LOW_VOTER,10 Ignoring similar vote off of val=0
09-20 16:49:24.670     0     0 E         : ========2222========usb charge===============
09-20 16:49:24.670     0     0 E         : ========2222========usb charge===============
09-20 16:49:24.670     0     0 E USB_ICL_IRQ_DISABLE: USB_SUSPEND_VOTER,0 same vote off of val=0
09-20 16:49:24.670     0     0 E USB_ICL_IRQ_DISABLE: USB_SUSPEND_VOTER,0 Ignoring similar vote off of val=0
09-20 16:49:24.670     0     0 E FCC_MAIN: MAIN_FCC_VOTER,0 same vote on of val=4500000
09-20 16:49:24.670     0     0 E FCC_MAIN: MAIN_FCC_VOTER,0 Ignoring similar vote on of val=4500000
09-20 16:49:24.673     0     0 E PL_DISABLE: ICL_LIMIT_VOTER,9 same vote off of val=0
09-20 16:49:24.673     0     0 E PL_DISABLE: ICL_LIMIT_VOTER,9 Ignoring similar vote off of val=0
09-20 16:49:24.677     0     0 E CHG_DISABLE: JEITA_VOTER,3 same vote off of val=0
09-20 16:49:24.677     0     0 E CHG_DISABLE: JEITA_VOTER,3 Ignoring similar vote off of val=0
09-20 16:49:24.677     0     0 E FCC     : JEITA_VOTER,3 same vote on of val=4500000
09-20 16:49:24.677     0     0 E FCC     : JEITA_VOTER,3 Ignoring similar vote on of val=4500000
09-20 16:49:24.677     0     0 E USB_ICL : JEITA_VOTER,15 same vote off of val=0
09-20 16:49:24.677     0     0 E USB_ICL : JEITA_VOTER,15 Ignoring similar vote off of val=0
09-20 16:49:24.677     0     0 E FV      : JEITA_VOTER,3 same vote on of val=4400000
09-20 16:49:24.677     0     0 E FV      : JEITA_VOTER,3 Ignoring similar vote on of val=4400000
09-20 16:49:24.677     0     0 E FCC     : STEP_CHG_VOTER,4 same vote off of val=0
09-20 16:49:24.677     0     0 E FCC     : STEP_CHG_VOTER,4 Ignoring similar vote off of val=0
09-20 16:49:24.685     0     0 I         : ///PD dbg info 68d
09-20 16:49:24.685     0     0 I <3295485.575>TCPC-TCPC: bat_update_work_func battery update soc = 99
09-20 16:49:24.693     0     0 E QG-K    : qg_status_change_work: disable health is warm, set fv to 4200000
09-20 16:49:24.693     0     0 E FV      : ADJUST_FV_VOTER,4 same vote off of val=0
09-20 16:49:24.693     0     0 E FV      : ADJUST_FV_VOTER,4 Ignoring similar vote off of val=0
09-20 16:49:24.709     0     0 I         : ///PD dbg info 61d
09-20 16:49:24.709     0     0 I <3295485.575>TCPC-TCPC: bat_update_work_func Battery Charging
09-20 16:49:24.766     0     0 W healthd : battery l=99 v=4308 t=25.9 h=2 st=2 c=165000 fc=7506000 cc=19 chg=u
09-20 16:49:25.251     0     0 E AWAKE   : CHG_TERMINATION_VOTER,5 voting on of val=1
09-20 16:49:25.251     0     0 E AWAKE   : effective vote is now 1 voted by CHG_TERMINATION_VOTER,5
09-20 16:49:25.252     0     0 E USB_ICL : CHG_TERMINATION_VOTER,6 same vote off of val=0
09-20 16:49:25.252     0     0 E USB_ICL : CHG_TERMINATION_VOTER,6 Ignoring similar vote off of val=0
09-20 16:49:25.252     0     0 E DC_SUSPEND: CHG_TERMINATION_VOTER,2 same vote off of val=0
09-20 16:49:25.252     0     0 E DC_SUSPEND: CHG_TERMINATION_VOTER,2 Ignoring similar vote off of val=0
09-20 16:49:25.252     0     0 E AWAKE   : CHG_TERMINATION_VOTER,5 voting off of val=0
09-20 16:49:25.252     0     0 E AWAKE   : effective vote is now 0 voted by CHG_TERMINATION_VOTER,5
09-20 16:49:28.350  2305  2665 D WifiStaIfaceHidlImpl: getCachedScanData is not implemented by HIDL
09-20 16:49:27.314     0     0 W healthd : battery l=99 v=4307 t=25.9 h=2 st=2 c=171000 fc=7506000 cc=19 chg=u
09-20 16:49:29.594  1536  3266 I vendor.qti.bluetooth@1.0-ibs_handler: ProcessIbsCmd: Received IBS_WAKE_IND: 0xFD
09-20 16:49:29.594  1536  3266 D vendor.qti.bluetooth@1.0-ibs_handler: SerialClockVote: vote for UART CLK ON
09-20 16:49:29.597  1536  3266 D vendor.qti.bluetooth@1.0-wake_lock: Acquire wakelock is acquired 
09-20 16:49:29.597  1536  3266 I vendor.qti.bluetooth@1.0-ibs_handler: ProcessIbsCmd: Writing IBS_WAKE_ACK
09-20 16:49:29.611 20868 17212 I NearbyConnections: Found BleAdvertisement [ 0x23 0x4f 0x4d 0x31 0x56 0x11 0x32 0xb5 0xdf 0x9f 0xd9 0x27 0xa7 0xf1 0x4f 0xba 0xcf 0xbd 0xe0 0x8b 0xbb 0xc0 0x5d ] (with EndpointId OM1V and EndpointInfo [ 0x32 0xb5 0xdf 0x9f 0xd9 0x27 0xa7 0xf1 0x4f 0xba 0xcf 0xbd 0xe0 0x8b 0xbb 0xc0 0x5d ])
09-20 16:49:29.614 20868 17212 I NearbyConnections: Unable to record discovered endpoint due to null currentDiscoveryPhase
09-20 16:49:29.615 20868 17212 I NearbyConnections: ClientProxy(47025994 0p:com.google.android.gms.nearby.sharing) reporting onEndpointFound(OM1V)
09-20 16:49:29.616 20868 17212 I NearbyConnections: ClientProxy(47025994) reporting onEndpointDistanceChanged(OM1V, UNKNOWN)
09-20 16:49:29.621 20868 17213 I NearbySharing: NearbySharing Internal event EndpointDiscovered(endpointId=OM1V)
09-20 16:49:29.639  1536  3266 I vendor.qti.bluetooth@1.0-ibs_handler: ProcessIbsCmd: Received IBS_SLEEP_IND: 0xFE
09-20 16:49:29.639  1536  3266 D vendor.qti.bluetooth@1.0-ibs_handler: SerialClockVote: vote for UART CLK OFF
09-20 16:49:29.652 20868 17212 I NearbySharing: [NS_DISCOVERY] DiscoveryController reported Discovered(endpointId=OM1V, metadata=DeviceMetadata(version=1, deviceType=1, deviceName=<redacted>, displayName=<redacted>, modelName=Pixel 9a, imageUri=<redacted>, isSelfShare=true, isFamilyShare=false, isKnown=true, bluetoothMacAddress=<redacted>, vendorId=0, matchesLocalQrCode=false, devicePairingBindingIds=<redacted>))
09-20 16:49:29.653 20868 17212 I NearbySharing: [NS_DEBUG] Dedupped: same endpoint ID OM1V
09-20 16:49:29.653 20868 17212 I NearbySharing: [NS_DEBUG] previous receiver info ReceiverInfo(endpointIds=[DiscoveryEndpoint(id=OM1V, origin=NEARBY_CONNECTIONS)], metadata=DeviceMetadata(version=1, deviceType=1, deviceName=<redacted>, displayName=<redacted>, modelName=Pixel 9a, imageUri=<redacted>, isSelfShare=true, isFamilyShare=false, isKnown=true, bluetoothMacAddress=<redacted>, vendorId=0, matchesLocalQrCode=false, devicePairingBindingIds=<redacted>), state=Tomb(delayedStateChangeJob=kcrb{Active}@6f96dc2))
09-20 16:49:29.654 20868 17212 I NearbySharing: NearbySharing Internal event ReceiverEndpointMapping(endpointId=OM1V, receiverId=3)
09-20 16:49:29.657 20868 17217 I NearbySharing: [NS_CONTROL] DiscoveryStateManager emitted ReportDiscovered(id=3, metadata=DeviceMetadata(version=1, deviceType=1, deviceName=<redacted>, displayName=<redacted>, modelName=Pixel 9a, imageUri=<redacted>, isSelfShare=true, isFamilyShare=false, isKnown=true, bluetoothMacAddress=<redacted>, vendorId=0, matchesLocalQrCode=false, devicePairingBindingIds=<redacted>)).
09-20 16:49:29.658 20868 17217 I NearbySharing: NearbySharing Internal event ReceiverDiscovered(receiverId=3, deviceName=Pixel 9a, isKnown=true, isSelfShare=true, deviceType=1, hasMatchingQrCode=false, isExternal=false, providerName=null, providerId=null, cloudReceiverSessionId=null, cloudSharingId=null)
09-20 16:49:29.659 20868 17216 I NearbySharing: SendProvider: SendManager event Discovered(receiverId=3, receiverMetadata=DeviceMetadata(version=1, deviceType=1, deviceName=<redacted>, displayName=<redacted>, modelName=Pixel 9a, imageUri=<redacted>, isSelfShare=true, isFamilyShare=false, isKnown=true, bluetoothMacAddress=<redacted>, vendorId=0, matchesLocalQrCode=false, devicePairingBindingIds=<redacted>))
09-20 16:49:29.659 20868 17216 I NearbySharing: SendProvider: SendManager event DistanceChanged(receiverId=3, distance=1, rangingData=null)
09-20 16:49:29.660 20868 17217 I NearbySharing: ShareTargetDiscoveredCallback: onShareTargetDiscovered()
09-20 16:49:29.660 20868 17217 I NearbySharing: ShareTargetDiscoveredCallback: onShareTargetDistanceChanged() with distance: 1, rangingData: null
09-20 16:49:29.667  2305  2720 D BackgroundInstallControlService: Package event received: 0
09-20 16:49:29.670 20868 20868 I NearbySharing: ShortcutInfoManager added shortcut Pixel 9a
09-20 16:49:29.789  1536  3065 D vendor.qti.bluetooth@1.0-wake_lock: Release wakelock is released 
09-20 16:49:30.384  2305  2665 D WifiStaIfaceHidlImpl: getCachedScanData is not implemented by HIDL
09-20 16:49:30.405  1536  1536 D vendor.qti.bluetooth@1.0-ibs_handler: SerialClockVote: vote for UART CLK ON
09-20 16:49:30.409  1536  1536 D vendor.qti.bluetooth@1.0-wake_lock: Acquire wakelock is acquired 
09-20 16:49:30.410  1536  1536 I vendor.qti.bluetooth@1.0-ibs_handler: DeviceWakeUp: Writing IBS_WAKE_IND
09-20 16:49:30.417  1536  3266 I vendor.qti.bluetooth@1.0-ibs_handler: ProcessIbsCmd: Received IBS_WAKE_ACK: 0xFC
09-20 16:49:30.420  1536  3266 I vendor.qti.bluetooth@1.0-ibs_handler: ProcessIbsCmd: Received IBS_WAKE_IND: 0xFD
09-20 16:49:30.420  1536  3266 I vendor.qti.bluetooth@1.0-ibs_handler: ProcessIbsCmd: Writing IBS_WAKE_ACK
09-20 16:49:30.461  1536  3266 I vendor.qti.bluetooth@1.0-ibs_handler: ProcessIbsCmd: Received IBS_SLEEP_IND: 0xFE
09-20 16:49:31.395  2305  2665 D WifiStaIfaceHidlImpl: getCachedScanData is not implemented by HIDL
09-20 16:49:31.418  1536  3269 I vendor.qti.bluetooth@1.0-ibs_handler: DeviceSleep: TX Awake, Sending SLEEP_IND
09-20 16:49:31.419  1536  3269 D vendor.qti.bluetooth@1.0-ibs_handler: SerialClockVote: vote for UART CLK OFF
09-20 16:49:31.580  1536  3065 D vendor.qti.bluetooth@1.0-wake_lock: Release wakelock is released 
09-20 16:49:32.267 20868  5132 W AOSP-MdnsDiscoveryManag: Error while decoding multicast packet (4770): 1 [CONTEXT service_id=168 ]
09-20 16:49:32.269 20868  5132 W AOSP-MdnsDiscoveryManag: Error while decoding multicast packet (4771): 1 [CONTEXT service_id=168 ]
09-20 16:49:30.822     0     0 W healthd : battery l=99 v=4306 t=26.0 h=2 st=2 c=166000 fc=7506000 cc=19 chg=u
09-20 16:49:32.298 13461 22224 D gojni   : magicsock: disco: node [ueFcY] d:0262d193c7ac5c2f now using 192.168.80.20:48844 mtu=1360 tx=377279c2ac6f
09-20 16:49:32.968 13461  2223 D App     : bindSocketToActiveNetwork: binding fd=142 to net=148 iface=wlan0
09-20 16:49:32.969 13461 22234 D gojni   : App: bindSocketToActiveNetwork: binding fd=142 to net=148 iface=wlan0
09-20 16:49:32.975 13461 22241 D App     : bindSocketToActiveNetwork: binding fd=142 to net=148 iface=wlan0
09-20 16:49:32.976 13461 22224 D gojni   : App: bindSocketToActiveNetwork: binding fd=142 to net=148 iface=wlan0
09-20 16:49:33.144 20868 17214 I NearbyMediums: Found Fast Ble Advertisements :
09-20 16:49:33.144 20868 17214 I NearbyMediums: BleAdvertisement { version=2, socketVersion=2, isFast=true, serviceIdHash=null, data=[ 0x23 0x53 0x35 0x4f 0x4d 0x11 0x32 0x19 0x73 0x3a 0x7b 0xdb 0x47 0x89 0xfd 0xc3 0xee 0xd7 0x19 0x6f 0xc7 0x2a 0x7a ], deviceToken=[ 0x7f 0xa7 ], rxAdvertisement=null } : 1 times.
09-20 16:49:33.144 20868 17214 I NearbyMediums: BleAdvertisement { version=2, socketVersion=2, isFast=true, serviceIdHash=null, data=[ 0x23 0x4f 0x4d 0x31 0x56 0x11 0x32 0xb5 0xdf 0x9f 0xd9 0x27 0xa7 0xf1 0x4f 0xba 0xcf 0xbd 0xe0 0x8b 0xbb 0xc0 0x5d ], deviceToken=[ 0x07 0xac ], rxAdvertisement=null } : 1 times.
09-20 16:49:33.144 20868 17214 I NearbyMediums: Total 2 fast advertisements from 2 unique advertisers.
09-20 16:49:33.144 20868 17214 I NearbyMediums: Current Tracked Scanning Clients are : {NearbyConnections.EnvironmentMonitor, NearbySharing, NearbyConnections.TxAdvertisement}
09-20 16:49:33.384 20868  5132 W AOSP-MdnsDiscoveryManag: Error while decoding multicast packet (4772): 1 [CONTEXT service_id=168 ]
09-20 16:49:33.487 20868  5132 W AOSP-MdnsDiscoveryManag: Error while decoding multicast packet (4773): 1 [CONTEXT service_id=168 ]
09-20 16:49:32.814     0     0 E PL_DISABLE: CHG_STATE_VOTER,0 same vote on of val=1
09-20 16:49:32.814     0     0 E PL_DISABLE: CHG_STATE_VOTER,0 Ignoring similar vote on of val=1
09-20 16:49:32.814     0     0 E PL_ENABLE_INDIRECT: USBIN_I_VOTER,0 same vote off of val=0
09-20 16:49:32.814     0     0 E PL_ENABLE_INDIRECT: USBIN_I_VOTER,0 Ignoring similar vote off of val=0
09-20 16:49:32.814     0     0 E PL_DISABLE: PL_FCC_LOW_VOTER,10 same vote off of val=0
09-20 16:49:32.814     0     0 E PL_DISABLE: PL_FCC_LOW_VOTER,10 Ignoring similar vote off of val=0
09-20 16:49:32.814     0     0 E         : ========2222========usb charge===============
09-20 16:49:32.815     0     0 E         : ========2222========usb charge===============
09-20 16:49:32.815     0     0 E USB_ICL_IRQ_DISABLE: USB_SUSPEND_VOTER,0 same vote off of val=0
09-20 16:49:32.815     0     0 E USB_ICL_IRQ_DISABLE: USB_SUSPEND_VOTER,0 Ignoring similar vote off of val=0
09-20 16:49:32.815     0     0 E FCC_MAIN: MAIN_FCC_VOTER,0 same vote on of val=4500000
09-20 16:49:32.815     0     0 E FCC_MAIN: MAIN_FCC_VOTER,0 Ignoring similar vote on of val=4500000
09-20 16:49:32.818     0     0 E PL_DISABLE: ICL_LIMIT_VOTER,9 same vote off of val=0
09-20 16:49:32.818     0     0 E PL_DISABLE: ICL_LIMIT_VOTER,9 Ignoring similar vote off of val=0
09-20 16:49:32.821     0     0 E CHG_DISABLE: JEITA_VOTER,3 same vote off of val=0
09-20 16:49:32.821     0     0 E CHG_DISABLE: JEITA_VOTER,3 Ignoring similar vote off of val=0
09-20 16:49:32.821     0     0 E FCC     : JEITA_VOTER,3 same vote on of val=4500000
09-20 16:49:32.821     0     0 E FCC     : JEITA_VOTER,3 Ignoring similar vote on of val=4500000
09-20 16:49:32.821     0     0 E USB_ICL : JEITA_VOTER,15 same vote off of val=0
09-20 16:49:32.821     0     0 E USB_ICL : JEITA_VOTER,15 Ignoring similar vote off of val=0
09-20 16:49:32.821     0     0 E FV      : JEITA_VOTER,3 same vote on of val=4400000
09-20 16:49:32.821     0     0 E FV      : JEITA_VOTER,3 Ignoring similar vote on of val=4400000
09-20 16:49:32.821     0     0 E FCC     : STEP_CHG_VOTER,4 same vote off of val=0
09-20 16:49:32.821     0     0 E FCC     : STEP_CHG_VOTER,4 Ignoring similar vote off of val=0
09-20 16:49:32.825     0     0 I         : ///PD dbg info 129d
09-20 16:49:32.825     0     0 I <3295493.715>TCPC-TCPC: bat_update_work_func battery update soc = 99
09-20 16:49:32.825     0     0 I <3295493.715>TCPC-TCPC: bat_update_work_func Battery Charging
09-20 16:49:32.833     0     0 E QG-K    : qg_status_change_work: disable health is warm, set fv to 4200000
09-20 16:49:32.833     0     0 E FV      : ADJUST_FV_VOTER,4 same vote off of val=0
09-20 16:49:32.833     0     0 E FV      : ADJUST_FV_VOTER,4 Ignoring similar vote off of val=0
09-20 16:49:32.902     0     0 W healthd : battery l=99 v=4305 t=25.9 h=2 st=2 c=176000 fc=7506000 cc=19 chg=u
09-20 16:49:34.425  2305  2665 D WifiStaIfaceHidlImpl: getCachedScanData is not implemented by HIDL
09-20 16:49:35.883  1536  3266 I vendor.qti.bluetooth@1.0-ibs_handler: ProcessIbsCmd: Received IBS_WAKE_IND: 0xFD
09-20 16:49:35.883  1536  3266 D vendor.qti.bluetooth@1.0-ibs_handler: SerialClockVote: vote for UART CLK ON
09-20 16:49:35.885  1536  3266 D vendor.qti.bluetooth@1.0-wake_lock: Acquire wakelock is acquired 
09-20 16:49:35.885  1536  3266 I vendor.qti.bluetooth@1.0-ibs_handler: ProcessIbsCmd: Writing IBS_WAKE_ACK
09-20 16:49:35.927  1536  3266 I vendor.qti.bluetooth@1.0-ibs_handler: ProcessIbsCmd: Received IBS_SLEEP_IND: 0xFE
09-20 16:49:35.927  1536  3266 D vendor.qti.bluetooth@1.0-ibs_handler: SerialClockVote: vote for UART CLK OFF
09-20 16:49:36.078  1536  3065 D vendor.qti.bluetooth@1.0-wake_lock: Release wakelock is released 
09-20 16:49:37.448  2305  2665 D WifiStaIfaceHidlImpl: getCachedScanData is not implemented by HIDL
09-20 16:49:38.456  1536  3266 I vendor.qti.bluetooth@1.0-ibs_handler: ProcessIbsCmd: Received IBS_WAKE_IND: 0xFD
09-20 16:49:38.456  1536  3266 D vendor.qti.bluetooth@1.0-ibs_handler: SerialClockVote: vote for UART CLK ON
09-20 16:49:38.459  1536  3266 D vendor.qti.bluetooth@1.0-wake_lock: Acquire wakelock is acquired 
09-20 16:49:38.459  1536  3266 I vendor.qti.bluetooth@1.0-ibs_handler: ProcessIbsCmd: Writing IBS_WAKE_ACK
09-20 16:49:38.502  1536  3266 I vendor.qti.bluetooth@1.0-ibs_handler: ProcessIbsCmd: Received IBS_SLEEP_IND: 0xFE
09-20 16:49:38.502  1536  3266 D vendor.qti.bluetooth@1.0-ibs_handler: SerialClockVote: vote for UART CLK OFF
09-20 16:49:38.653  1536  3065 D vendor.qti.bluetooth@1.0-wake_lock: Release wakelock is released 
09-20 16:49:39.032 13461 22241 D gojni   : open-conn-track: flow TCP (TCP 100.110.86.15:39706 => 100.106.234.121:8765) got RST by peer
09-20 16:49:39.425  2305  2675 V serviceDiscovery: [MdnsAdvertiser.wlan0] VERBOSE Parsed packet with transactionId(126): 1 questions, 0 answers, 0 authority, 0 additional from /192.168.80.35:5353
09-20 16:49:39.426 20868  5132 W AOSP-MdnsDiscoveryManag: Error while decoding multicast packet (4774): 1 [CONTEXT service_id=168 ]
09-20 16:49:39.529 20868  5132 W AOSP-MdnsDiscoveryManag: Error while decoding multicast packet (4775): 1 [CONTEXT service_id=168 ]
09-20 16:49:39.533  2305  2675 V serviceDiscovery: [MdnsAdvertiser.wlan0] VERBOSE Parsed packet with transactionId(126): 1 questions, 0 answers, 0 authority, 0 additional from /[fe80::a844:71ff:fe70:1823%wlan0]:5353
09-20 16:49:39.889  1536  3266 I vendor.qti.bluetooth@1.0-ibs_handler: ProcessIbsCmd: Received IBS_WAKE_IND: 0xFD
09-20 16:49:39.889  1536  3266 D vendor.qti.bluetooth@1.0-ibs_handler: SerialClockVote: vote for UART CLK ON
09-20 16:49:39.894  1536  3266 D vendor.qti.bluetooth@1.0-wake_lock: Acquire wakelock is acquired 
09-20 16:49:39.894  1536  3266 I vendor.qti.bluetooth@1.0-ibs_handler: ProcessIbsCmd: Writing IBS_WAKE_ACK
09-20 16:49:39.936  1536  3266 I vendor.qti.bluetooth@1.0-ibs_handler: ProcessIbsCmd: Received IBS_SLEEP_IND: 0xFE
09-20 16:49:39.936  1536  3266 D vendor.qti.bluetooth@1.0-ibs_handler: SerialClockVote: vote for UART CLK OFF
09-20 16:49:40.087  1536  3065 D vendor.qti.bluetooth@1.0-wake_lock: Release wakelock is released 
09-20 16:49:40.481  2305  2665 D WifiStaIfaceHidlImpl: getCachedScanData is not implemented by HIDL
09-20 16:49:41.154  1536  3266 I vendor.qti.bluetooth@1.0-ibs_handler: ProcessIbsCmd: Received IBS_WAKE_IND: 0xFD
09-20 16:49:41.154  1536  3266 D vendor.qti.bluetooth@1.0-ibs_handler: SerialClockVote: vote for UART CLK ON
09-20 16:49:41.157  1536  3266 D vendor.qti.bluetooth@1.0-wake_lock: Acquire wakelock is acquired 
09-20 16:49:41.157  1536  3266 I vendor.qti.bluetooth@1.0-ibs_handler: ProcessIbsCmd: Writing IBS_WAKE_ACK
09-20 16:49:41.200  1536  3266 I vendor.qti.bluetooth@1.0-ibs_handler: ProcessIbsCmd: Received IBS_SLEEP_IND: 0xFE
09-20 16:49:41.200  1536  3266 D vendor.qti.bluetooth@1.0-ibs_handler: SerialClockVote: vote for UART CLK OFF
09-20 16:49:41.351  1536  3065 D vendor.qti.bluetooth@1.0-wake_lock: Release wakelock is released 
09-20 16:49:40.960     0     0 E PL_DISABLE: CHG_STATE_VOTER,0 same vote on of val=1
09-20 16:49:40.960     0     0 E PL_DISABLE: CHG_STATE_VOTER,0 Ignoring similar vote on of val=1
09-20 16:49:40.960     0     0 E PL_ENABLE_INDIRECT: USBIN_I_VOTER,0 same vote off of val=0
09-20 16:49:40.960     0     0 E PL_ENABLE_INDIRECT: USBIN_I_VOTER,0 Ignoring similar vote off of val=0
09-20 16:49:40.960     0     0 E PL_DISABLE: PL_FCC_LOW_VOTER,10 same vote off of val=0
09-20 16:49:40.960     0     0 E PL_DISABLE: PL_FCC_LOW_VOTER,10 Ignoring similar vote off of val=0
09-20 16:49:40.960     0     0 E         : ========2222========usb charge===============
09-20 16:49:40.960     0     0 E         : ========2222========usb charge===============
09-20 16:49:40.960     0     0 E USB_ICL_IRQ_DISABLE: USB_SUSPEND_VOTER,0 same vote off of val=0
09-20 16:49:40.960     0     0 E USB_ICL_IRQ_DISABLE: USB_SUSPEND_VOTER,0 Ignoring similar vote off of val=0
09-20 16:49:40.960     0     0 E FCC_MAIN: MAIN_FCC_VOTER,0 same vote on of val=4500000
09-20 16:49:40.960     0     0 E FCC_MAIN: MAIN_FCC_VOTER,0 Ignoring similar vote on of val=4500000
09-20 16:49:40.963     0     0 E PL_DISABLE: ICL_LIMIT_VOTER,9 same vote off of val=0
09-20 16:49:40.963     0     0 E PL_DISABLE: ICL_LIMIT_VOTER,9 Ignoring similar vote off of val=0
09-20 16:49:40.967     0     0 E CHG_DISABLE: JEITA_VOTER,3 same vote off of val=0
09-20 16:49:40.967     0     0 E CHG_DISABLE: JEITA_VOTER,3 Ignoring similar vote off of val=0
09-20 16:49:40.967     0     0 E FCC     : JEITA_VOTER,3 same vote on of val=4500000
09-20 16:49:40.967     0     0 E FCC     : JEITA_VOTER,3 Ignoring similar vote on of val=4500000
09-20 16:49:40.967     0     0 E USB_ICL : JEITA_VOTER,15 same vote off of val=0
09-20 16:49:40.967     0     0 E USB_ICL : JEITA_VOTER,15 Ignoring similar vote off of val=0
09-20 16:49:40.967     0     0 E FV      : JEITA_VOTER,3 same vote on of val=4400000
09-20 16:49:40.967     0     0 E FV      : JEITA_VOTER,3 Ignoring similar vote on of val=4400000
09-20 16:49:40.967     0     0 E FCC     : STEP_CHG_VOTER,4 same vote off of val=0
09-20 16:49:40.967     0     0 E FCC     : STEP_CHG_VOTER,4 Ignoring similar vote off of val=0
09-20 16:49:40.974     0     0 I         : ///PD dbg info 129d
09-20 16:49:40.974     0     0 I <3295501.863>TCPC-TCPC: bat_update_work_func battery update soc = 99
09-20 16:49:40.974     0     0 I <3295501.863>TCPC-TCPC: bat_update_work_func Battery Charging
09-20 16:49:40.981     0     0 E QG-K    : qg_status_change_work: disable health is warm, set fv to 4200000
09-20 16:49:40.981     0     0 E FV      : ADJUST_FV_VOTER,4 same vote off of val=0
09-20 16:49:40.981     0     0 E FV      : ADJUST_FV_VOTER,4 Ignoring similar vote off of val=0
09-20 16:49:42.475  1536  3266 I vendor.qti.bluetooth@1.0-ibs_handler: ProcessIbsCmd: Received IBS_WAKE_IND: 0xFD
09-20 16:49:42.476  1536  3266 D vendor.qti.bluetooth@1.0-ibs_handler: SerialClockVote: vote for UART CLK ON
09-20 16:49:42.477  1536  3266 D vendor.qti.bluetooth@1.0-wake_lock: Acquire wakelock is acquired 
09-20 16:49:42.478  1536  3266 I vendor.qti.bluetooth@1.0-ibs_handler: ProcessIbsCmd: Writing IBS_WAKE_ACK
09-20 16:49:41.048     0     0 W healthd : battery l=99 v=4303 t=25.9 h=2 st=2 c=207000 fc=7506000 cc=19 chg=u
09-20 16:49:42.519  1536  3266 I vendor.qti.bluetooth@1.0-ibs_handler: ProcessIbsCmd: Received IBS_SLEEP_IND: 0xFE
09-20 16:49:42.519  1536  3266 D vendor.qti.bluetooth@1.0-ibs_handler: SerialClockVote: vote for UART CLK OFF
09-20 16:49:42.669  1536  3065 D vendor.qti.bluetooth@1.0-wake_lock: Release wakelock is released 
09-20 16:49:43.147 20868 17214 I NearbyMediums: Found Fast Ble Advertisements :
09-20 16:49:43.147 20868 17214 I NearbyMediums: BleAdvertisement { version=2, socketVersion=2, isFast=true, serviceIdHash=null, data=[ 0x23 0x53 0x35 0x4f 0x4d 0x11 0x32 0x19 0x73 0x3a 0x7b 0xdb 0x47 0x89 0xfd 0xc3 0xee 0xd7 0x19 0x6f 0xc7 0x2a 0x7a ], deviceToken=[ 0x7f 0xa7 ], rxAdvertisement=null } : 4 times.
09-20 16:49:43.147 20868 17214 I NearbyMediums: BleAdvertisement { version=2, socketVersion=2, isFast=true, serviceIdHash=null, data=[ 0x23 0x4f 0x4d 0x31 0x56 0x11 0x32 0xb5 0xdf 0x9f 0xd9 0x27 0xa7 0xf1 0x4f 0xba 0xcf 0xbd 0xe0 0x8b 0xbb 0xc0 0x5d ], deviceToken=[ 0x07 0xac ], rxAdvertisement=null } : 1 times.
09-20 16:49:43.147 20868 17214 I NearbyMediums: Total 5 fast advertisements from 2 unique advertisers.
09-20 16:49:43.147 20868 17214 I NearbyMediums: Current Tracked Scanning Clients are : {NearbyConnections.EnvironmentMonitor, NearbySharing, NearbyConnections.TxAdvertisement}
09-20 16:49:43.519  2305  2665 D WifiStaIfaceHidlImpl: getCachedScanData is not implemented by HIDL
09-20 16:49:46.175  1536  3266 I vendor.qti.bluetooth@1.0-ibs_handler: ProcessIbsCmd: Received IBS_WAKE_IND: 0xFD
09-20 16:49:46.175  1536  3266 D vendor.qti.bluetooth@1.0-ibs_handler: SerialClockVote: vote for UART CLK ON
09-20 16:49:46.179  1536  3266 D vendor.qti.bluetooth@1.0-wake_lock: Acquire wakelock is acquired 
09-20 16:49:46.179  1536  3266 I vendor.qti.bluetooth@1.0-ibs_handler: ProcessIbsCmd: Writing IBS_WAKE_ACK
09-20 16:49:46.221  1536  3266 I vendor.qti.bluetooth@1.0-ibs_handler: ProcessIbsCmd: Received IBS_SLEEP_IND: 0xFE
09-20 16:49:46.221  1536  3266 D vendor.qti.bluetooth@1.0-ibs_handler: SerialClockVote: vote for UART CLK OFF
09-20 16:49:46.372  1536  3065 D vendor.qti.bluetooth@1.0-wake_lock: Release wakelock is released 
09-20 16:49:46.556  2305  2665 D WifiStaIfaceHidlImpl: getCachedScanData is not implemented by HIDL
09-20 16:49:47.600  1536  3266 I vendor.qti.bluetooth@1.0-ibs_handler: ProcessIbsCmd: Received IBS_WAKE_IND: 0xFD
09-20 16:49:47.600  1536  3266 D vendor.qti.bluetooth@1.0-ibs_handler: SerialClockVote: vote for UART CLK ON
09-20 16:49:47.603  1536  3266 D vendor.qti.bluetooth@1.0-wake_lock: Acquire wakelock is acquired 
09-20 16:49:47.603  1536  3266 I vendor.qti.bluetooth@1.0-ibs_handler: ProcessIbsCmd: Writing IBS_WAKE_ACK
09-20 16:49:47.645  1536  3266 I vendor.qti.bluetooth@1.0-ibs_handler: ProcessIbsCmd: Received IBS_SLEEP_IND: 0xFE
09-20 16:49:47.645  1536  3266 D vendor.qti.bluetooth@1.0-ibs_handler: SerialClockVote: vote for UART CLK OFF
09-20 16:49:47.796  1536  3065 D vendor.qti.bluetooth@1.0-wake_lock: Release wakelock is released 
09-20 16:49:49.597  2305  2665 D WifiStaIfaceHidlImpl: getCachedScanData is not implemented by HIDL
09-20 16:49:49.105     0     0 E PL_DISABLE: CHG_STATE_VOTER,0 same vote on of val=1
09-20 16:49:49.105     0     0 E PL_DISABLE: CHG_STATE_VOTER,0 Ignoring similar vote on of val=1
09-20 16:49:49.105     0     0 E PL_ENABLE_INDIRECT: USBIN_I_VOTER,0 same vote off of val=0
09-20 16:49:49.105     0     0 E PL_ENABLE_INDIRECT: USBIN_I_VOTER,0 Ignoring similar vote off of val=0
09-20 16:49:49.105     0     0 E PL_DISABLE: PL_FCC_LOW_VOTER,10 same vote off of val=0
09-20 16:49:49.105     0     0 E PL_DISABLE: PL_FCC_LOW_VOTER,10 Ignoring similar vote off of val=0
09-20 16:49:49.105     0     0 E         : ========2222========usb charge===============
09-20 16:49:49.105     0     0 E         : ========2222========usb charge===============
09-20 16:49:49.106     0     0 E USB_ICL_IRQ_DISABLE: USB_SUSPEND_VOTER,0 same vote off of val=0
09-20 16:49:49.106     0     0 E USB_ICL_IRQ_DISABLE: USB_SUSPEND_VOTER,0 Ignoring similar vote off of val=0
09-20 16:49:49.106     0     0 E FCC_MAIN: MAIN_FCC_VOTER,0 same vote on of val=4500000
09-20 16:49:49.106     0     0 E FCC_MAIN: MAIN_FCC_VOTER,0 Ignoring similar vote on of val=4500000
09-20 16:49:49.108     0     0 E PL_DISABLE: ICL_LIMIT_VOTER,9 same vote off of val=0
09-20 16:49:49.108     0     0 E PL_DISABLE: ICL_LIMIT_VOTER,9 Ignoring similar vote off of val=0
09-20 16:49:49.113     0     0 E CHG_DISABLE: JEITA_VOTER,3 same vote off of val=0
09-20 16:49:49.113     0     0 E CHG_DISABLE: JEITA_VOTER,3 Ignoring similar vote off of val=0
09-20 16:49:49.113     0     0 E FCC     : JEITA_VOTER,3 same vote on of val=4500000
09-20 16:49:49.113     0     0 E FCC     : JEITA_VOTER,3 Ignoring similar vote on of val=4500000
09-20 16:49:49.113     0     0 E USB_ICL : JEITA_VOTER,15 same vote off of val=0
09-20 16:49:49.113     0     0 E USB_ICL : JEITA_VOTER,15 Ignoring similar vote off of val=0
09-20 16:49:49.113     0     0 E FV      : JEITA_VOTER,3 same vote on of val=4400000
09-20 16:49:49.113     0     0 E FV      : JEITA_VOTER,3 Ignoring similar vote on of val=4400000
09-20 16:49:49.113     0     0 E FCC     : STEP_CHG_VOTER,4 same vote off of val=0
09-20 16:49:49.113     0     0 E FCC     : STEP_CHG_VOTER,4 Ignoring similar vote off of val=0
09-20 16:49:49.121     0     0 I         : ///PD dbg info 129d
09-20 16:49:49.121     0     0 I <3295510.011>TCPC-TCPC: bat_update_work_func battery update soc = 99
09-20 16:49:49.121     0     0 I <3295510.011>TCPC-TCPC: bat_update_work_func Battery Charging
09-20 16:49:49.141     0     0 E QG-K    : qg_status_change_work: disable health is warm, set fv to 4200000
09-20 16:49:49.141     0     0 E FV      : ADJUST_FV_VOTER,4 same vote off of val=0
09-20 16:49:49.141     0     0 E FV      : ADJUST_FV_VOTER,4 Ignoring similar vote off of val=0
09-20 16:49:49.191     0     0 W healthd : battery l=99 v=4307 t=25.9 h=2 st=2 c=183000 fc=7506000 cc=19 chg=u
09-20 16:49:52.590  1536  3266 I vendor.qti.bluetooth@1.0-ibs_handler: ProcessIbsCmd: Received IBS_WAKE_IND: 0xFD
09-20 16:49:52.591  1536  3266 D vendor.qti.bluetooth@1.0-ibs_handler: SerialClockVote: vote for UART CLK ON
09-20 16:49:52.593  1536  3266 D vendor.qti.bluetooth@1.0-wake_lock: Acquire wakelock is acquired 
09-20 16:49:52.594  1536  3266 I vendor.qti.bluetooth@1.0-ibs_handler: ProcessIbsCmd: Writing IBS_WAKE_ACK
09-20 16:49:52.633  2305  2665 D WifiStaIfaceHidlImpl: getCachedScanData is not implemented by HIDL
09-20 16:49:52.636  1536  3266 I vendor.qti.bluetooth@1.0-ibs_handler: ProcessIbsCmd: Received IBS_SLEEP_IND: 0xFE
09-20 16:49:52.636  1536  3266 D vendor.qti.bluetooth@1.0-ibs_handler: SerialClockVote: vote for UART CLK OFF
09-20 16:49:52.787  1536  3065 D vendor.qti.bluetooth@1.0-wake_lock: Release wakelock is released 
09-20 16:49:53.151 20868 17214 I NearbyMediums: Found Fast Ble Advertisements :
09-20 16:49:53.151 20868 17214 I NearbyMediums: BleAdvertisement { version=2, socketVersion=2, isFast=true, serviceIdHash=null, data=[ 0x23 0x53 0x35 0x4f 0x4d 0x11 0x32 0x19 0x73 0x3a 0x7b 0xdb 0x47 0x89 0xfd 0xc3 0xee 0xd7 0x19 0x6f 0xc7 0x2a 0x7a ], deviceToken=[ 0x7f 0xa7 ], rxAdvertisement=null } : 2 times.
09-20 16:49:53.151 20868 17214 I NearbyMediums: BleAdvertisement { version=2, socketVersion=2, isFast=true, serviceIdHash=null, data=[ 0x23 0x4f 0x4d 0x31 0x56 0x11 0x32 0xb5 0xdf 0x9f 0xd9 0x27 0xa7 0xf1 0x4f 0xba 0xcf 0xbd 0xe0 0x8b 0xbb 0xc0 0x5d ], deviceToken=[ 0x07 0xac ], rxAdvertisement=null } : 1 times.
09-20 16:49:53.151 20868 17214 I NearbyMediums: Total 3 fast advertisements from 2 unique advertisers.
09-20 16:49:53.151 20868 17214 I NearbyMediums: Current Tracked Scanning Clients are : {NearbyConnections.EnvironmentMonitor, NearbySharing, NearbyConnections.TxAdvertisement}
09-20 16:49:53.897  1536  3266 I vendor.qti.bluetooth@1.0-ibs_handler: ProcessIbsCmd: Received IBS_WAKE_IND: 0xFD
09-20 16:49:53.898  1536  3266 D vendor.qti.bluetooth@1.0-ibs_handler: SerialClockVote: vote for UART CLK ON
09-20 16:49:53.901  1536  3266 D vendor.qti.bluetooth@1.0-wake_lock: Acquire wakelock is acquired 
09-20 16:49:53.901  1536  3266 I vendor.qti.bluetooth@1.0-ibs_handler: ProcessIbsCmd: Writing IBS_WAKE_ACK
09-20 16:49:53.944  1536  3266 I vendor.qti.bluetooth@1.0-ibs_handler: ProcessIbsCmd: Received IBS_SLEEP_IND: 0xFE
09-20 16:49:53.944  1536  3266 D vendor.qti.bluetooth@1.0-ibs_handler: SerialClockVote: vote for UART CLK OFF
09-20 16:49:54.095  1536  3065 D vendor.qti.bluetooth@1.0-wake_lock: Release wakelock is released 
09-20 16:49:54.437 13461 22241 D App     : bindSocketToActiveNetwork: binding fd=142 to net=148 iface=wlan0
09-20 16:49:54.438 13461 22224 D gojni   : App: bindSocketToActiveNetwork: binding fd=142 to net=148 iface=wlan0
09-20 16:49:54.444 13461 22217 D App     : bindSocketToActiveNetwork: binding fd=142 to net=148 iface=wlan0
09-20 16:49:54.445 13461  2223 D gojni   : App: bindSocketToActiveNetwork: binding fd=142 to net=148 iface=wlan0
09-20 16:49:55.671  2305  2665 D WifiStaIfaceHidlImpl: getCachedScanData is not implemented by HIDL
